2026-08-31 08:02:32.163 
Warning: the config option 'server.enableCORS=false' is not compatible with
'server.enableXsrfProtection=true'.
As a result, 'server.enableCORS' is being overridden to 'true'.

More information:
In order to protect against CSRF attacks, we send a cookie with each request.
To do so, we must specify allowable origins, which places a restriction on
cross-origin resource sharing.

If cross origin resource sharing is required, please disable server.enableXsrfProtection.
            
2026-08-31 08:02:32.312 Uvicorn server started on 127.0.0.1:8502

  You can now view your Streamlit app in your browser.

  URL: http://127.0.0.1:8502

  For better performance, install the Watchdog module:

  $ xcode-select --install
  $ pip install watchdog
            
2026-08-31 08:02:39.492 Please replace `use_container_width` with `width`.

`use_container_width` will be removed after 2025-12-31.

For `use_container_width=True`, use `width='stretch'`. For `use_container_width=False`, use `width='content'`.
2026-08-31 08:02:39.506 Please replace `use_container_width` with `width`.

`use_container_width` will be removed after 2025-12-31.

For `use_container_width=True`, use `width='stretch'`. For `use_container_width=False`, use `width='content'`.
2026-08-31 08:02:40.231 Please replace `use_container_width` with `width`.

`use_container_width` will be removed after 2025-12-31.

For `use_container_width=True`, use `width='stretch'`. For `use_container_width=False`, use `width='content'`.
2026-08-31 08:03:13.225 Please replace `use_container_width` with `width`.

`use_container_width` will be removed after 2025-12-31.

For `use_container_width=True`, use `width='stretch'`. For `use_container_width=False`, use `width='content'`.
2026-08-31 08:03:13.244 Please replace `use_container_width` with `width`.

`use_container_width` will be removed after 2025-12-31.

For `use_container_width=True`, use `width='stretch'`. For `use_container_width=False`, use `width='content'`.
2026-08-31 08:03:13.762 Please replace `use_container_width` with `width`.

`use_container_width` will be removed after 2025-12-31.

For `use_container_width=True`, use `width='stretch'`. For `use_container_width=False`, use `width='content'`.
2026-08-31 08:03:21.302 Please replace `st.components.v1.html` with `st.iframe`.

`st.components.v1.html` will be removed after 2026-06-01.
2026-08-31 08:03:31.840 Please replace `st.components.v1.html` with `st.iframe`.

`st.components.v1.html` will be removed after 2026-06-01.
2026-08-31 08:03:38.640 Please replace `st.components.v1.html` with `st.iframe`.

`st.components.v1.html` will be removed after 2026-06-01.
2026-08-31 08:03:43.255 Please replace `st.components.v1.html` with `st.iframe`.

`st.components.v1.html` will be removed after 2026-06-01.
2026-08-31 08:03:46.212 Please replace `st.components.v1.html` with `st.iframe`.

`st.components.v1.html` will be removed after 2026-06-01.
2026-08-31 08:04:25.875 
Warning: the config option 'server.enableCORS=false' is not compatible with
'server.enableXsrfProtection=true'.
As a result, 'server.enableCORS' is being overridden to 'true'.

More information:
In order to protect against CSRF attacks, we send a cookie with each request.
To do so, we must specify allowable origins, which places a restriction on
cross-origin resource sharing.

If cross origin resource sharing is required, please disable server.enableXsrfProtection.
            
2026-08-31 08:04:26.018 Uvicorn server started on 127.0.0.1:8502

  You can now view your Streamlit app in your browser.

  URL: http://127.0.0.1:8502

  For better performance, install the Watchdog module:

  $ xcode-select --install
  $ pip install watchdog
            
2026-08-31 08:04:32.889 Please replace `use_container_width` with `width`.

`use_container_width` will be removed after 2025-12-31.

For `use_container_width=True`, use `width='stretch'`. For `use_container_width=False`, use `width='content'`.
2026-08-31 08:04:32.898 Please replace `use_container_width` with `width`.

`use_container_width` will be removed after 2025-12-31.

For `use_container_width=True`, use `width='stretch'`. For `use_container_width=False`, use `width='content'`.
2026-08-31 08:04:33.332 Please replace `use_container_width` with `width`.

`use_container_width` will be removed after 2025-12-31.

For `use_container_width=True`, use `width='stretch'`. For `use_container_width=False`, use `width='content'`.
2026-08-31 08:04:43.818 Please replace `use_container_width` with `width`.

`use_container_width` will be removed after 2025-12-31.

For `use_container_width=True`, use `width='stretch'`. For `use_container_width=False`, use `width='content'`.
2026-08-31 08:04:43.822 Please replace `use_container_width` with `width`.

`use_container_width` will be removed after 2025-12-31.

For `use_container_width=True`, use `width='stretch'`. For `use_container_width=False`, use `width='content'`.
2026-08-31 08:04:44.069 Please replace `use_container_width` with `width`.

`use_container_width` will be removed after 2025-12-31.

For `use_container_width=True`, use `width='stretch'`. For `use_container_width=False`, use `width='content'`.
2026-08-31 08:04:52.525 Please replace `st.components.v1.html` with `st.iframe`.

`st.components.v1.html` will be removed after 2026-06-01.
2026-08-31 08:04:55.548 Please replace `st.components.v1.html` with `st.iframe`.

`st.components.v1.html` will be removed after 2026-06-01.
2026-08-31 08:05:00.754 Please replace `st.components.v1.html` with `st.iframe`.

`st.components.v1.html` will be removed after 2026-06-01.
2026-08-31 08:05:03.567 Please replace `st.components.v1.html` with `st.iframe`.

`st.components.v1.html` will be removed after 2026-06-01.
2026-08-31 08:05:07.648 Please replace `st.components.v1.html` with `st.iframe`.

`st.components.v1.html` will be removed after 2026-06-01.
2026-08-31 08:05:15.096 Please replace `st.components.v1.html` with `st.iframe`.

`st.components.v1.html` will be removed after 2026-06-01.
2026-08-31 08:05:15.245 Please replace `st.components.v1.html` with `st.iframe`.

`st.components.v1.html` will be removed after 2026-06-01.
2026-08-31 08:05:15.435 Please replace `st.components.v1.html` with `st.iframe`.

`st.components.v1.html` will be removed after 2026-06-01.
2026-08-31 08:05:15.518 Please replace `st.components.v1.html` with `st.iframe`.

`st.components.v1.html` will be removed after 2026-06-01.
2026-08-31 08:05:18.282 Please replace `st.components.v1.html` with `st.iframe`.

`st.components.v1.html` will be removed after 2026-06-01.
2026-08-31 08:05:19.600 Please replace `st.components.v1.html` with `st.iframe`.

`st.components.v1.html` will be removed after 2026-06-01.
2026-08-31 08:05:27.900 Please replace `st.components.v1.html` with `st.iframe`.

`st.components.v1.html` will be removed after 2026-06-01.
2026-08-31 08:05:39.153 Please replace `use_container_width` with `width`.

`use_container_width` will be removed after 2025-12-31.

For `use_container_width=True`, use `width='stretch'`. For `use_container_width=False`, use `width='content'`.
2026-08-31 08:05:39.161 Please replace `use_container_width` with `width`.

`use_container_width` will be removed after 2025-12-31.

For `use_container_width=True`, use `width='stretch'`. For `use_container_width=False`, use `width='content'`.
2026-08-31 08:05:39.388 Please replace `use_container_width` with `width`.

`use_container_width` will be removed after 2025-12-31.

For `use_container_width=True`, use `width='stretch'`. For `use_container_width=False`, use `width='content'`.
2026-08-31 08:06:19.348 Please replace `st.components.v1.html` with `st.iframe`.

`st.components.v1.html` will be removed after 2026-06-01.
2026-08-31 08:06:22.493 Please replace `st.components.v1.html` with `st.iframe`.

`st.components.v1.html` will be removed after 2026-06-01.
2026-08-31 08:11:27.875 
Warning: the config option 'server.enableCORS=false' is not compatible with
'server.enableXsrfProtection=true'.
As a result, 'server.enableCORS' is being overridden to 'true'.

More information:
In order to protect against CSRF attacks, we send a cookie with each request.
To do so, we must specify allowable origins, which places a restriction on
cross-origin resource sharing.

If cross origin resource sharing is required, please disable server.enableXsrfProtection.
            
2026-08-31 08:11:28.020 Uvicorn server started on 127.0.0.1:8502

  You can now view your Streamlit app in your browser.

  URL: http://127.0.0.1:8502

  For better performance, install the Watchdog module:

  $ xcode-select --install
  $ pip install watchdog
            
2026-08-31 08:11:35.883 Please replace `use_container_width` with `width`.

`use_container_width` will be removed after 2025-12-31.

For `use_container_width=True`, use `width='stretch'`. For `use_container_width=False`, use `width='content'`.
2026-08-31 08:11:35.930 Please replace `use_container_width` with `width`.

`use_container_width` will be removed after 2025-12-31.

For `use_container_width=True`, use `width='stretch'`. For `use_container_width=False`, use `width='content'`.
2026-08-31 08:11:36.397 Please replace `use_container_width` with `width`.

`use_container_width` will be removed after 2025-12-31.

For `use_container_width=True`, use `width='stretch'`. For `use_container_width=False`, use `width='content'`.
2026-08-31 08:11:45.049 Please replace `use_container_width` with `width`.

`use_container_width` will be removed after 2025-12-31.

For `use_container_width=True`, use `width='stretch'`. For `use_container_width=False`, use `width='content'`.
2026-08-31 08:11:45.055 Please replace `use_container_width` with `width`.

`use_container_width` will be removed after 2025-12-31.

For `use_container_width=True`, use `width='stretch'`. For `use_container_width=False`, use `width='content'`.
2026-08-31 08:11:45.440 Please replace `use_container_width` with `width`.

`use_container_width` will be removed after 2025-12-31.

For `use_container_width=True`, use `width='stretch'`. For `use_container_width=False`, use `width='content'`.
2026-08-31 08:11:59.984 Please replace `st.components.v1.html` with `st.iframe`.

`st.components.v1.html` will be removed after 2026-06-01.
2026-08-31 08:12:04.107 Please replace `st.components.v1.html` with `st.iframe`.

`st.components.v1.html` will be removed after 2026-06-01.
2026-08-31 08:12:12.208 Please replace `st.components.v1.html` with `st.iframe`.

`st.components.v1.html` will be removed after 2026-06-01.
2026-08-31 08:12:16.526 Please replace `st.components.v1.html` with `st.iframe`.

`st.components.v1.html` will be removed after 2026-06-01.
2026-08-31 08:12:20.143 Please replace `st.components.v1.html` with `st.iframe`.

`st.components.v1.html` will be removed after 2026-06-01.
2026-08-31 08:12:26.978 Please replace `st.components.v1.html` with `st.iframe`.

`st.components.v1.html` will be removed after 2026-06-01.
2026-08-31 08:12:37.226 Please replace `st.components.v1.html` with `st.iframe`.

`st.components.v1.html` will be removed after 2026-06-01.
2026-08-31 08:12:37.507 Please replace `use_container_width` with `width`.

`use_container_width` will be removed after 2025-12-31.

For `use_container_width=True`, use `width='stretch'`. For `use_container_width=False`, use `width='content'`.
2026-08-31 08:12:37.515 Please replace `use_container_width` with `width`.

`use_container_width` will be removed after 2025-12-31.

For `use_container_width=True`, use `width='stretch'`. For `use_container_width=False`, use `width='content'`.
2026-08-31 08:12:37.788 Please replace `use_container_width` with `width`.

`use_container_width` will be removed after 2025-12-31.

For `use_container_width=True`, use `width='stretch'`. For `use_container_width=False`, use `width='content'`.
2026-08-31 08:12:46.868 Please replace `st.components.v1.html` with `st.iframe`.

`st.components.v1.html` will be removed after 2026-06-01.
2026-08-31 08:12:46.952 Please replace `st.components.v1.html` with `st.iframe`.

`st.components.v1.html` will be removed after 2026-06-01.
2026-08-31 08:12:48.911 Please replace `st.components.v1.html` with `st.iframe`.

`st.components.v1.html` will be removed after 2026-06-01.
2026-08-31 08:12:48.997 Please replace `st.components.v1.html` with `st.iframe`.

`st.components.v1.html` will be removed after 2026-06-01.
2026-08-31 08:12:50.221 Please replace `st.components.v1.html` with `st.iframe`.

`st.components.v1.html` will be removed after 2026-06-01.
2026-08-31 08:12:50.305 Please replace `st.components.v1.html` with `st.iframe`.

`st.components.v1.html` will be removed after 2026-06-01.
2026-08-31 08:12:53.444 Please replace `st.components.v1.html` with `st.iframe`.

`st.components.v1.html` will be removed after 2026-06-01.
2026-08-31 08:12:57.358 Please replace `st.components.v1.html` with `st.iframe`.

`st.components.v1.html` will be removed after 2026-06-01.
2026-08-31 08:12:57.441 Please replace `st.components.v1.html` with `st.iframe`.

`st.components.v1.html` will be removed after 2026-06-01.
2026-08-31 08:13:02.581 Please replace `st.components.v1.html` with `st.iframe`.

`st.components.v1.html` will be removed after 2026-06-01.
2026-08-31 08:13:02.654 Please replace `st.components.v1.html` with `st.iframe`.

`st.components.v1.html` will be removed after 2026-06-01.
2026-08-31 08:13:07.368 Please replace `st.components.v1.html` with `st.iframe`.

`st.components.v1.html` will be removed after 2026-06-01.
2026-08-31 08:13:07.484 Please replace `st.components.v1.html` with `st.iframe`.

`st.components.v1.html` will be removed after 2026-06-01.
2026-08-31 08:13:08.931 Please replace `st.components.v1.html` with `st.iframe`.

`st.components.v1.html` will be removed after 2026-06-01.
2026-08-31 08:13:10.065 Please replace `st.components.v1.html` with `st.iframe`.

`st.components.v1.html` will be removed after 2026-06-01.
2026-08-31 08:13:25.796 Please replace `st.components.v1.html` with `st.iframe`.

`st.components.v1.html` will be removed after 2026-06-01.
2026-08-31 08:13:25.879 Please replace `st.components.v1.html` with `st.iframe`.

`st.components.v1.html` will be removed after 2026-06-01.
2026-08-31 08:13:34.640 Please replace `st.components.v1.html` with `st.iframe`.

`st.components.v1.html` will be removed after 2026-06-01.
2026-08-31 08:13:34.720 Please replace `st.components.v1.html` with `st.iframe`.

`st.components.v1.html` will be removed after 2026-06-01.
2026-08-31 08:14:35.870 Please replace `st.components.v1.html` with `st.iframe`.

`st.components.v1.html` will be removed after 2026-06-01.
2026-08-31 08:14:36.356 Please replace `st.components.v1.html` with `st.iframe`.

`st.components.v1.html` will be removed after 2026-06-01.
2026-08-31 08:14:36.433 Please replace `st.components.v1.html` with `st.iframe`.

`st.components.v1.html` will be removed after 2026-06-01.
2026-08-31 08:14:36.917 Please replace `st.components.v1.html` with `st.iframe`.

`st.components.v1.html` will be removed after 2026-06-01.
2026-08-31 08:14:37.102 Please replace `st.components.v1.html` with `st.iframe`.

`st.components.v1.html` will be removed after 2026-06-01.
2026-08-31 08:14:37.238 Please replace `st.components.v1.html` with `st.iframe`.

`st.components.v1.html` will be removed after 2026-06-01.
2026-08-31 08:14:37.418 Please replace `st.components.v1.html` with `st.iframe`.

`st.components.v1.html` will be removed after 2026-06-01.
2026-08-31 08:14:37.587 Please replace `st.components.v1.html` with `st.iframe`.

`st.components.v1.html` will be removed after 2026-06-01.
2026-08-31 08:14:37.770 Please replace `st.components.v1.html` with `st.iframe`.

`st.components.v1.html` will be removed after 2026-06-01.
2026-08-31 08:14:37.918 Please replace `st.components.v1.html` with `st.iframe`.

`st.components.v1.html` will be removed after 2026-06-01.
2026-08-31 08:14:38.069 Please replace `st.components.v1.html` with `st.iframe`.

`st.components.v1.html` will be removed after 2026-06-01.
2026-08-31 08:14:38.202 Please replace `st.components.v1.html` with `st.iframe`.

`st.components.v1.html` will be removed after 2026-06-01.
2026-08-31 08:14:38.394 Please replace `st.components.v1.html` with `st.iframe`.

`st.components.v1.html` will be removed after 2026-06-01.
2026-08-31 08:14:38.535 Please replace `st.components.v1.html` with `st.iframe`.

`st.components.v1.html` will be removed after 2026-06-01.
2026-08-31 08:14:39.685 Please replace `st.components.v1.html` with `st.iframe`.

`st.components.v1.html` will be removed after 2026-06-01.
2026-08-31 08:14:41.522 Please replace `st.components.v1.html` with `st.iframe`.

`st.components.v1.html` will be removed after 2026-06-01.
2026-08-31 08:14:43.063 Please replace `st.components.v1.html` with `st.iframe`.

`st.components.v1.html` will be removed after 2026-06-01.
2026-08-31 08:14:43.195 Please replace `st.components.v1.html` with `st.iframe`.

`st.components.v1.html` will be removed after 2026-06-01.
2026-08-31 08:14:43.243 Please replace `st.components.v1.html` with `st.iframe`.

`st.components.v1.html` will be removed after 2026-06-01.
2026-08-31 08:14:43.350 Please replace `st.components.v1.html` with `st.iframe`.

`st.components.v1.html` will be removed after 2026-06-01.
2026-08-31 08:14:44.489 Please replace `st.components.v1.html` with `st.iframe`.

`st.components.v1.html` will be removed after 2026-06-01.
2026-08-31 08:14:44.585 Please replace `st.components.v1.html` with `st.iframe`.

`st.components.v1.html` will be removed after 2026-06-01.
2026-08-31 08:14:44.631 Please replace `st.components.v1.html` with `st.iframe`.

`st.components.v1.html` will be removed after 2026-06-01.
2026-08-31 08:14:44.768 Please replace `st.components.v1.html` with `st.iframe`.

`st.components.v1.html` will be removed after 2026-06-01.
2026-08-31 08:14:44.887 Please replace `st.components.v1.html` with `st.iframe`.

`st.components.v1.html` will be removed after 2026-06-01.
2026-08-31 08:14:45.036 Please replace `st.components.v1.html` with `st.iframe`.

`st.components.v1.html` will be removed after 2026-06-01.
2026-08-31 08:14:45.218 Please replace `st.components.v1.html` with `st.iframe`.

`st.components.v1.html` will be removed after 2026-06-01.
2026-08-31 08:14:45.352 Please replace `st.components.v1.html` with `st.iframe`.

`st.components.v1.html` will be removed after 2026-06-01.
2026-08-31 08:14:45.457 Please replace `st.components.v1.html` with `st.iframe`.

`st.components.v1.html` will be removed after 2026-06-01.
2026-08-31 08:14:46.717 Please replace `st.components.v1.html` with `st.iframe`.

`st.components.v1.html` will be removed after 2026-06-01.
2026-08-31 08:14:47.868 Please replace `st.components.v1.html` with `st.iframe`.

`st.components.v1.html` will be removed after 2026-06-01.
2026-08-31 08:14:48.982 Please replace `st.components.v1.html` with `st.iframe`.

`st.components.v1.html` will be removed after 2026-06-01.
2026-08-31 08:14:51.006 Please replace `st.components.v1.html` with `st.iframe`.

`st.components.v1.html` will be removed after 2026-06-01.
2026-08-31 08:14:52.968 Please replace `st.components.v1.html` with `st.iframe`.

`st.components.v1.html` will be removed after 2026-06-01.
2026-08-31 08:23:22.017 
Warning: the config option 'server.enableCORS=false' is not compatible with
'server.enableXsrfProtection=true'.
As a result, 'server.enableCORS' is being overridden to 'true'.

More information:
In order to protect against CSRF attacks, we send a cookie with each request.
To do so, we must specify allowable origins, which places a restriction on
cross-origin resource sharing.

If cross origin resource sharing is required, please disable server.enableXsrfProtection.
            
2026-08-31 08:23:22.169 Uvicorn server started on 127.0.0.1:8502

  You can now view your Streamlit app in your browser.

  URL: http://127.0.0.1:8502

  For better performance, install the Watchdog module:

  $ xcode-select --install
  $ pip install watchdog
            
2026-08-31 08:23:28.478 Please replace `use_container_width` with `width`.

`use_container_width` will be removed after 2025-12-31.

For `use_container_width=True`, use `width='stretch'`. For `use_container_width=False`, use `width='content'`.
2026-08-31 08:23:28.508 Please replace `use_container_width` with `width`.

`use_container_width` will be removed after 2025-12-31.

For `use_container_width=True`, use `width='stretch'`. For `use_container_width=False`, use `width='content'`.
2026-08-31 08:23:28.832 Please replace `use_container_width` with `width`.

`use_container_width` will be removed after 2025-12-31.

For `use_container_width=True`, use `width='stretch'`. For `use_container_width=False`, use `width='content'`.
2026-08-31 08:23:40.497 Please replace `st.components.v1.html` with `st.iframe`.

`st.components.v1.html` will be removed after 2026-06-01.
2026-08-31 08:23:40.582 Please replace `st.components.v1.html` with `st.iframe`.

`st.components.v1.html` will be removed after 2026-06-01.
2026-08-31 09:48:48.621 
Warning: the config option 'server.enableCORS=false' is not compatible with
'server.enableXsrfProtection=true'.
As a result, 'server.enableCORS' is being overridden to 'true'.

More information:
In order to protect against CSRF attacks, we send a cookie with each request.
To do so, we must specify allowable origins, which places a restriction on
cross-origin resource sharing.

If cross origin resource sharing is required, please disable server.enableXsrfProtection.
            
2026-08-31 09:48:48.771 Uvicorn server started on 127.0.0.1:8502

  You can now view your Streamlit app in your browser.

  URL: http://127.0.0.1:8502

  For better performance, install the Watchdog module:

  $ xcode-select --install
  $ pip install watchdog
            
2026-08-31 09:48:57.390 Please replace `use_container_width` with `width`.

`use_container_width` will be removed after 2025-12-31.

For `use_container_width=True`, use `width='stretch'`. For `use_container_width=False`, use `width='content'`.
2026-08-31 09:48:57.417 Please replace `use_container_width` with `width`.

`use_container_width` will be removed after 2025-12-31.

For `use_container_width=True`, use `width='stretch'`. For `use_container_width=False`, use `width='content'`.
2026-08-31 09:48:58.059 Please replace `use_container_width` with `width`.

`use_container_width` will be removed after 2025-12-31.

For `use_container_width=True`, use `width='stretch'`. For `use_container_width=False`, use `width='content'`.
2026-08-31 09:57:03.165 Please replace `st.components.v1.html` with `st.iframe`.

`st.components.v1.html` will be removed after 2026-06-01.
2026-08-31 09:57:03.612 Please replace `st.components.v1.html` with `st.iframe`.

`st.components.v1.html` will be removed after 2026-06-01.
2026-08-31 09:57:03.741 Please replace `st.components.v1.html` with `st.iframe`.

`st.components.v1.html` will be removed after 2026-06-01.
2026-08-31 09:57:11.670 Please replace `st.components.v1.html` with `st.iframe`.

`st.components.v1.html` will be removed after 2026-06-01.
2026-08-31 09:57:12.979 Please replace `st.components.v1.html` with `st.iframe`.

`st.components.v1.html` will be removed after 2026-06-01.
2026-08-31 09:57:14.208 Please replace `st.components.v1.html` with `st.iframe`.

`st.components.v1.html` will be removed after 2026-06-01.
2026-08-31 09:57:27.084 Please replace `st.components.v1.html` with `st.iframe`.

`st.components.v1.html` will be removed after 2026-06-01.
2026-08-31 09:57:27.262 Please replace `st.components.v1.html` with `st.iframe`.

`st.components.v1.html` will be removed after 2026-06-01.
2026-08-31 10:00:42.248 Please replace `st.components.v1.html` with `st.iframe`.

`st.components.v1.html` will be removed after 2026-06-01.
2026-08-31 10:00:43.967 Please replace `st.components.v1.html` with `st.iframe`.

`st.components.v1.html` will be removed after 2026-06-01.
2026-08-31 10:01:45.387 
Warning: the config option 'server.enableCORS=false' is not compatible with
'server.enableXsrfProtection=true'.
As a result, 'server.enableCORS' is being overridden to 'true'.

More information:
In order to protect against CSRF attacks, we send a cookie with each request.
To do so, we must specify allowable origins, which places a restriction on
cross-origin resource sharing.

If cross origin resource sharing is required, please disable server.enableXsrfProtection.
            
2026-08-31 10:01:45.541 Uvicorn server started on 127.0.0.1:8502

  You can now view your Streamlit app in your browser.

  URL: http://127.0.0.1:8502

  For better performance, install the Watchdog module:

  $ xcode-select --install
  $ pip install watchdog
            
2026-08-31 10:01:53.377 Please replace `use_container_width` with `width`.

`use_container_width` will be removed after 2025-12-31.

For `use_container_width=True`, use `width='stretch'`. For `use_container_width=False`, use `width='content'`.
2026-08-31 10:01:53.401 Please replace `use_container_width` with `width`.

`use_container_width` will be removed after 2025-12-31.

For `use_container_width=True`, use `width='stretch'`. For `use_container_width=False`, use `width='content'`.
2026-08-31 10:01:53.997 Please replace `use_container_width` with `width`.

`use_container_width` will be removed after 2025-12-31.

For `use_container_width=True`, use `width='stretch'`. For `use_container_width=False`, use `width='content'`.
2026-08-31 10:02:05.921 Please replace `st.components.v1.html` with `st.iframe`.

`st.components.v1.html` will be removed after 2026-06-01.
2026-08-31 10:02:06.821 Please replace `st.components.v1.html` with `st.iframe`.

`st.components.v1.html` will be removed after 2026-06-01.
2026-08-31 10:02:06.914 Please replace `st.components.v1.html` with `st.iframe`.

`st.components.v1.html` will be removed after 2026-06-01.
2026-08-31 10:02:12.017 Please replace `st.components.v1.html` with `st.iframe`.

`st.components.v1.html` will be removed after 2026-06-01.
2026-08-31 10:02:12.852 Please replace `st.components.v1.html` with `st.iframe`.

`st.components.v1.html` will be removed after 2026-06-01.
2026-08-31 10:02:14.267 Please replace `st.components.v1.html` with `st.iframe`.

`st.components.v1.html` will be removed after 2026-06-01.
2026-08-31 10:02:15.487 Please replace `st.components.v1.html` with `st.iframe`.

`st.components.v1.html` will be removed after 2026-06-01.
2026-08-31 10:02:21.695 Please replace `st.components.v1.html` with `st.iframe`.

`st.components.v1.html` will be removed after 2026-06-01.
2026-08-31 10:02:30.421 Please replace `st.components.v1.html` with `st.iframe`.

`st.components.v1.html` will be removed after 2026-06-01.
2026-08-31 10:02:30.562 Please replace `st.components.v1.html` with `st.iframe`.

`st.components.v1.html` will be removed after 2026-06-01.
2026-08-31 10:04:37.399 Please replace `st.components.v1.html` with `st.iframe`.

`st.components.v1.html` will be removed after 2026-06-01.
2026-08-31 10:04:40.036 Please replace `st.components.v1.html` with `st.iframe`.

`st.components.v1.html` will be removed after 2026-06-01.
2026-08-31 10:04:40.556 Please replace `st.components.v1.html` with `st.iframe`.

`st.components.v1.html` will be removed after 2026-06-01.
2026-08-31 10:05:12.026 
Warning: the config option 'server.enableCORS=false' is not compatible with
'server.enableXsrfProtection=true'.
As a result, 'server.enableCORS' is being overridden to 'true'.

More information:
In order to protect against CSRF attacks, we send a cookie with each request.
To do so, we must specify allowable origins, which places a restriction on
cross-origin resource sharing.

If cross origin resource sharing is required, please disable server.enableXsrfProtection.
            
2026-08-31 10:05:12.185 Uvicorn server started on 127.0.0.1:8502

  You can now view your Streamlit app in your browser.

  URL: http://127.0.0.1:8502

  For better performance, install the Watchdog module:

  $ xcode-select --install
  $ pip install watchdog
            
2026-08-31 10:05:19.222 Please replace `use_container_width` with `width`.

`use_container_width` will be removed after 2025-12-31.

For `use_container_width=True`, use `width='stretch'`. For `use_container_width=False`, use `width='content'`.
2026-08-31 10:05:19.242 Please replace `use_container_width` with `width`.

`use_container_width` will be removed after 2025-12-31.

For `use_container_width=True`, use `width='stretch'`. For `use_container_width=False`, use `width='content'`.
2026-08-31 10:05:19.640 Please replace `use_container_width` with `width`.

`use_container_width` will be removed after 2025-12-31.

For `use_container_width=True`, use `width='stretch'`. For `use_container_width=False`, use `width='content'`.
2026-08-31 10:05:35.989 Please replace `use_container_width` with `width`.

`use_container_width` will be removed after 2025-12-31.

For `use_container_width=True`, use `width='stretch'`. For `use_container_width=False`, use `width='content'`.
2026-08-31 10:05:35.997 Please replace `use_container_width` with `width`.

`use_container_width` will be removed after 2025-12-31.

For `use_container_width=True`, use `width='stretch'`. For `use_container_width=False`, use `width='content'`.
2026-08-31 10:05:36.371 Please replace `use_container_width` with `width`.

`use_container_width` will be removed after 2025-12-31.

For `use_container_width=True`, use `width='stretch'`. For `use_container_width=False`, use `width='content'`.
2026-08-31 10:05:43.952 Please replace `use_container_width` with `width`.

`use_container_width` will be removed after 2025-12-31.

For `use_container_width=True`, use `width='stretch'`. For `use_container_width=False`, use `width='content'`.
2026-08-31 10:05:43.961 Please replace `use_container_width` with `width`.

`use_container_width` will be removed after 2025-12-31.

For `use_container_width=True`, use `width='stretch'`. For `use_container_width=False`, use `width='content'`.
2026-08-31 10:05:44.191 Please replace `use_container_width` with `width`.

`use_container_width` will be removed after 2025-12-31.

For `use_container_width=True`, use `width='stretch'`. For `use_container_width=False`, use `width='content'`.
2026-08-31 10:05:47.744 Please replace `use_container_width` with `width`.

`use_container_width` will be removed after 2025-12-31.

For `use_container_width=True`, use `width='stretch'`. For `use_container_width=False`, use `width='content'`.
2026-08-31 10:05:47.747 Please replace `use_container_width` with `width`.

`use_container_width` will be removed after 2025-12-31.

For `use_container_width=True`, use `width='stretch'`. For `use_container_width=False`, use `width='content'`.
2026-08-31 10:05:47.964 Please replace `use_container_width` with `width`.

`use_container_width` will be removed after 2025-12-31.

For `use_container_width=True`, use `width='stretch'`. For `use_container_width=False`, use `width='content'`.
2026-08-31 10:05:51.120 Please replace `use_container_width` with `width`.

`use_container_width` will be removed after 2025-12-31.

For `use_container_width=True`, use `width='stretch'`. For `use_container_width=False`, use `width='content'`.
2026-08-31 10:05:51.124 Please replace `use_container_width` with `width`.

`use_container_width` will be removed after 2025-12-31.

For `use_container_width=True`, use `width='stretch'`. For `use_container_width=False`, use `width='content'`.
2026-08-31 10:05:51.340 Please replace `use_container_width` with `width`.

`use_container_width` will be removed after 2025-12-31.

For `use_container_width=True`, use `width='stretch'`. For `use_container_width=False`, use `width='content'`.
2026-08-31 10:05:54.445 Please replace `st.components.v1.html` with `st.iframe`.

`st.components.v1.html` will be removed after 2026-06-01.
2026-08-31 10:05:54.567 Please replace `use_container_width` with `width`.

`use_container_width` will be removed after 2025-12-31.

For `use_container_width=True`, use `width='stretch'`. For `use_container_width=False`, use `width='content'`.
2026-08-31 10:05:54.572 Please replace `use_container_width` with `width`.

`use_container_width` will be removed after 2025-12-31.

For `use_container_width=True`, use `width='stretch'`. For `use_container_width=False`, use `width='content'`.
2026-08-31 10:05:54.774 Please replace `use_container_width` with `width`.

`use_container_width` will be removed after 2025-12-31.

For `use_container_width=True`, use `width='stretch'`. For `use_container_width=False`, use `width='content'`.
2026-08-31 10:06:16.533 Please replace `use_container_width` with `width`.

`use_container_width` will be removed after 2025-12-31.

For `use_container_width=True`, use `width='stretch'`. For `use_container_width=False`, use `width='content'`.
2026-08-31 10:06:16.537 Please replace `use_container_width` with `width`.

`use_container_width` will be removed after 2025-12-31.

For `use_container_width=True`, use `width='stretch'`. For `use_container_width=False`, use `width='content'`.
2026-08-31 10:06:16.810 Please replace `use_container_width` with `width`.

`use_container_width` will be removed after 2025-12-31.

For `use_container_width=True`, use `width='stretch'`. For `use_container_width=False`, use `width='content'`.
2026-08-31 10:06:21.543 Please replace `st.components.v1.html` with `st.iframe`.

`st.components.v1.html` will be removed after 2026-06-01.
2026-08-31 10:06:21.670 Please replace `use_container_width` with `width`.

`use_container_width` will be removed after 2025-12-31.

For `use_container_width=True`, use `width='stretch'`. For `use_container_width=False`, use `width='content'`.
2026-08-31 10:06:21.674 Please replace `use_container_width` with `width`.

`use_container_width` will be removed after 2025-12-31.

For `use_container_width=True`, use `width='stretch'`. For `use_container_width=False`, use `width='content'`.
2026-08-31 10:06:21.882 Please replace `use_container_width` with `width`.

`use_container_width` will be removed after 2025-12-31.

For `use_container_width=True`, use `width='stretch'`. For `use_container_width=False`, use `width='content'`.
2026-08-31 10:06:34.027 Please replace `st.components.v1.html` with `st.iframe`.

`st.components.v1.html` will be removed after 2026-06-01.
2026-08-31 10:06:34.124 Please replace `use_container_width` with `width`.

`use_container_width` will be removed after 2025-12-31.

For `use_container_width=True`, use `width='stretch'`. For `use_container_width=False`, use `width='content'`.
2026-08-31 10:06:34.128 Please replace `use_container_width` with `width`.

`use_container_width` will be removed after 2025-12-31.

For `use_container_width=True`, use `width='stretch'`. For `use_container_width=False`, use `width='content'`.
2026-08-31 10:06:34.381 Please replace `use_container_width` with `width`.

`use_container_width` will be removed after 2025-12-31.

For `use_container_width=True`, use `width='stretch'`. For `use_container_width=False`, use `width='content'`.
2026-08-31 10:06:39.831 Please replace `st.components.v1.html` with `st.iframe`.

`st.components.v1.html` will be removed after 2026-06-01.
2026-08-31 10:06:39.927 Please replace `use_container_width` with `width`.

`use_container_width` will be removed after 2025-12-31.

For `use_container_width=True`, use `width='stretch'`. For `use_container_width=False`, use `width='content'`.
2026-08-31 10:06:39.931 Please replace `use_container_width` with `width`.

`use_container_width` will be removed after 2025-12-31.

For `use_container_width=True`, use `width='stretch'`. For `use_container_width=False`, use `width='content'`.
2026-08-31 10:06:40.220 Please replace `use_container_width` with `width`.

`use_container_width` will be removed after 2025-12-31.

For `use_container_width=True`, use `width='stretch'`. For `use_container_width=False`, use `width='content'`.
2026-08-31 10:06:58.213 Please replace `st.components.v1.html` with `st.iframe`.

`st.components.v1.html` will be removed after 2026-06-01.
2026-08-31 10:06:58.295 Please replace `use_container_width` with `width`.

`use_container_width` will be removed after 2025-12-31.

For `use_container_width=True`, use `width='stretch'`. For `use_container_width=False`, use `width='content'`.
2026-08-31 10:06:58.299 Please replace `use_container_width` with `width`.

`use_container_width` will be removed after 2025-12-31.

For `use_container_width=True`, use `width='stretch'`. For `use_container_width=False`, use `width='content'`.
2026-08-31 10:06:58.513 Please replace `use_container_width` with `width`.

`use_container_width` will be removed after 2025-12-31.

For `use_container_width=True`, use `width='stretch'`. For `use_container_width=False`, use `width='content'`.
2026-08-31 10:07:06.856 Please replace `st.components.v1.html` with `st.iframe`.

`st.components.v1.html` will be removed after 2026-06-01.
2026-08-31 10:07:06.922 Please replace `use_container_width` with `width`.

`use_container_width` will be removed after 2025-12-31.

For `use_container_width=True`, use `width='stretch'`. For `use_container_width=False`, use `width='content'`.
2026-08-31 10:07:06.928 Please replace `use_container_width` with `width`.

`use_container_width` will be removed after 2025-12-31.

For `use_container_width=True`, use `width='stretch'`. For `use_container_width=False`, use `width='content'`.
2026-08-31 10:07:07.141 Please replace `use_container_width` with `width`.

`use_container_width` will be removed after 2025-12-31.

For `use_container_width=True`, use `width='stretch'`. For `use_container_width=False`, use `width='content'`.
2026-08-31 10:07:11.411 Please replace `st.components.v1.html` with `st.iframe`.

`st.components.v1.html` will be removed after 2026-06-01.
2026-08-31 10:07:11.412 Please replace `st.components.v1.html` with `st.iframe`.

`st.components.v1.html` will be removed after 2026-06-01.
2026-08-31 10:07:11.475 Please replace `use_container_width` with `width`.

`use_container_width` will be removed after 2025-12-31.

For `use_container_width=True`, use `width='stretch'`. For `use_container_width=False`, use `width='content'`.
2026-08-31 10:07:11.478 Please replace `use_container_width` with `width`.

`use_container_width` will be removed after 2025-12-31.

For `use_container_width=True`, use `width='stretch'`. For `use_container_width=False`, use `width='content'`.
2026-08-31 10:07:11.682 Please replace `use_container_width` with `width`.

`use_container_width` will be removed after 2025-12-31.

For `use_container_width=True`, use `width='stretch'`. For `use_container_width=False`, use `width='content'`.
2026-08-31 10:08:06.627 Please replace `st.components.v1.html` with `st.iframe`.

`st.components.v1.html` will be removed after 2026-06-01.
2026-08-31 10:08:06.731 Please replace `use_container_width` with `width`.

`use_container_width` will be removed after 2025-12-31.

For `use_container_width=True`, use `width='stretch'`. For `use_container_width=False`, use `width='content'`.
2026-08-31 10:08:06.737 Please replace `use_container_width` with `width`.

`use_container_width` will be removed after 2025-12-31.

For `use_container_width=True`, use `width='stretch'`. For `use_container_width=False`, use `width='content'`.
2026-08-31 10:08:07.005 Please replace `use_container_width` with `width`.

`use_container_width` will be removed after 2025-12-31.

For `use_container_width=True`, use `width='stretch'`. For `use_container_width=False`, use `width='content'`.
2026-08-31 10:08:12.309 Please replace `st.components.v1.html` with `st.iframe`.

`st.components.v1.html` will be removed after 2026-06-01.
2026-08-31 10:08:12.311 Please replace `st.components.v1.html` with `st.iframe`.

`st.components.v1.html` will be removed after 2026-06-01.
2026-08-31 10:08:12.414 Please replace `use_container_width` with `width`.

`use_container_width` will be removed after 2025-12-31.

For `use_container_width=True`, use `width='stretch'`. For `use_container_width=False`, use `width='content'`.
2026-08-31 10:08:12.417 Please replace `use_container_width` with `width`.

`use_container_width` will be removed after 2025-12-31.

For `use_container_width=True`, use `width='stretch'`. For `use_container_width=False`, use `width='content'`.
2026-08-31 10:08:12.620 Please replace `use_container_width` with `width`.

`use_container_width` will be removed after 2025-12-31.

For `use_container_width=True`, use `width='stretch'`. For `use_container_width=False`, use `width='content'`.
2026-08-31 10:09:20.050 Please replace `st.components.v1.html` with `st.iframe`.

`st.components.v1.html` will be removed after 2026-06-01.
2026-08-31 10:09:20.182 Please replace `use_container_width` with `width`.

`use_container_width` will be removed after 2025-12-31.

For `use_container_width=True`, use `width='stretch'`. For `use_container_width=False`, use `width='content'`.
2026-08-31 10:09:20.187 Please replace `use_container_width` with `width`.

`use_container_width` will be removed after 2025-12-31.

For `use_container_width=True`, use `width='stretch'`. For `use_container_width=False`, use `width='content'`.
2026-08-31 10:09:20.483 Please replace `use_container_width` with `width`.

`use_container_width` will be removed after 2025-12-31.

For `use_container_width=True`, use `width='stretch'`. For `use_container_width=False`, use `width='content'`.
2026-08-31 10:09:40.886 Please replace `st.components.v1.html` with `st.iframe`.

`st.components.v1.html` will be removed after 2026-06-01.
2026-08-31 10:09:40.993 Please replace `use_container_width` with `width`.

`use_container_width` will be removed after 2025-12-31.

For `use_container_width=True`, use `width='stretch'`. For `use_container_width=False`, use `width='content'`.
2026-08-31 10:09:40.998 Please replace `use_container_width` with `width`.

`use_container_width` will be removed after 2025-12-31.

For `use_container_width=True`, use `width='stretch'`. For `use_container_width=False`, use `width='content'`.
2026-08-31 10:09:41.212 Please replace `use_container_width` with `width`.

`use_container_width` will be removed after 2025-12-31.

For `use_container_width=True`, use `width='stretch'`. For `use_container_width=False`, use `width='content'`.
2026-08-31 10:12:53.765 
Warning: the config option 'server.enableCORS=false' is not compatible with
'server.enableXsrfProtection=true'.
As a result, 'server.enableCORS' is being overridden to 'true'.

More information:
In order to protect against CSRF attacks, we send a cookie with each request.
To do so, we must specify allowable origins, which places a restriction on
cross-origin resource sharing.

If cross origin resource sharing is required, please disable server.enableXsrfProtection.
            
2026-08-31 10:12:53.919 Uvicorn server started on 127.0.0.1:8502

  You can now view your Streamlit app in your browser.

  URL: http://127.0.0.1:8502

  For better performance, install the Watchdog module:

  $ xcode-select --install
  $ pip install watchdog
            
2026-08-31 10:13:02.145 Please replace `use_container_width` with `width`.

`use_container_width` will be removed after 2025-12-31.

For `use_container_width=True`, use `width='stretch'`. For `use_container_width=False`, use `width='content'`.
2026-08-31 10:13:02.165 Please replace `use_container_width` with `width`.

`use_container_width` will be removed after 2025-12-31.

For `use_container_width=True`, use `width='stretch'`. For `use_container_width=False`, use `width='content'`.
2026-08-31 10:13:02.536 Please replace `use_container_width` with `width`.

`use_container_width` will be removed after 2025-12-31.

For `use_container_width=True`, use `width='stretch'`. For `use_container_width=False`, use `width='content'`.
2026-08-31 10:13:43.962 Please replace `st.components.v1.html` with `st.iframe`.

`st.components.v1.html` will be removed after 2026-06-01.
2026-08-31 10:13:44.303 Please replace `use_container_width` with `width`.

`use_container_width` will be removed after 2025-12-31.

For `use_container_width=True`, use `width='stretch'`. For `use_container_width=False`, use `width='content'`.
2026-08-31 10:13:44.317 Please replace `use_container_width` with `width`.

`use_container_width` will be removed after 2025-12-31.

For `use_container_width=True`, use `width='stretch'`. For `use_container_width=False`, use `width='content'`.
2026-08-31 10:13:44.561 Please replace `use_container_width` with `width`.

`use_container_width` will be removed after 2025-12-31.

For `use_container_width=True`, use `width='stretch'`. For `use_container_width=False`, use `width='content'`.
2026-08-31 10:13:48.810 Please replace `st.components.v1.html` with `st.iframe`.

`st.components.v1.html` will be removed after 2026-06-01.
2026-08-31 10:13:48.976 Please replace `use_container_width` with `width`.

`use_container_width` will be removed after 2025-12-31.

For `use_container_width=True`, use `width='stretch'`. For `use_container_width=False`, use `width='content'`.
2026-08-31 10:13:48.982 Please replace `use_container_width` with `width`.

`use_container_width` will be removed after 2025-12-31.

For `use_container_width=True`, use `width='stretch'`. For `use_container_width=False`, use `width='content'`.
2026-08-31 10:13:49.221 Please replace `use_container_width` with `width`.

`use_container_width` will be removed after 2025-12-31.

For `use_container_width=True`, use `width='stretch'`. For `use_container_width=False`, use `width='content'`.
2026-08-31 10:13:50.700 Please replace `use_container_width` with `width`.

`use_container_width` will be removed after 2025-12-31.

For `use_container_width=True`, use `width='stretch'`. For `use_container_width=False`, use `width='content'`.
2026-08-31 10:13:50.703 Please replace `use_container_width` with `width`.

`use_container_width` will be removed after 2025-12-31.

For `use_container_width=True`, use `width='stretch'`. For `use_container_width=False`, use `width='content'`.
2026-08-31 10:13:50.922 Please replace `use_container_width` with `width`.

`use_container_width` will be removed after 2025-12-31.

For `use_container_width=True`, use `width='stretch'`. For `use_container_width=False`, use `width='content'`.
2026-08-31 10:13:56.971 Please replace `use_container_width` with `width`.

`use_container_width` will be removed after 2025-12-31.

For `use_container_width=True`, use `width='stretch'`. For `use_container_width=False`, use `width='content'`.
2026-08-31 10:13:56.979 Please replace `use_container_width` with `width`.

`use_container_width` will be removed after 2025-12-31.

For `use_container_width=True`, use `width='stretch'`. For `use_container_width=False`, use `width='content'`.
2026-08-31 10:13:57.179 Please replace `use_container_width` with `width`.

`use_container_width` will be removed after 2025-12-31.

For `use_container_width=True`, use `width='stretch'`. For `use_container_width=False`, use `width='content'`.
2026-08-31 10:13:59.294 Please replace `use_container_width` with `width`.

`use_container_width` will be removed after 2025-12-31.

For `use_container_width=True`, use `width='stretch'`. For `use_container_width=False`, use `width='content'`.
2026-08-31 10:13:59.297 Please replace `use_container_width` with `width`.

`use_container_width` will be removed after 2025-12-31.

For `use_container_width=True`, use `width='stretch'`. For `use_container_width=False`, use `width='content'`.
2026-08-31 10:13:59.505 Please replace `use_container_width` with `width`.

`use_container_width` will be removed after 2025-12-31.

For `use_container_width=True`, use `width='stretch'`. For `use_container_width=False`, use `width='content'`.
2026-08-31 10:14:17.185 Please replace `use_container_width` with `width`.

`use_container_width` will be removed after 2025-12-31.

For `use_container_width=True`, use `width='stretch'`. For `use_container_width=False`, use `width='content'`.
2026-08-31 10:14:17.190 Please replace `use_container_width` with `width`.

`use_container_width` will be removed after 2025-12-31.

For `use_container_width=True`, use `width='stretch'`. For `use_container_width=False`, use `width='content'`.
2026-08-31 10:14:17.379 Please replace `use_container_width` with `width`.

`use_container_width` will be removed after 2025-12-31.

For `use_container_width=True`, use `width='stretch'`. For `use_container_width=False`, use `width='content'`.
2026-08-31 10:14:18.194 Please replace `use_container_width` with `width`.

`use_container_width` will be removed after 2025-12-31.

For `use_container_width=True`, use `width='stretch'`. For `use_container_width=False`, use `width='content'`.
2026-08-31 10:14:18.198 Please replace `use_container_width` with `width`.

`use_container_width` will be removed after 2025-12-31.

For `use_container_width=True`, use `width='stretch'`. For `use_container_width=False`, use `width='content'`.
2026-08-31 10:14:18.393 Please replace `use_container_width` with `width`.

`use_container_width` will be removed after 2025-12-31.

For `use_container_width=True`, use `width='stretch'`. For `use_container_width=False`, use `width='content'`.
2026-08-31 10:14:18.735 Please replace `use_container_width` with `width`.

`use_container_width` will be removed after 2025-12-31.

For `use_container_width=True`, use `width='stretch'`. For `use_container_width=False`, use `width='content'`.
2026-08-31 10:14:18.738 Please replace `use_container_width` with `width`.

`use_container_width` will be removed after 2025-12-31.

For `use_container_width=True`, use `width='stretch'`. For `use_container_width=False`, use `width='content'`.
2026-08-31 10:14:18.931 Please replace `use_container_width` with `width`.

`use_container_width` will be removed after 2025-12-31.

For `use_container_width=True`, use `width='stretch'`. For `use_container_width=False`, use `width='content'`.
2026-08-31 10:14:19.305 Please replace `use_container_width` with `width`.

`use_container_width` will be removed after 2025-12-31.

For `use_container_width=True`, use `width='stretch'`. For `use_container_width=False`, use `width='content'`.
2026-08-31 10:14:19.310 Please replace `use_container_width` with `width`.

`use_container_width` will be removed after 2025-12-31.

For `use_container_width=True`, use `width='stretch'`. For `use_container_width=False`, use `width='content'`.
2026-08-31 10:14:19.503 Please replace `use_container_width` with `width`.

`use_container_width` will be removed after 2025-12-31.

For `use_container_width=True`, use `width='stretch'`. For `use_container_width=False`, use `width='content'`.
2026-08-31 13:58:24.806 Please replace `use_container_width` with `width`.

`use_container_width` will be removed after 2025-12-31.

For `use_container_width=True`, use `width='stretch'`. For `use_container_width=False`, use `width='content'`.
2026-08-31 13:58:24.817 Please replace `use_container_width` with `width`.

`use_container_width` will be removed after 2025-12-31.

For `use_container_width=True`, use `width='stretch'`. For `use_container_width=False`, use `width='content'`.
2026-08-31 13:58:25.187 Please replace `use_container_width` with `width`.

`use_container_width` will be removed after 2025-12-31.

For `use_container_width=True`, use `width='stretch'`. For `use_container_width=False`, use `width='content'`.
2026-08-31 14:24:34.906 
Warning: the config option 'server.enableCORS=false' is not compatible with
'server.enableXsrfProtection=true'.
As a result, 'server.enableCORS' is being overridden to 'true'.

More information:
In order to protect against CSRF attacks, we send a cookie with each request.
To do so, we must specify allowable origins, which places a restriction on
cross-origin resource sharing.

If cross origin resource sharing is required, please disable server.enableXsrfProtection.
            
2026-08-31 14:24:35.066 Uvicorn server started on 127.0.0.1:8502

  You can now view your Streamlit app in your browser.

  URL: http://127.0.0.1:8502

  For better performance, install the Watchdog module:

  $ xcode-select --install
  $ pip install watchdog
            
2026-08-31 14:24:43.802 
Warning: the config option 'server.enableCORS=false' is not compatible with
'server.enableXsrfProtection=true'.
As a result, 'server.enableCORS' is being overridden to 'true'.

More information:
In order to protect against CSRF attacks, we send a cookie with each request.
To do so, we must specify allowable origins, which places a restriction on
cross-origin resource sharing.

If cross origin resource sharing is required, please disable server.enableXsrfProtection.
            
2026-08-31 14:24:43.945 Uvicorn server started on 127.0.0.1:8502

  You can now view your Streamlit app in your browser.

  URL: http://127.0.0.1:8502

  For better performance, install the Watchdog module:

  $ xcode-select --install
  $ pip install watchdog
            
2026-08-31 14:25:15.270 Please replace `use_container_width` with `width`.

`use_container_width` will be removed after 2025-12-31.

For `use_container_width=True`, use `width='stretch'`. For `use_container_width=False`, use `width='content'`.
2026-08-31 14:25:15.386 Please replace `use_container_width` with `width`.

`use_container_width` will be removed after 2025-12-31.

For `use_container_width=True`, use `width='stretch'`. For `use_container_width=False`, use `width='content'`.
2026-08-31 14:25:15.802 Please replace `use_container_width` with `width`.

`use_container_width` will be removed after 2025-12-31.

For `use_container_width=True`, use `width='stretch'`. For `use_container_width=False`, use `width='content'`.
2026-08-31 14:30:16.952 
Warning: the config option 'server.enableCORS=false' is not compatible with
'server.enableXsrfProtection=true'.
As a result, 'server.enableCORS' is being overridden to 'true'.

More information:
In order to protect against CSRF attacks, we send a cookie with each request.
To do so, we must specify allowable origins, which places a restriction on
cross-origin resource sharing.

If cross origin resource sharing is required, please disable server.enableXsrfProtection.
            
2026-08-31 14:30:17.158 Uvicorn server started on 127.0.0.1:8502

  You can now view your Streamlit app in your browser.

  URL: http://127.0.0.1:8502

  For better performance, install the Watchdog module:

  $ xcode-select --install
  $ pip install watchdog
            
2026-08-31 14:30:24.360 Please replace `use_container_width` with `width`.

`use_container_width` will be removed after 2025-12-31.

For `use_container_width=True`, use `width='stretch'`. For `use_container_width=False`, use `width='content'`.
2026-08-31 14:30:24.451 Please replace `use_container_width` with `width`.

`use_container_width` will be removed after 2025-12-31.

For `use_container_width=True`, use `width='stretch'`. For `use_container_width=False`, use `width='content'`.
2026-08-31 14:30:24.935 Please replace `use_container_width` with `width`.

`use_container_width` will be removed after 2025-12-31.

For `use_container_width=True`, use `width='stretch'`. For `use_container_width=False`, use `width='content'`.
2026-08-31 14:35:30.125 
Warning: the config option 'server.enableCORS=false' is not compatible with
'server.enableXsrfProtection=true'.
As a result, 'server.enableCORS' is being overridden to 'true'.

More information:
In order to protect against CSRF attacks, we send a cookie with each request.
To do so, we must specify allowable origins, which places a restriction on
cross-origin resource sharing.

If cross origin resource sharing is required, please disable server.enableXsrfProtection.
            
2026-08-31 14:35:30.276 Uvicorn server started on 127.0.0.1:8502

  You can now view your Streamlit app in your browser.

  URL: http://127.0.0.1:8502

  For better performance, install the Watchdog module:

  $ xcode-select --install
  $ pip install watchdog
            
2026-08-31 14:35:38.378 Please replace `use_container_width` with `width`.

`use_container_width` will be removed after 2025-12-31.

For `use_container_width=True`, use `width='stretch'`. For `use_container_width=False`, use `width='content'`.
2026-08-31 14:35:38.426 Please replace `use_container_width` with `width`.

`use_container_width` will be removed after 2025-12-31.

For `use_container_width=True`, use `width='stretch'`. For `use_container_width=False`, use `width='content'`.
2026-08-31 14:35:39.053 Please replace `use_container_width` with `width`.

`use_container_width` will be removed after 2025-12-31.

For `use_container_width=True`, use `width='stretch'`. For `use_container_width=False`, use `width='content'`.
2026-08-31 14:41:52.734 
Warning: the config option 'server.enableCORS=false' is not compatible with
'server.enableXsrfProtection=true'.
As a result, 'server.enableCORS' is being overridden to 'true'.

More information:
In order to protect against CSRF attacks, we send a cookie with each request.
To do so, we must specify allowable origins, which places a restriction on
cross-origin resource sharing.

If cross origin resource sharing is required, please disable server.enableXsrfProtection.
            
2026-08-31 14:41:52.903 Uvicorn server started on 127.0.0.1:8502

  You can now view your Streamlit app in your browser.

  URL: http://127.0.0.1:8502

  For better performance, install the Watchdog module:

  $ xcode-select --install
  $ pip install watchdog
            
2026-08-31 14:42:02.881 Please replace `use_container_width` with `width`.

`use_container_width` will be removed after 2025-12-31.

For `use_container_width=True`, use `width='stretch'`. For `use_container_width=False`, use `width='content'`.
2026-08-31 14:42:02.900 Please replace `use_container_width` with `width`.

`use_container_width` will be removed after 2025-12-31.

For `use_container_width=True`, use `width='stretch'`. For `use_container_width=False`, use `width='content'`.
2026-08-31 14:42:03.539 Please replace `use_container_width` with `width`.

`use_container_width` will be removed after 2025-12-31.

For `use_container_width=True`, use `width='stretch'`. For `use_container_width=False`, use `width='content'`.
2026-08-31 14:46:54.003 
Warning: the config option 'server.enableCORS=false' is not compatible with
'server.enableXsrfProtection=true'.
As a result, 'server.enableCORS' is being overridden to 'true'.

More information:
In order to protect against CSRF attacks, we send a cookie with each request.
To do so, we must specify allowable origins, which places a restriction on
cross-origin resource sharing.

If cross origin resource sharing is required, please disable server.enableXsrfProtection.
            
2026-08-31 14:46:54.221 Uvicorn server started on 127.0.0.1:8502

  You can now view your Streamlit app in your browser.

  URL: http://127.0.0.1:8502

  For better performance, install the Watchdog module:

  $ xcode-select --install
  $ pip install watchdog
            
2026-08-31 14:55:46.966 
Warning: the config option 'server.enableCORS=false' is not compatible with
'server.enableXsrfProtection=true'.
As a result, 'server.enableCORS' is being overridden to 'true'.

More information:
In order to protect against CSRF attacks, we send a cookie with each request.
To do so, we must specify allowable origins, which places a restriction on
cross-origin resource sharing.

If cross origin resource sharing is required, please disable server.enableXsrfProtection.
            
2026-08-31 14:55:47.119 Uvicorn server started on 127.0.0.1:8502

  You can now view your Streamlit app in your browser.

  URL: http://127.0.0.1:8502

  For better performance, install the Watchdog module:

  $ xcode-select --install
  $ pip install watchdog
            
2026-08-31 15:09:42.270 
Warning: the config option 'server.enableCORS=false' is not compatible with
'server.enableXsrfProtection=true'.
As a result, 'server.enableCORS' is being overridden to 'true'.

More information:
In order to protect against CSRF attacks, we send a cookie with each request.
To do so, we must specify allowable origins, which places a restriction on
cross-origin resource sharing.

If cross origin resource sharing is required, please disable server.enableXsrfProtection.
            
2026-08-31 15:09:42.430 Uvicorn server started on 127.0.0.1:8502

  You can now view your Streamlit app in your browser.

  URL: http://127.0.0.1:8502

  For better performance, install the Watchdog module:

  $ xcode-select --install
  $ pip install watchdog
            
2026-08-31 15:09:50.915 Please replace `use_container_width` with `width`.

`use_container_width` will be removed after 2025-12-31.

For `use_container_width=True`, use `width='stretch'`. For `use_container_width=False`, use `width='content'`.
2026-08-31 15:09:50.967 Please replace `use_container_width` with `width`.

`use_container_width` will be removed after 2025-12-31.

For `use_container_width=True`, use `width='stretch'`. For `use_container_width=False`, use `width='content'`.
2026-08-31 15:09:51.542 Please replace `use_container_width` with `width`.

`use_container_width` will be removed after 2025-12-31.

For `use_container_width=True`, use `width='stretch'`. For `use_container_width=False`, use `width='content'`.
2026-08-31 15:20:05.289 
Warning: the config option 'server.enableCORS=false' is not compatible with
'server.enableXsrfProtection=true'.
As a result, 'server.enableCORS' is being overridden to 'true'.

More information:
In order to protect against CSRF attacks, we send a cookie with each request.
To do so, we must specify allowable origins, which places a restriction on
cross-origin resource sharing.

If cross origin resource sharing is required, please disable server.enableXsrfProtection.
            
2026-08-31 15:20:05.440 Uvicorn server started on 127.0.0.1:8502

  You can now view your Streamlit app in your browser.

  URL: http://127.0.0.1:8502

  For better performance, install the Watchdog module:

  $ xcode-select --install
  $ pip install watchdog
            
2026-08-31 15:20:08.350 Please replace `use_container_width` with `width`.

`use_container_width` will be removed after 2025-12-31.

For `use_container_width=True`, use `width='stretch'`. For `use_container_width=False`, use `width='content'`.
2026-08-31 15:20:08.361 Please replace `use_container_width` with `width`.

`use_container_width` will be removed after 2025-12-31.

For `use_container_width=True`, use `width='stretch'`. For `use_container_width=False`, use `width='content'`.
2026-08-31 15:20:08.772 Please replace `use_container_width` with `width`.

`use_container_width` will be removed after 2025-12-31.

For `use_container_width=True`, use `width='stretch'`. For `use_container_width=False`, use `width='content'`.
2026-08-31 15:24:57.367 
Warning: the config option 'server.enableCORS=false' is not compatible with
'server.enableXsrfProtection=true'.
As a result, 'server.enableCORS' is being overridden to 'true'.

More information:
In order to protect against CSRF attacks, we send a cookie with each request.
To do so, we must specify allowable origins, which places a restriction on
cross-origin resource sharing.

If cross origin resource sharing is required, please disable server.enableXsrfProtection.
            
2026-08-31 15:24:57.523 Uvicorn server started on 127.0.0.1:8502

  You can now view your Streamlit app in your browser.

  URL: http://127.0.0.1:8502

  For better performance, install the Watchdog module:

  $ xcode-select --install
  $ pip install watchdog
            
2026-08-31 15:33:30.731 
Warning: the config option 'server.enableCORS=false' is not compatible with
'server.enableXsrfProtection=true'.
As a result, 'server.enableCORS' is being overridden to 'true'.

More information:
In order to protect against CSRF attacks, we send a cookie with each request.
To do so, we must specify allowable origins, which places a restriction on
cross-origin resource sharing.

If cross origin resource sharing is required, please disable server.enableXsrfProtection.
            
2026-08-31 15:33:31.453 Uvicorn server started on 127.0.0.1:8502

  You can now view your Streamlit app in your browser.

  URL: http://127.0.0.1:8502

  For better performance, install the Watchdog module:

  $ xcode-select --install
  $ pip install watchdog
            
2026-08-31 15:37:13.750 
Warning: the config option 'server.enableCORS=false' is not compatible with
'server.enableXsrfProtection=true'.
As a result, 'server.enableCORS' is being overridden to 'true'.

More information:
In order to protect against CSRF attacks, we send a cookie with each request.
To do so, we must specify allowable origins, which places a restriction on
cross-origin resource sharing.

If cross origin resource sharing is required, please disable server.enableXsrfProtection.
            
2026-08-31 15:37:13.901 Uvicorn server started on 127.0.0.1:8502

  You can now view your Streamlit app in your browser.

  URL: http://127.0.0.1:8502

  For better performance, install the Watchdog module:

  $ xcode-select --install
  $ pip install watchdog
            
2026-08-31 15:37:20.508 Please replace `use_container_width` with `width`.

`use_container_width` will be removed after 2025-12-31.

For `use_container_width=True`, use `width='stretch'`. For `use_container_width=False`, use `width='content'`.
2026-08-31 15:37:20.548 Please replace `use_container_width` with `width`.

`use_container_width` will be removed after 2025-12-31.

For `use_container_width=True`, use `width='stretch'`. For `use_container_width=False`, use `width='content'`.
2026-08-31 15:37:21.193 Please replace `use_container_width` with `width`.

`use_container_width` will be removed after 2025-12-31.

For `use_container_width=True`, use `width='stretch'`. For `use_container_width=False`, use `width='content'`.
2026-08-31 15:39:10.869 Please replace `use_container_width` with `width`.

`use_container_width` will be removed after 2025-12-31.

For `use_container_width=True`, use `width='stretch'`. For `use_container_width=False`, use `width='content'`.
2026-08-31 15:39:11.015 Please replace `use_container_width` with `width`.

`use_container_width` will be removed after 2025-12-31.

For `use_container_width=True`, use `width='stretch'`. For `use_container_width=False`, use `width='content'`.
2026-08-31 15:39:11.851 Please replace `use_container_width` with `width`.

`use_container_width` will be removed after 2025-12-31.

For `use_container_width=True`, use `width='stretch'`. For `use_container_width=False`, use `width='content'`.
2026-08-31 15:45:02.826 
Warning: the config option 'server.enableCORS=false' is not compatible with
'server.enableXsrfProtection=true'.
As a result, 'server.enableCORS' is being overridden to 'true'.

More information:
In order to protect against CSRF attacks, we send a cookie with each request.
To do so, we must specify allowable origins, which places a restriction on
cross-origin resource sharing.

If cross origin resource sharing is required, please disable server.enableXsrfProtection.
            
2026-08-31 15:45:02.977 Uvicorn server started on 127.0.0.1:8502

  You can now view your Streamlit app in your browser.

  URL: http://127.0.0.1:8502

  For better performance, install the Watchdog module:

  $ xcode-select --install
  $ pip install watchdog
            
2026-08-31 15:45:12.179 Please replace `use_container_width` with `width`.

`use_container_width` will be removed after 2025-12-31.

For `use_container_width=True`, use `width='stretch'`. For `use_container_width=False`, use `width='content'`.
2026-08-31 15:45:12.224 Please replace `use_container_width` with `width`.

`use_container_width` will be removed after 2025-12-31.

For `use_container_width=True`, use `width='stretch'`. For `use_container_width=False`, use `width='content'`.
2026-08-31 15:45:12.616 Please replace `use_container_width` with `width`.

`use_container_width` will be removed after 2025-12-31.

For `use_container_width=True`, use `width='stretch'`. For `use_container_width=False`, use `width='content'`.
2026-08-31 15:53:59.816 
Warning: the config option 'server.enableCORS=false' is not compatible with
'server.enableXsrfProtection=true'.
As a result, 'server.enableCORS' is being overridden to 'true'.

More information:
In order to protect against CSRF attacks, we send a cookie with each request.
To do so, we must specify allowable origins, which places a restriction on
cross-origin resource sharing.

If cross origin resource sharing is required, please disable server.enableXsrfProtection.
            
2026-08-31 15:53:59.961 Uvicorn server started on 127.0.0.1:8502

  You can now view your Streamlit app in your browser.

  URL: http://127.0.0.1:8502

  For better performance, install the Watchdog module:

  $ xcode-select --install
  $ pip install watchdog
            
2026-08-31 15:54:13.839 Please replace `use_container_width` with `width`.

`use_container_width` will be removed after 2025-12-31.

For `use_container_width=True`, use `width='stretch'`. For `use_container_width=False`, use `width='content'`.
2026-08-31 15:54:13.854 Please replace `use_container_width` with `width`.

`use_container_width` will be removed after 2025-12-31.

For `use_container_width=True`, use `width='stretch'`. For `use_container_width=False`, use `width='content'`.
2026-08-31 15:54:14.536 Please replace `use_container_width` with `width`.

`use_container_width` will be removed after 2025-12-31.

For `use_container_width=True`, use `width='stretch'`. For `use_container_width=False`, use `width='content'`.
2026-08-31 17:17:35.100 
Warning: the config option 'server.enableCORS=false' is not compatible with
'server.enableXsrfProtection=true'.
As a result, 'server.enableCORS' is being overridden to 'true'.

More information:
In order to protect against CSRF attacks, we send a cookie with each request.
To do so, we must specify allowable origins, which places a restriction on
cross-origin resource sharing.

If cross origin resource sharing is required, please disable server.enableXsrfProtection.
            
2026-08-31 17:17:35.247 Uvicorn server started on 127.0.0.1:8502

  You can now view your Streamlit app in your browser.

  URL: http://127.0.0.1:8502

  For better performance, install the Watchdog module:

  $ xcode-select --install
  $ pip install watchdog
            
2026-08-31 17:17:42.318 Please replace `use_container_width` with `width`.

`use_container_width` will be removed after 2025-12-31.

For `use_container_width=True`, use `width='stretch'`. For `use_container_width=False`, use `width='content'`.
2026-08-31 17:17:42.331 Please replace `use_container_width` with `width`.

`use_container_width` will be removed after 2025-12-31.

For `use_container_width=True`, use `width='stretch'`. For `use_container_width=False`, use `width='content'`.
2026-08-31 17:17:42.690 Please replace `use_container_width` with `width`.

`use_container_width` will be removed after 2025-12-31.

For `use_container_width=True`, use `width='stretch'`. For `use_container_width=False`, use `width='content'`.
2026-08-31 17:23:55.070 
Warning: the config option 'server.enableCORS=false' is not compatible with
'server.enableXsrfProtection=true'.
As a result, 'server.enableCORS' is being overridden to 'true'.

More information:
In order to protect against CSRF attacks, we send a cookie with each request.
To do so, we must specify allowable origins, which places a restriction on
cross-origin resource sharing.

If cross origin resource sharing is required, please disable server.enableXsrfProtection.
            
2026-08-31 17:23:55.223 Uvicorn server started on 127.0.0.1:8502

  You can now view your Streamlit app in your browser.

  URL: http://127.0.0.1:8502

  For better performance, install the Watchdog module:

  $ xcode-select --install
  $ pip install watchdog
            
2026-08-31 17:24:01.180 Please replace `use_container_width` with `width`.

`use_container_width` will be removed after 2025-12-31.

For `use_container_width=True`, use `width='stretch'`. For `use_container_width=False`, use `width='content'`.
2026-08-31 17:24:01.220 Please replace `use_container_width` with `width`.

`use_container_width` will be removed after 2025-12-31.

For `use_container_width=True`, use `width='stretch'`. For `use_container_width=False`, use `width='content'`.
2026-08-31 17:24:01.551 Please replace `use_container_width` with `width`.

`use_container_width` will be removed after 2025-12-31.

For `use_container_width=True`, use `width='stretch'`. For `use_container_width=False`, use `width='content'`.
2026-08-31 17:30:51.321 
Warning: the config option 'server.enableCORS=false' is not compatible with
'server.enableXsrfProtection=true'.
As a result, 'server.enableCORS' is being overridden to 'true'.

More information:
In order to protect against CSRF attacks, we send a cookie with each request.
To do so, we must specify allowable origins, which places a restriction on
cross-origin resource sharing.

If cross origin resource sharing is required, please disable server.enableXsrfProtection.
            
2026-08-31 17:30:51.463 Uvicorn server started on 127.0.0.1:8502

  You can now view your Streamlit app in your browser.

  URL: http://127.0.0.1:8502

  For better performance, install the Watchdog module:

  $ xcode-select --install
  $ pip install watchdog
            
2026-08-31 17:30:57.229 Please replace `use_container_width` with `width`.

`use_container_width` will be removed after 2025-12-31.

For `use_container_width=True`, use `width='stretch'`. For `use_container_width=False`, use `width='content'`.
2026-08-31 17:30:57.249 Please replace `use_container_width` with `width`.

`use_container_width` will be removed after 2025-12-31.

For `use_container_width=True`, use `width='stretch'`. For `use_container_width=False`, use `width='content'`.
2026-08-31 17:30:57.545 Please replace `use_container_width` with `width`.

`use_container_width` will be removed after 2025-12-31.

For `use_container_width=True`, use `width='stretch'`. For `use_container_width=False`, use `width='content'`.
2026-08-31 17:38:42.850 Please replace `use_container_width` with `width`.

`use_container_width` will be removed after 2025-12-31.

For `use_container_width=True`, use `width='stretch'`. For `use_container_width=False`, use `width='content'`.
2026-08-31 17:38:42.863 Please replace `use_container_width` with `width`.

`use_container_width` will be removed after 2025-12-31.

For `use_container_width=True`, use `width='stretch'`. For `use_container_width=False`, use `width='content'`.
2026-08-31 17:38:43.294 Please replace `use_container_width` with `width`.

`use_container_width` will be removed after 2025-12-31.

For `use_container_width=True`, use `width='stretch'`. For `use_container_width=False`, use `width='content'`.
2026-08-31 17:39:21.019 
Warning: the config option 'server.enableCORS=false' is not compatible with
'server.enableXsrfProtection=true'.
As a result, 'server.enableCORS' is being overridden to 'true'.

More information:
In order to protect against CSRF attacks, we send a cookie with each request.
To do so, we must specify allowable origins, which places a restriction on
cross-origin resource sharing.

If cross origin resource sharing is required, please disable server.enableXsrfProtection.
            
2026-08-31 17:39:21.167 Uvicorn server started on 127.0.0.1:8502

  You can now view your Streamlit app in your browser.

  URL: http://127.0.0.1:8502

  For better performance, install the Watchdog module:

  $ xcode-select --install
  $ pip install watchdog
            
2026-08-31 17:39:26.539 Please replace `use_container_width` with `width`.

`use_container_width` will be removed after 2025-12-31.

For `use_container_width=True`, use `width='stretch'`. For `use_container_width=False`, use `width='content'`.
2026-08-31 17:39:26.551 Please replace `use_container_width` with `width`.

`use_container_width` will be removed after 2025-12-31.

For `use_container_width=True`, use `width='stretch'`. For `use_container_width=False`, use `width='content'`.
2026-08-31 17:39:26.895 Please replace `use_container_width` with `width`.

`use_container_width` will be removed after 2025-12-31.

For `use_container_width=True`, use `width='stretch'`. For `use_container_width=False`, use `width='content'`.
2026-08-31 18:10:42.709 
Warning: the config option 'server.enableCORS=false' is not compatible with
'server.enableXsrfProtection=true'.
As a result, 'server.enableCORS' is being overridden to 'true'.

More information:
In order to protect against CSRF attacks, we send a cookie with each request.
To do so, we must specify allowable origins, which places a restriction on
cross-origin resource sharing.

If cross origin resource sharing is required, please disable server.enableXsrfProtection.
            
2026-08-31 18:10:42.853 Uvicorn server started on 127.0.0.1:8502

  You can now view your Streamlit app in your browser.

  URL: http://127.0.0.1:8502

  For better performance, install the Watchdog module:

  $ xcode-select --install
  $ pip install watchdog
            
2026-08-31 18:10:49.134 Please replace `use_container_width` with `width`.

`use_container_width` will be removed after 2025-12-31.

For `use_container_width=True`, use `width='stretch'`. For `use_container_width=False`, use `width='content'`.
2026-08-31 18:10:49.158 Please replace `use_container_width` with `width`.

`use_container_width` will be removed after 2025-12-31.

For `use_container_width=True`, use `width='stretch'`. For `use_container_width=False`, use `width='content'`.
2026-08-31 18:10:49.615 Please replace `use_container_width` with `width`.

`use_container_width` will be removed after 2025-12-31.

For `use_container_width=True`, use `width='stretch'`. For `use_container_width=False`, use `width='content'`.
2026-08-31 18:24:19.339 
Warning: the config option 'server.enableCORS=false' is not compatible with
'server.enableXsrfProtection=true'.
As a result, 'server.enableCORS' is being overridden to 'true'.

More information:
In order to protect against CSRF attacks, we send a cookie with each request.
To do so, we must specify allowable origins, which places a restriction on
cross-origin resource sharing.

If cross origin resource sharing is required, please disable server.enableXsrfProtection.
            
2026-08-31 18:24:19.486 Uvicorn server started on 127.0.0.1:8502

  You can now view your Streamlit app in your browser.

  URL: http://127.0.0.1:8502

  For better performance, install the Watchdog module:

  $ xcode-select --install
  $ pip install watchdog
            
2026-08-31 18:24:25.577 Please replace `use_container_width` with `width`.

`use_container_width` will be removed after 2025-12-31.

For `use_container_width=True`, use `width='stretch'`. For `use_container_width=False`, use `width='content'`.
2026-08-31 18:24:25.603 Please replace `use_container_width` with `width`.

`use_container_width` will be removed after 2025-12-31.

For `use_container_width=True`, use `width='stretch'`. For `use_container_width=False`, use `width='content'`.
2026-08-31 18:24:26.097 Please replace `use_container_width` with `width`.

`use_container_width` will be removed after 2025-12-31.

For `use_container_width=True`, use `width='stretch'`. For `use_container_width=False`, use `width='content'`.
2026-08-31 18:27:47.998 
Warning: the config option 'server.enableCORS=false' is not compatible with
'server.enableXsrfProtection=true'.
As a result, 'server.enableCORS' is being overridden to 'true'.

More information:
In order to protect against CSRF attacks, we send a cookie with each request.
To do so, we must specify allowable origins, which places a restriction on
cross-origin resource sharing.

If cross origin resource sharing is required, please disable server.enableXsrfProtection.
            
2026-08-31 18:27:48.143 Uvicorn server started on 127.0.0.1:8502

  You can now view your Streamlit app in your browser.

  URL: http://127.0.0.1:8502

  For better performance, install the Watchdog module:

  $ xcode-select --install
  $ pip install watchdog
            
2026-08-31 18:27:53.548 Please replace `use_container_width` with `width`.

`use_container_width` will be removed after 2025-12-31.

For `use_container_width=True`, use `width='stretch'`. For `use_container_width=False`, use `width='content'`.
2026-08-31 18:27:53.565 Please replace `use_container_width` with `width`.

`use_container_width` will be removed after 2025-12-31.

For `use_container_width=True`, use `width='stretch'`. For `use_container_width=False`, use `width='content'`.
2026-08-31 18:27:54.021 Please replace `use_container_width` with `width`.

`use_container_width` will be removed after 2025-12-31.

For `use_container_width=True`, use `width='stretch'`. For `use_container_width=False`, use `width='content'`.
2026-08-31 18:29:43.261 Please replace `use_container_width` with `width`.

`use_container_width` will be removed after 2025-12-31.

For `use_container_width=True`, use `width='stretch'`. For `use_container_width=False`, use `width='content'`.
2026-08-31 18:29:43.271 Please replace `use_container_width` with `width`.

`use_container_width` will be removed after 2025-12-31.

For `use_container_width=True`, use `width='stretch'`. For `use_container_width=False`, use `width='content'`.
2026-08-31 18:29:43.808 Please replace `use_container_width` with `width`.

`use_container_width` will be removed after 2025-12-31.

For `use_container_width=True`, use `width='stretch'`. For `use_container_width=False`, use `width='content'`.
2026-08-31 19:15:36.487 Please replace `use_container_width` with `width`.

`use_container_width` will be removed after 2025-12-31.

For `use_container_width=True`, use `width='stretch'`. For `use_container_width=False`, use `width='content'`.
2026-08-31 19:15:36.498 Please replace `use_container_width` with `width`.

`use_container_width` will be removed after 2025-12-31.

For `use_container_width=True`, use `width='stretch'`. For `use_container_width=False`, use `width='content'`.
2026-08-31 19:15:36.751 Please replace `use_container_width` with `width`.

`use_container_width` will be removed after 2025-12-31.

For `use_container_width=True`, use `width='stretch'`. For `use_container_width=False`, use `width='content'`.
2026-08-31 19:38:56.193 Please replace `use_container_width` with `width`.

`use_container_width` will be removed after 2025-12-31.

For `use_container_width=True`, use `width='stretch'`. For `use_container_width=False`, use `width='content'`.
2026-08-31 19:38:56.209 Please replace `use_container_width` with `width`.

`use_container_width` will be removed after 2025-12-31.

For `use_container_width=True`, use `width='stretch'`. For `use_container_width=False`, use `width='content'`.
2026-08-31 19:38:56.569 Please replace `use_container_width` with `width`.

`use_container_width` will be removed after 2025-12-31.

For `use_container_width=True`, use `width='stretch'`. For `use_container_width=False`, use `width='content'`.
2026-08-31 19:43:34.140 Please replace `use_container_width` with `width`.

`use_container_width` will be removed after 2025-12-31.

For `use_container_width=True`, use `width='stretch'`. For `use_container_width=False`, use `width='content'`.
2026-08-31 19:43:34.150 Please replace `use_container_width` with `width`.

`use_container_width` will be removed after 2025-12-31.

For `use_container_width=True`, use `width='stretch'`. For `use_container_width=False`, use `width='content'`.
2026-08-31 19:43:34.403 Please replace `use_container_width` with `width`.

`use_container_width` will be removed after 2025-12-31.

For `use_container_width=True`, use `width='stretch'`. For `use_container_width=False`, use `width='content'`.
2026-08-31 19:52:49.039 
Warning: the config option 'server.enableCORS=false' is not compatible with
'server.enableXsrfProtection=true'.
As a result, 'server.enableCORS' is being overridden to 'true'.

More information:
In order to protect against CSRF attacks, we send a cookie with each request.
To do so, we must specify allowable origins, which places a restriction on
cross-origin resource sharing.

If cross origin resource sharing is required, please disable server.enableXsrfProtection.
            
2026-08-31 19:52:49.182 Uvicorn server started on 127.0.0.1:8502

  You can now view your Streamlit app in your browser.

  URL: http://127.0.0.1:8502

  For better performance, install the Watchdog module:

  $ xcode-select --install
  $ pip install watchdog
            
2026-08-31 20:06:17.114 
Warning: the config option 'server.enableCORS=false' is not compatible with
'server.enableXsrfProtection=true'.
As a result, 'server.enableCORS' is being overridden to 'true'.

More information:
In order to protect against CSRF attacks, we send a cookie with each request.
To do so, we must specify allowable origins, which places a restriction on
cross-origin resource sharing.

If cross origin resource sharing is required, please disable server.enableXsrfProtection.
            
2026-08-31 20:06:17.255 Uvicorn server started on 127.0.0.1:8502

  You can now view your Streamlit app in your browser.

  URL: http://127.0.0.1:8502

  For better performance, install the Watchdog module:

  $ xcode-select --install
  $ pip install watchdog
            
2026-08-31 20:06:21.639 Please replace `use_container_width` with `width`.

`use_container_width` will be removed after 2025-12-31.

For `use_container_width=True`, use `width='stretch'`. For `use_container_width=False`, use `width='content'`.
2026-08-31 20:06:21.646 Please replace `use_container_width` with `width`.

`use_container_width` will be removed after 2025-12-31.

For `use_container_width=True`, use `width='stretch'`. For `use_container_width=False`, use `width='content'`.
2026-08-31 20:06:21.890 Please replace `use_container_width` with `width`.

`use_container_width` will be removed after 2025-12-31.

For `use_container_width=True`, use `width='stretch'`. For `use_container_width=False`, use `width='content'`.
2026-08-31 20:11:42.358 
Warning: the config option 'server.enableCORS=false' is not compatible with
'server.enableXsrfProtection=true'.
As a result, 'server.enableCORS' is being overridden to 'true'.

More information:
In order to protect against CSRF attacks, we send a cookie with each request.
To do so, we must specify allowable origins, which places a restriction on
cross-origin resource sharing.

If cross origin resource sharing is required, please disable server.enableXsrfProtection.
            
2026-08-31 20:11:42.499 Uvicorn server started on 127.0.0.1:8502

  You can now view your Streamlit app in your browser.

  URL: http://127.0.0.1:8502

  For better performance, install the Watchdog module:

  $ xcode-select --install
  $ pip install watchdog
            
2026-08-31 20:11:46.747 Please replace `use_container_width` with `width`.

`use_container_width` will be removed after 2025-12-31.

For `use_container_width=True`, use `width='stretch'`. For `use_container_width=False`, use `width='content'`.
2026-08-31 20:11:46.756 Please replace `use_container_width` with `width`.

`use_container_width` will be removed after 2025-12-31.

For `use_container_width=True`, use `width='stretch'`. For `use_container_width=False`, use `width='content'`.
2026-08-31 20:11:46.987 Please replace `use_container_width` with `width`.

`use_container_width` will be removed after 2025-12-31.

For `use_container_width=True`, use `width='stretch'`. For `use_container_width=False`, use `width='content'`.
2026-08-31 20:35:30.634 Please replace `use_container_width` with `width`.

`use_container_width` will be removed after 2025-12-31.

For `use_container_width=True`, use `width='stretch'`. For `use_container_width=False`, use `width='content'`.
2026-08-31 20:35:30.668 Please replace `use_container_width` with `width`.

`use_container_width` will be removed after 2025-12-31.

For `use_container_width=True`, use `width='stretch'`. For `use_container_width=False`, use `width='content'`.
2026-08-31 20:35:31.041 Please replace `use_container_width` with `width`.

`use_container_width` will be removed after 2025-12-31.

For `use_container_width=True`, use `width='stretch'`. For `use_container_width=False`, use `width='content'`.
2026-08-31 20:45:11.675 
Warning: the config option 'server.enableCORS=false' is not compatible with
'server.enableXsrfProtection=true'.
As a result, 'server.enableCORS' is being overridden to 'true'.

More information:
In order to protect against CSRF attacks, we send a cookie with each request.
To do so, we must specify allowable origins, which places a restriction on
cross-origin resource sharing.

If cross origin resource sharing is required, please disable server.enableXsrfProtection.
            
2026-08-31 20:45:11.823 Uvicorn server started on 127.0.0.1:8502

  You can now view your Streamlit app in your browser.

  URL: http://127.0.0.1:8502

  For better performance, install the Watchdog module:

  $ xcode-select --install
  $ pip install watchdog
            
2026-08-31 20:48:41.698 Please replace `use_container_width` with `width`.

`use_container_width` will be removed after 2025-12-31.

For `use_container_width=True`, use `width='stretch'`. For `use_container_width=False`, use `width='content'`.
2026-08-31 20:48:41.704 Please replace `use_container_width` with `width`.

`use_container_width` will be removed after 2025-12-31.

For `use_container_width=True`, use `width='stretch'`. For `use_container_width=False`, use `width='content'`.
2026-08-31 20:48:41.950 Please replace `use_container_width` with `width`.

`use_container_width` will be removed after 2025-12-31.

For `use_container_width=True`, use `width='stretch'`. For `use_container_width=False`, use `width='content'`.
2026-08-31 21:02:22.914 The fragment with id 5c6023d64d5028d76b86de6bf0e24908 does not exist anymore - it might have been removed during a preceding full-app rerun.
2026-08-31 21:02:25.545 The fragment with id 5c6023d64d5028d76b86de6bf0e24908 does not exist anymore - it might have been removed during a preceding full-app rerun.
2026-08-31 21:02:25.547 The fragment with id 5c6023d64d5028d76b86de6bf0e24908 does not exist anymore - it might have been removed during a preceding full-app rerun.
2026-08-31 21:02:27.005 The fragment with id 5c6023d64d5028d76b86de6bf0e24908 does not exist anymore - it might have been removed during a preceding full-app rerun.
2026-08-31 21:02:28.733 The fragment with id 5c6023d64d5028d76b86de6bf0e24908 does not exist anymore - it might have been removed during a preceding full-app rerun.
2026-08-31 21:02:29.918 The fragment with id 5c6023d64d5028d76b86de6bf0e24908 does not exist anymore - it might have been removed during a preceding full-app rerun.
2026-08-31 21:02:30.370 The fragment with id 5c6023d64d5028d76b86de6bf0e24908 does not exist anymore - it might have been removed during a preceding full-app rerun.
2026-08-31 21:02:31.185 The fragment with id 5c6023d64d5028d76b86de6bf0e24908 does not exist anymore - it might have been removed during a preceding full-app rerun.
2026-08-31 21:02:33.518 The fragment with id 5c6023d64d5028d76b86de6bf0e24908 does not exist anymore - it might have been removed during a preceding full-app rerun.
2026-08-31 21:02:34.886 The fragment with id 5c6023d64d5028d76b86de6bf0e24908 does not exist anymore - it might have been removed during a preceding full-app rerun.
2026-08-31 21:02:36.519 The fragment with id 5c6023d64d5028d76b86de6bf0e24908 does not exist anymore - it might have been removed during a preceding full-app rerun.
2026-08-31 21:02:36.545 The fragment with id 5c6023d64d5028d76b86de6bf0e24908 does not exist anymore - it might have been removed during a preceding full-app rerun.
2026-08-31 21:02:38.737 The fragment with id 5c6023d64d5028d76b86de6bf0e24908 does not exist anymore - it might have been removed during a preceding full-app rerun.
2026-08-31 21:02:38.767 The fragment with id 5c6023d64d5028d76b86de6bf0e24908 does not exist anymore - it might have been removed during a preceding full-app rerun.
2026-08-31 21:02:40.624 The fragment with id 5c6023d64d5028d76b86de6bf0e24908 does not exist anymore - it might have been removed during a preceding full-app rerun.
2026-08-31 21:02:42.773 The fragment with id 5c6023d64d5028d76b86de6bf0e24908 does not exist anymore - it might have been removed during a preceding full-app rerun.
2026-08-31 21:02:42.801 The fragment with id 5c6023d64d5028d76b86de6bf0e24908 does not exist anymore - it might have been removed during a preceding full-app rerun.
2026-08-31 21:02:43.230 The fragment with id 5c6023d64d5028d76b86de6bf0e24908 does not exist anymore - it might have been removed during a preceding full-app rerun.
2026-08-31 21:02:43.889 The fragment with id 5c6023d64d5028d76b86de6bf0e24908 does not exist anymore - it might have been removed during a preceding full-app rerun.
2026-08-31 21:02:44.322 The fragment with id 5c6023d64d5028d76b86de6bf0e24908 does not exist anymore - it might have been removed during a preceding full-app rerun.
2026-08-31 21:02:47.723 The fragment with id 5c6023d64d5028d76b86de6bf0e24908 does not exist anymore - it might have been removed during a preceding full-app rerun.
2026-08-31 21:02:48.823 The fragment with id 5c6023d64d5028d76b86de6bf0e24908 does not exist anymore - it might have been removed during a preceding full-app rerun.
2026-08-31 21:02:49.070 The fragment with id 5c6023d64d5028d76b86de6bf0e24908 does not exist anymore - it might have been removed during a preceding full-app rerun.
2026-08-31 21:02:51.034 The fragment with id 5c6023d64d5028d76b86de6bf0e24908 does not exist anymore - it might have been removed during a preceding full-app rerun.
2026-08-31 21:02:51.297 The fragment with id 5c6023d64d5028d76b86de6bf0e24908 does not exist anymore - it might have been removed during a preceding full-app rerun.
2026-08-31 21:02:55.603 The fragment with id 5c6023d64d5028d76b86de6bf0e24908 does not exist anymore - it might have been removed during a preceding full-app rerun.
2026-08-31 21:02:56.951 The fragment with id 5c6023d64d5028d76b86de6bf0e24908 does not exist anymore - it might have been removed during a preceding full-app rerun.
2026-08-31 21:02:57.202 The fragment with id 5c6023d64d5028d76b86de6bf0e24908 does not exist anymore - it might have been removed during a preceding full-app rerun.
2026-08-31 21:02:57.469 The fragment with id 5c6023d64d5028d76b86de6bf0e24908 does not exist anymore - it might have been removed during a preceding full-app rerun.
2026-08-31 21:02:57.718 The fragment with id 5c6023d64d5028d76b86de6bf0e24908 does not exist anymore - it might have been removed during a preceding full-app rerun.
2026-08-31 21:02:59.935 The fragment with id 5c6023d64d5028d76b86de6bf0e24908 does not exist anymore - it might have been removed during a preceding full-app rerun.
2026-08-31 21:03:00.200 The fragment with id 5c6023d64d5028d76b86de6bf0e24908 does not exist anymore - it might have been removed during a preceding full-app rerun.
2026-08-31 21:03:00.450 The fragment with id 5c6023d64d5028d76b86de6bf0e24908 does not exist anymore - it might have been removed during a preceding full-app rerun.
2026-08-31 21:03:04.868 The fragment with id 5c6023d64d5028d76b86de6bf0e24908 does not exist anymore - it might have been removed during a preceding full-app rerun.
2026-08-31 21:03:04.902 The fragment with id 5c6023d64d5028d76b86de6bf0e24908 does not exist anymore - it might have been removed during a preceding full-app rerun.
2026-08-31 21:03:05.091 The fragment with id 5c6023d64d5028d76b86de6bf0e24908 does not exist anymore - it might have been removed during a preceding full-app rerun.
2026-08-31 21:03:05.349 The fragment with id 5c6023d64d5028d76b86de6bf0e24908 does not exist anymore - it might have been removed during a preceding full-app rerun.
2026-08-31 21:03:05.579 The fragment with id 5c6023d64d5028d76b86de6bf0e24908 does not exist anymore - it might have been removed during a preceding full-app rerun.
2026-08-31 21:03:05.824 The fragment with id 5c6023d64d5028d76b86de6bf0e24908 does not exist anymore - it might have been removed during a preceding full-app rerun.
2026-08-31 21:03:06.080 The fragment with id 5c6023d64d5028d76b86de6bf0e24908 does not exist anymore - it might have been removed during a preceding full-app rerun.
2026-08-31 21:03:06.222 The fragment with id 5c6023d64d5028d76b86de6bf0e24908 does not exist anymore - it might have been removed during a preceding full-app rerun.
2026-08-31 21:03:08.599 The fragment with id 5c6023d64d5028d76b86de6bf0e24908 does not exist anymore - it might have been removed during a preceding full-app rerun.
2026-08-31 21:03:08.745 The fragment with id 5c6023d64d5028d76b86de6bf0e24908 does not exist anymore - it might have been removed during a preceding full-app rerun.
2026-08-31 21:03:08.870 The fragment with id 5c6023d64d5028d76b86de6bf0e24908 does not exist anymore - it might have been removed during a preceding full-app rerun.
2026-08-31 21:03:09.873 The fragment with id 5c6023d64d5028d76b86de6bf0e24908 does not exist anymore - it might have been removed during a preceding full-app rerun.
2026-08-31 21:03:10.120 The fragment with id 5c6023d64d5028d76b86de6bf0e24908 does not exist anymore - it might have been removed during a preceding full-app rerun.
2026-08-31 21:03:10.417 The fragment with id 5c6023d64d5028d76b86de6bf0e24908 does not exist anymore - it might have been removed during a preceding full-app rerun.
2026-08-31 21:03:10.518 The fragment with id 5c6023d64d5028d76b86de6bf0e24908 does not exist anymore - it might have been removed during a preceding full-app rerun.
2026-08-31 21:03:12.134 The fragment with id 5c6023d64d5028d76b86de6bf0e24908 does not exist anymore - it might have been removed during a preceding full-app rerun.
2026-08-31 21:03:12.399 The fragment with id 5c6023d64d5028d76b86de6bf0e24908 does not exist anymore - it might have been removed during a preceding full-app rerun.
2026-08-31 21:03:15.084 The fragment with id 5c6023d64d5028d76b86de6bf0e24908 does not exist anymore - it might have been removed during a preceding full-app rerun.
2026-08-31 21:03:15.751 The fragment with id 5c6023d64d5028d76b86de6bf0e24908 does not exist anymore - it might have been removed during a preceding full-app rerun.
2026-08-31 21:03:18.950 The fragment with id 5c6023d64d5028d76b86de6bf0e24908 does not exist anymore - it might have been removed during a preceding full-app rerun.
2026-08-31 21:03:26.102 The fragment with id 5c6023d64d5028d76b86de6bf0e24908 does not exist anymore - it might have been removed during a preceding full-app rerun.
2026-08-31 21:03:28.533 The fragment with id 5c6023d64d5028d76b86de6bf0e24908 does not exist anymore - it might have been removed during a preceding full-app rerun.
2026-08-31 21:03:29.484 The fragment with id 5c6023d64d5028d76b86de6bf0e24908 does not exist anymore - it might have been removed during a preceding full-app rerun.
2026-08-31 21:03:33.818 The fragment with id 5c6023d64d5028d76b86de6bf0e24908 does not exist anymore - it might have been removed during a preceding full-app rerun.
2026-08-31 21:03:34.268 The fragment with id 5c6023d64d5028d76b86de6bf0e24908 does not exist anymore - it might have been removed during a preceding full-app rerun.
2026-08-31 21:03:34.552 The fragment with id 5c6023d64d5028d76b86de6bf0e24908 does not exist anymore - it might have been removed during a preceding full-app rerun.
2026-08-31 21:03:34.818 The fragment with id 5c6023d64d5028d76b86de6bf0e24908 does not exist anymore - it might have been removed during a preceding full-app rerun.
2026-08-31 21:03:35.082 The fragment with id 5c6023d64d5028d76b86de6bf0e24908 does not exist anymore - it might have been removed during a preceding full-app rerun.
2026-08-31 21:03:35.651 The fragment with id 5c6023d64d5028d76b86de6bf0e24908 does not exist anymore - it might have been removed during a preceding full-app rerun.
2026-08-31 21:03:36.318 The fragment with id 5c6023d64d5028d76b86de6bf0e24908 does not exist anymore - it might have been removed during a preceding full-app rerun.
2026-08-31 21:03:37.033 The fragment with id 5c6023d64d5028d76b86de6bf0e24908 does not exist anymore - it might have been removed during a preceding full-app rerun.
2026-08-31 21:03:38.620 The fragment with id 5c6023d64d5028d76b86de6bf0e24908 does not exist anymore - it might have been removed during a preceding full-app rerun.
2026-08-31 21:03:39.368 The fragment with id 5c6023d64d5028d76b86de6bf0e24908 does not exist anymore - it might have been removed during a preceding full-app rerun.
2026-08-31 21:03:55.252 Please replace `use_container_width` with `width`.

`use_container_width` will be removed after 2025-12-31.

For `use_container_width=True`, use `width='stretch'`. For `use_container_width=False`, use `width='content'`.
2026-08-31 21:03:55.269 Please replace `use_container_width` with `width`.

`use_container_width` will be removed after 2025-12-31.

For `use_container_width=True`, use `width='stretch'`. For `use_container_width=False`, use `width='content'`.
2026-08-31 21:03:55.619 Please replace `use_container_width` with `width`.

`use_container_width` will be removed after 2025-12-31.

For `use_container_width=True`, use `width='stretch'`. For `use_container_width=False`, use `width='content'`.
2026-08-31 21:04:16.739 Please replace `st.components.v1.html` with `st.iframe`.

`st.components.v1.html` will be removed after 2026-06-01.
2026-08-31 21:04:40.781 Please replace `st.components.v1.html` with `st.iframe`.

`st.components.v1.html` will be removed after 2026-06-01.
2026-08-31 21:04:47.932 Please replace `use_container_width` with `width`.

`use_container_width` will be removed after 2025-12-31.

For `use_container_width=True`, use `width='stretch'`. For `use_container_width=False`, use `width='content'`.
2026-08-31 21:04:47.940 Please replace `use_container_width` with `width`.

`use_container_width` will be removed after 2025-12-31.

For `use_container_width=True`, use `width='stretch'`. For `use_container_width=False`, use `width='content'`.
2026-08-31 21:04:48.174 Please replace `use_container_width` with `width`.

`use_container_width` will be removed after 2025-12-31.

For `use_container_width=True`, use `width='stretch'`. For `use_container_width=False`, use `width='content'`.
2026-09-01 06:41:32.923 Please replace `use_container_width` with `width`.

`use_container_width` will be removed after 2025-12-31.

For `use_container_width=True`, use `width='stretch'`. For `use_container_width=False`, use `width='content'`.
2026-09-01 06:41:32.992 Please replace `use_container_width` with `width`.

`use_container_width` will be removed after 2025-12-31.

For `use_container_width=True`, use `width='stretch'`. For `use_container_width=False`, use `width='content'`.
2026-09-01 06:41:33.339 Please replace `use_container_width` with `width`.

`use_container_width` will be removed after 2025-12-31.

For `use_container_width=True`, use `width='stretch'`. For `use_container_width=False`, use `width='content'`.
2026-09-01 07:01:06.400 Please replace `use_container_width` with `width`.

`use_container_width` will be removed after 2025-12-31.

For `use_container_width=True`, use `width='stretch'`. For `use_container_width=False`, use `width='content'`.
2026-09-01 07:01:06.419 Please replace `use_container_width` with `width`.

`use_container_width` will be removed after 2025-12-31.

For `use_container_width=True`, use `width='stretch'`. For `use_container_width=False`, use `width='content'`.
2026-09-01 07:01:06.804 Please replace `use_container_width` with `width`.

`use_container_width` will be removed after 2025-12-31.

For `use_container_width=True`, use `width='stretch'`. For `use_container_width=False`, use `width='content'`.
2026-09-01 07:45:06.952 Please replace `use_container_width` with `width`.

`use_container_width` will be removed after 2025-12-31.

For `use_container_width=True`, use `width='stretch'`. For `use_container_width=False`, use `width='content'`.
2026-09-01 07:45:06.977 Please replace `use_container_width` with `width`.

`use_container_width` will be removed after 2025-12-31.

For `use_container_width=True`, use `width='stretch'`. For `use_container_width=False`, use `width='content'`.
2026-09-01 07:45:07.326 Please replace `use_container_width` with `width`.

`use_container_width` will be removed after 2025-12-31.

For `use_container_width=True`, use `width='stretch'`. For `use_container_width=False`, use `width='content'`.
2026-09-01 08:56:41.122 
Warning: the config option 'server.enableCORS=false' is not compatible with
'server.enableXsrfProtection=true'.
As a result, 'server.enableCORS' is being overridden to 'true'.

More information:
In order to protect against CSRF attacks, we send a cookie with each request.
To do so, we must specify allowable origins, which places a restriction on
cross-origin resource sharing.

If cross origin resource sharing is required, please disable server.enableXsrfProtection.
            
2026-09-01 08:56:41.276 Uvicorn server started on 127.0.0.1:8502

  You can now view your Streamlit app in your browser.

  URL: http://127.0.0.1:8502

  For better performance, install the Watchdog module:

  $ xcode-select --install
  $ pip install watchdog
            
2026-09-01 08:56:46.085 Please replace `use_container_width` with `width`.

`use_container_width` will be removed after 2025-12-31.

For `use_container_width=True`, use `width='stretch'`. For `use_container_width=False`, use `width='content'`.
2026-09-01 08:56:46.099 Please replace `use_container_width` with `width`.

`use_container_width` will be removed after 2025-12-31.

For `use_container_width=True`, use `width='stretch'`. For `use_container_width=False`, use `width='content'`.
2026-09-01 08:56:46.435 Please replace `use_container_width` with `width`.

`use_container_width` will be removed after 2025-12-31.

For `use_container_width=True`, use `width='stretch'`. For `use_container_width=False`, use `width='content'`.
2026-09-01 09:51:12.640 
Warning: the config option 'server.enableCORS=false' is not compatible with
'server.enableXsrfProtection=true'.
As a result, 'server.enableCORS' is being overridden to 'true'.

More information:
In order to protect against CSRF attacks, we send a cookie with each request.
To do so, we must specify allowable origins, which places a restriction on
cross-origin resource sharing.

If cross origin resource sharing is required, please disable server.enableXsrfProtection.
            
2026-09-01 09:51:12.784 Uvicorn server started on 127.0.0.1:8502

  You can now view your Streamlit app in your browser.

  URL: http://127.0.0.1:8502

  For better performance, install the Watchdog module:

  $ xcode-select --install
  $ pip install watchdog
            
2026-09-01 09:51:17.722 Please replace `use_container_width` with `width`.

`use_container_width` will be removed after 2025-12-31.

For `use_container_width=True`, use `width='stretch'`. For `use_container_width=False`, use `width='content'`.
2026-09-01 09:51:17.747 Please replace `use_container_width` with `width`.

`use_container_width` will be removed after 2025-12-31.

For `use_container_width=True`, use `width='stretch'`. For `use_container_width=False`, use `width='content'`.
2026-09-01 09:51:18.096 Please replace `use_container_width` with `width`.

`use_container_width` will be removed after 2025-12-31.

For `use_container_width=True`, use `width='stretch'`. For `use_container_width=False`, use `width='content'`.
