거래처,가스,,,용기검사,,거래처명 :,매출일,,품목명,,,,입고량,,출고량,단가,매출액,세액,합계액,입금액,미수금,잔액,비고,신일가스(주) 화성공장,,
,,,,,,,,,,,,,,,,,,,,,,,,,,
,,,,,,,,,,,,,,,,,,,,,,,,,,
Z대유스틸,,,,,,,,,[이월미수액],,,,,,,,,,,,"220,525","220,525",,,,
,,,,,,거래처별 합계,,,,,,0,,,0,,0,0,0,0,,"220,525",,,,
가스코아산(대창),,,,,,,,,[이월미수액],,,,,,,,,,,,"330,000","330,000",,,,
가스코아산(대창),,,,,,,09/16,,"Ar (UHP, 47L, 99.999%)",,,,8,,10,"30,000","300,000","30,000","330,000",0,,"330,000",,,,
,,,,,,거래처별 합계,,,,,,8,,,10,,"300,000","30,000","330,000",0,,"660,000",,,,
가스코아산(몰드스틸),,,,,,,09/14,,LPG (50kg),,,,1,,2,"100,000","200,000","20,000","220,000",0,,"220,000",,,,
가스코아산(몰드스틸),,,,,,,09/14,,"O2 (LGC, 175L, 고압용)",,,,3,,2,"60,000","120,000","12,000","132,000",0,,"132,000",,,,
,,,,,,거래처별 합계,,,,,,4,,,4,,"320,000","32,000","352,000",0,,"352,000",,,,
가스코아산(아론),,,,,,,,,[이월미수액],,,,,,,,,,,,"60,500","60,500",,,,
,,,,,,거래처별 합계,,,,,,0,,,0,,0,0,0,0,,"60,500",,,,
가스코아산(에스에프에이),,,,,,,,,[이월미수액],,,,,,,,,,,,"14,300","14,300",,,,
,,,,,,거래처별 합계,,,,,,0,,,0,,0,0,0,0,,"14,300",,,,
가스코아산(폴라리스AI파마),,,,,,,,,[이월미수액],,,,,,,,,,,,"264,000","264,000",,,,
,,,,,,거래처별 합계,,,,,,0,,,0,,0,0,0,0,,"264,000",,,,
가스코아산(하나이엔지),,,,,,,,,[이월미수액],,,,,,,,,,,,"435,600","435,600",,,,
가스코아산(하나이엔지),,,,,,,09/01,,"CO2 (공업용, 20kg)",,,,2,,2,"20,000","40,000","4,000","44,000",0,,"44,000",,,,
가스코아산(하나이엔지),,,,,,,09/01,,"CO2 (공업용, 40kg)",,,,5,,5,"40,000","200,000","20,000","220,000",0,,"220,000",,,,
가스코아산(하나이엔지),,,,,,,09/01,,"O2 (공업용, 40L)",,,,2,,2,"12,000","24,000","2,400","26,400",0,,"26,400",,,,
가스코아산(하나이엔지),,,,,,,09/08,,"CO2 (공업용, 40kg)",,,,4,,4,"40,000","160,000","16,000","176,000",0,,"176,000",,,,
가스코아산(하나이엔지),,,,,,,09/08,,"O2 (공업용, 40L)",,,,4,,4,"12,000","48,000","4,800","52,800",0,,"52,800",,,,
가스코아산(하나이엔지),,,,,,,09/15,,"CO2 (공업용, 20kg)",,,,1,,2,"20,000","40,000","4,000","44,000",0,,"44,000",,,,
가스코아산(하나이엔지),,,,,,,09/15,,"CO2 (공업용, 40kg)",,,,1,,1,"40,000","40,000","4,000","44,000",0,,"44,000",,,,
가스코아산(하나이엔지),,,,,,,09/15,,"O2 (공업용, 40L)",,,,4,,3,"12,000","36,000","3,600","39,600",0,,"39,600",,,,
,,,,,,거래처별 합계,,,,,,23,,,23,,"588,000","58,800","646,800",0,,"1,082,400",,,,
가스코아산(현진산업),,,,,,,09/02,,"N2 (공업용, 40L)",,,,6,,6,"7,000","42,000","4,200","46,200",0,,"46,200",,,,
,,,,,,거래처별 합계,,,,,,6,,,6,,"42,000","4,200","46,200",0,,"46,200",,,,
가스코아산.,,,,,,,,,[이월미수액],,,,,,,,,,,,"470,904,262","470,904,262",,,,
가스코아산.,,,,,,,09/01,,"Ar (kg, Bulk)",,,,0,,"7,424",460,"3,415,040","341,504","3,756,544",0,,"3,756,544",,,,
가스코아산.,,,,,,,09/01,,"Ar (kg, Bulk)",,,,0,,"3,596",515,"1,851,940","185,194","2,037,134",0,,"2,037,134",씨에스,,,
가스코아산.,,,,,,,09/01,,"Ar (kg, Bulk)",,,,0,,"4,020",515,"2,070,300","207,030","2,277,330",0,,"2,277,330",목안산업-진천,,,
가스코아산.,,,,,,,09/01,,"Ar (kg, Bulk)",,,,0,,"2,360",515,"1,215,400","121,540","1,336,940",0,,"1,336,940",이녹스리튬,,,
가스코아산.,,,,,,,09/01,,"Ar (kg, Bulk)",,,,0,,"3,405",515,"1,753,575","175,358","1,928,933",0,,"1,928,933",유미코아-1공장,,,
가스코아산.,,,,,,,09/01,,"CO2 (kg, Bulk)",,,,0,,"4,150",250,"1,037,500","103,750","1,141,250",0,,"1,141,250",동양특수주강,,,
가스코아산.,,,,,,,09/01,,"CO2 (kg, Bulk)",,,,0,,"1,150",250,"287,500","28,750","316,250",0,,"316,250",이녹스리튬 초도,,,
가스코아산.,,,,,,,09/01,,"CO2 (kg, Bulk)",,,,0,,"11,001",250,"2,750,250","275,025","3,025,275",0,,"3,025,275",국가산업가스,,,
가스코아산.,,,,,,,09/01,,"CO2 (kg, Bulk)",,,,0,,"8,707",250,"2,176,750","217,675","2,394,425",0,,"2,394,425",동호오토,,,
가스코아산.,,,,,,,09/01,,"CO2 (kg, Bulk)",,,,0,,"16,380",220,"3,603,600","360,360","3,963,960",0,,"3,963,960",유진산업가스,,,
가스코아산.,,,,,,,09/01,,"CO2 (kg, Bulk)",,,,0,,"14,140",220,"3,110,800","311,080","3,421,880",0,,"3,421,880",당진가스,,,
가스코아산.,,,,,,,09/01,,"CO2 (kg, Bulk)",,,,0,,"18,820",220,"4,140,400","414,040","4,554,440",0,,"4,554,440",가스켐,,,
가스코아산.,,,,,,,09/01,,"CO2 (kg, Bulk)",,,,0,,"4,390",250,"1,097,500","109,750","1,207,250",0,,"1,207,250",대일공업,,,
가스코아산.,,,,,,,09/01,,"CO2 (UHP, 20kg, 99.995%)",,,,1,,0,"35,000",0,0,0,0,,0,,,,
가스코아산.,,,,,,,09/01,,"Mix (UHP, H2 0.15% + CO 5% + CO2 14% + N2 18% + He Bal)",,,,8,,0,"270,000",0,0,0,0,,0,,,,
가스코아산.,,,,,,,09/01,,"N2 (kg, Bulk)",,,,0,,"5,000",175,"875,000","87,500","962,500",0,,"962,500",평화가스,,,
가스코아산.,,,,,,,09/02,,"Ar (kg, Bulk)",,,,0,,"7,470",505,"3,772,350","377,235","4,149,585",0,,"4,149,585",성우하이텍,,,
가스코아산.,,,,,,,09/02,,"Ar (kg, Bulk)",,,,0,,"7,720",515,"3,975,800","397,580","4,373,380",0,,"4,373,380",동희,,,
가스코아산.,,,,,,,09/02,,"Ar (kg, Bulk)",,,,0,,"4,560",515,"2,348,400","234,840","2,583,240",0,,"2,583,240",목안산업-안성,,,
가스코아산.,,,,,,,09/02,,"CO2 (kg, Bulk)",,,,0,,"20,580",220,"4,527,600","452,760","4,980,360",0,,"4,980,360",당진가스,,,
가스코아산.,,,,,,,09/02,,"CO2 (kg, Bulk)",,,,0,,"15,620",220,"3,436,400","343,640","3,780,040",0,,"3,780,040",가스켐솔루션,,,
가스코아산.,,,,,,,09/02,,"CO2 (kg, Bulk)",,,,0,,"3,976",250,"994,000","99,400","1,093,400",0,,"1,093,400",디에스씨-영인,,,
가스코아산.,,,,,,,09/02,,"CO2 (kg, Bulk)",,,,0,,"3,843",250,"960,750","96,075","1,056,825",0,,"1,056,825",올뉴스틸,,,
가스코아산.,,,,,,,09/02,,"CO2 (kg, Bulk)",,,,0,,"8,000",230,"1,840,000","184,000","2,024,000",0,,"2,024,000",,,,
가스코아산.,,,,,,,09/02,,"O2 (kg, Bulk)",,,,0,,"2,966",160,"474,560","47,456","522,016",0,,"522,016",일신정밀,,,
가스코아산.,,,,,,,09/03,,"Ar (kg, Bulk)",,,,0,,"7,264",470,"3,414,080","341,408","3,755,488",0,,"3,755,488",KS테크,,,
가스코아산.,,,,,,,09/03,,"Ar (kg, Bulk)",,,,0,,"2,980",515,"1,534,700","153,470","1,688,170",0,,"1,688,170",호원오토,,,
가스코아산.,,,,,,,09/03,,"CO2 (kg, Bulk)",,,,0,,"20,530",220,"4,516,600","451,660","4,968,260",0,,"4,968,260",가스켐,,,
가스코아산.,,,,,,,09/03,,"CO2 (kg, Bulk)",,,,0,,"18,740",220,"4,122,800","412,280","4,535,080",0,,"4,535,080",당진가스,,,
가스코아산.,,,,,,,09/03,,"CO2 (kg, Bulk)",,,,0,,"5,135",250,"1,283,750","128,375","1,412,125",0,,"1,412,125",동원F&B,,,
가스코아산.,,,,,,,09/03,,"CO2 (kg, Bulk)",,,,0,,"13,110",250,"3,277,500","327,750","3,605,250",0,,"3,605,250",성우하이텍,,,
가스코아산.,,,,,,,09/03,,"CO2 (kg, Bulk)",,,,0,,"4,115",250,"1,028,750","102,875","1,131,625",0,,"1,131,625",디에스씨-2공장,,,
가스코아산.,,,,,,,09/03,,"CO2 (kg, Bulk)",,,,0,,"13,110",250,"3,277,500","327,750","3,605,250",0,,"3,605,250",성우하이텍,,,
가스코아산.,,,,,,,09/03,,"CO2 (kg, Bulk)",,,,0,,"4,115",250,"1,028,750","102,875","1,131,625",0,,"1,131,625",디에스씨-2공장,,,
가스코아산.,,,,,,,09/03,,"CO2 (kg, Bulk)",,,,0,,"4,170",250,"1,042,500","104,250","1,146,750",0,,"1,146,750",대일공업,,,
가스코아산.,,,,,,,09/03,,"N2 (kg, Bulk)",,,,0,,"9,424",160,"1,507,840","150,784","1,658,624",0,,"1,658,624",,,,
가스코아산.,,,,,,,09/03,,"O2 (kg, Bulk)",,,,0,,"3,415",180,"614,700","61,470","676,170",0,,"676,170",주성이엔지,,,
가스코아산.,,,,,,,09/03,,"O2 (kg, Bulk)",,,,0,,"4,320",250,"1,080,000","108,000","1,188,000",0,,"1,188,000",동은스틸,,,
가스코아산.,,,,,,,09/03,,"O2 (kg, Bulk)",,,,0,,"4,044",180,"727,920","72,792","800,712",0,,"800,712",BH산업,,,
가스코아산.,,,,,,,09/04,,"Ar (kg, Bulk)",,,,0,,"4,298",515,"2,213,470","221,347","2,434,817",0,,"2,434,817",씨에스,,,
가스코아산.,,,,,,,09/04,,"Ar (kg, Bulk)",,,,0,,"5,140",505,"2,595,700","259,570","2,855,270",0,,"2,855,270",성우하이텍,,,
가스코아산.,,,,,,,09/04,,"Ar (kg, Bulk)",,,,0,,"5,650",515,"2,909,750","290,975","3,200,725",0,,"3,200,725",동희,,,
가스코아산.,,,,,,,09/04,,"Ar (kg, Bulk)",,,,0,,"4,006",515,"2,063,090","206,309","2,269,399",0,,"2,269,399",국제이엔지,,,
가스코아산.,,,,,,,09/04,,"Ar (kg, Bulk)",,,,0,,"3,357",415,"1,393,155","139,316","1,532,471",0,,"1,532,471",일신정밀,,,
가스코아산.,,,,,,,09/04,,"CO2 (kg, Bulk)",,,,0,,"3,620",250,"905,000","90,500","995,500",0,,"995,500",동희,,,
가스코아산.,,,,,,,09/04,,"CO2 (kg, Bulk)",,,,0,,"4,055",250,"1,013,750","101,375","1,115,125",0,,"1,115,125",원에이커팜,,,
가스코아산.,,,,,,,09/04,,"CO2 (kg, Bulk)",,,,0,,"20,960",250,"5,240,000","524,000","5,764,000",0,,"5,764,000",한화,,,
가스코아산.,,,,,,,09/04,,"N2 (kg, Bulk)",,,,0,,"3,603",175,"630,525","63,053","693,578",0,,"693,578",에프알디,,,
가스코아산.,,,,,,,09/04,,"O2 (kg, Bulk)",,,,0,,"9,670",155,"1,498,850","149,885","1,648,735",0,,"1,648,735",,,,
가스코아산.,,,,,,,09/05,,"Ar (kg, Bulk)",,,,0,,"3,781",515,"1,947,215","194,722","2,141,937",0,,"2,141,937",디에스씨-2공장,,,
가스코아산.,,,,,,,09/05,,"Ar (kg, Bulk)",,,,0,,"14,080",515,"7,251,200","725,120","7,976,320",0,,"7,976,320",동희,,,
가스코아산.,,,,,,,09/05,,"CO2 (kg, Bulk)",,,,0,,"3,987",250,"996,750","99,675","1,096,425",0,,"1,096,425",대일공업,,,
가스코아산.,,,,,,,09/05,,"CO2 (kg, Bulk)",,,,0,,"16,710",220,"3,676,200","367,620","4,043,820",0,,"4,043,820",가스켐,,,
가스코아산.,,,,,,,09/06,,"CO2 (kg, Bulk)",,,,0,,"20,600",220,"4,532,000","453,200","4,985,200",0,,"4,985,200",가스켐,,,
가스코아산.,,,,,,,09/06,,"CO2 (kg, Bulk)",,,,0,,"3,640",250,"910,000","91,000","1,001,000",0,,"1,001,000",스퀴즈맥주-춘천,,,
가스코아산.,,,,,,,09/07,,"Ar (kg, Bulk)",,,,0,,"4,896",415,"2,031,840","203,184","2,235,024",0,,"2,235,024",일신정밀,,,
가스코아산.,,,,,,,09/07,,"Ar (kg, Bulk)",,,,0,,"4,060",515,"2,090,900","209,090","2,299,990",0,,"2,299,990",공진산업,,,
가스코아산.,,,,,,,09/07,,"Ar (kg, Bulk)",,,,0,,"4,635",460,"2,132,100","213,210","2,345,310",0,,"2,345,310",,,,
가스코아산.,,,,,,,09/07,,"Ar (kg, Bulk)",,,,0,,"8,870",505,"4,479,350","447,935","4,927,285",0,,"4,927,285",성우하이텍,,,
가스코아산.,,,,,,,09/07,,"CO2 (kg, Bulk)",,,,0,,"19,570",220,"4,305,400","430,540","4,735,940",0,,"4,735,940",당진가스,,,
가스코아산.,,,,,,,09/07,,"CO2 (kg, Bulk)",,,,0,,"19,502",250,"4,875,500","487,550","5,363,050",0,,"5,363,050",유진건철,,,
가스코아산.,,,,,,,09/08,,"Ar (kg, Bulk)",,,,0,,"3,881",515,"1,998,715","199,872","2,198,587",0,,"2,198,587",씨에스,,,
가스코아산.,,,,,,,09/08,,"Ar (kg, Bulk)",,,,0,,"4,049",515,"2,085,235","208,524","2,293,759",0,,"2,293,759",국제이엔지,,,
가스코아산.,,,,,,,09/08,,"CO2 (kg, Bulk)",,,,0,,"4,880",250,"1,220,000","122,000","1,342,000",0,,"1,342,000",오텍,,,
가스코아산.,,,,,,,09/08,,"CO2 (kg, Bulk)",,,,0,,"15,303",250,"3,825,750","382,575","4,208,325",0,,"4,208,325",KS테크,,,
가스코아산.,,,,,,,09/08,,"CO2 (kg, Bulk)",,,,0,,"11,000",250,"2,750,000","275,000","3,025,000",0,,"3,025,000",평화가스,,,
가스코아산.,,,,,,,09/08,,"CO2 (kg, Bulk)",,,,0,,"10,157",250,"2,539,250","253,925","2,793,175",0,,"2,793,175",에이티에스,,,
가스코아산.,,,,,,,09/08,,"CO2 (kg, Bulk)",,,,0,,"20,460",220,"4,501,200","450,120","4,951,320",0,,"4,951,320",가스켐,,,
가스코아산.,,,,,,,09/08,,"CO2 (kg, Bulk)",,,,0,,"20,230",220,"4,450,600","445,060","4,895,660",0,,"4,895,660",당진가스,,,
가스코아산.,,,,,,,09/08,,"CO2 (kg, Bulk)",,,,0,,"3,871",250,"967,750","96,775","1,064,525",0,,"1,064,525",대일공업,,,
가스코아산.,,,,,,,09/08,,"CO2 (kg, Bulk)",,,,0,,"2,350",250,"587,500","58,750","646,250",0,,"646,250",동희,,,
가스코아산.,,,,,,,09/08,,"CO2 (kg, Bulk)",,,,0,,"8,160",250,"2,040,000","204,000","2,244,000",0,,"2,244,000",성우하이텍,,,
가스코아산.,,,,,,,09/08,,"CO2 (kg, Bulk)",,,,0,,"4,945",250,"1,236,250","123,625","1,359,875",0,,"1,359,875",디에스씨-1공장,,,
가스코아산.,,,,,,,09/08,,"CO2 (kg, Bulk)",,,,0,,"4,910",250,"1,227,500","122,750","1,350,250",0,,"1,350,250",디에스씨-영인,,,
가스코아산.,,,,,,,09/08,,"N2 (kg, Bulk)",,,,0,,"3,700",235,"869,500","86,950","956,450",0,,"956,450",CMCL,,,
가스코아산.,,,,,,,09/08,,"N2 (kg, Bulk)",,,,0,,"6,414",160,"1,026,240","102,624","1,128,864",0,,"1,128,864",,,,
가스코아산.,,,,,,,09/09,,"Ar (kg, Bulk)",,,,0,,"12,004",460,"5,521,840","552,184","6,074,024",0,,"6,074,024",,,,
가스코아산.,,,,,,,09/09,,"Ar (kg, Bulk)",,,,0,,"3,665",515,"1,887,475","188,748","2,076,223",0,,"2,076,223",디에스씨-1공장,,,
가스코아산.,,,,,,,09/09,,"Ar (kg, Bulk)",,,,0,,"8,840",515,"4,552,600","455,260","5,007,860",0,,"5,007,860",동희,,,
가스코아산.,,,,,,,09/09,,"CO2 (kg, Bulk)",,,,0,,"3,501",250,"875,250","87,525","962,775",0,,"962,775",대일공업,,,
가스코아산.,,,,,,,09/09,,"CO2 (kg, Bulk)",,,,0,,"4,685",250,"1,171,250","117,125","1,288,375",0,,"1,288,375",풍기산업,,,
가스코아산.,,,,,,,09/09,,"CO2 (kg, Bulk)",,,,0,,"9,930",250,"2,482,500","248,250","2,730,750",0,,"2,730,750",코리아휠,,,
가스코아산.,,,,,,,09/09,,"CO2 (kg, Bulk)",,,,0,,"20,550",220,"4,521,000","452,100","4,973,100",0,,"4,973,100",가스켐,,,
가스코아산.,,,,,,,09/09,,"CO2 (kg, Bulk)",,,,0,,"15,150",220,"3,333,000","333,300","3,666,300",0,,"3,666,300",당진가스,,,
가스코아산.,,,,,,,09/09,,"CO2 (kg, Bulk)",,,,0,,"18,180",220,"3,999,600","399,960","4,399,560",0,,"4,399,560",가스켐솔루션,,,
가스코아산.,,,,,,,09/09,,"CO2 (kg, Bulk)",,,,0,,"4,945",250,"1,236,250","123,625","1,359,875",0,,"1,359,875",태평양,,,
가스코아산.,,,,,,,09/09,,"CO2 (kg, Bulk)",,,,0,,"3,630",250,"907,500","90,750","998,250",0,,"998,250",국가산업가스,,,
가스코아산.,,,,,,,09/10,,"Ar (kg, Bulk)",,,,0,,"2,406",515,"1,239,090","123,909","1,362,999",0,,"1,362,999",씨에스,,,
가스코아산.,,,,,,,09/10,,"Ar (kg, Bulk)",,,,0,,"7,630",505,"3,853,150","385,315","4,238,465",0,,"4,238,465",성우하이텍,,,
가스코아산.,,,,,,,09/10,,"Ar (kg, Bulk)",,,,0,,"5,150",515,"2,652,250","265,225","2,917,475",0,,"2,917,475",동희,,,
가스코아산.,,,,,,,09/10,,"Ar (kg, Bulk)",,,,0,,"6,583",470,"3,094,010","309,401","3,403,411",0,,"3,403,411",KS테크,,,
가스코아산.,,,,,,,09/10,,"Ar (kg, Bulk)",,,,0,,"3,845",515,"1,980,175","198,018","2,178,193",0,,"2,178,193",대찬테크,,,
가스코아산.,,,,,,,09/10,,"CO2 (kg, Bulk)",,,,0,,"20,480",220,"4,505,600","450,560","4,956,160",0,,"4,956,160",가스켐,,,
가스코아산.,,,,,,,09/10,,"CO2 (kg, Bulk)",,,,0,,"19,900",220,"4,378,000","437,800","4,815,800",0,,"4,815,800",당진가스,,,
가스코아산.,,,,,,,09/10,,"CO2 (kg, Bulk)",,,,0,,"7,510",250,"1,877,500","187,750","2,065,250",0,,"2,065,250",동호오토,,,
가스코아산.,,,,,,,09/10,,"CO2 (kg, Bulk)",,,,0,,"10,067",250,"2,516,750","251,675","2,768,425",0,,"2,768,425",프라코,,,
가스코아산.,,,,,,,09/10,,"CO2 (kg, Bulk)",,,,0,,"2,128",250,"532,000","53,200","585,200",0,,"585,200",국가산업가스,,,
가스코아산.,,,,,,,09/10,,"CO2 (kg, Bulk)",,,,0,,"4,452",250,"1,113,000","111,300","1,224,300",0,,"1,224,300",하스코,,,
가스코아산.,,,,,,,09/10,,"CO2 (kg, Bulk)",,,,0,,"20,950",250,"5,237,500","523,750","5,761,250",0,,"5,761,250",한화,,,
가스코아산.,,,,,,,09/10,,"CO2 (kg, Bulk)",,,,0,,"2,801",250,"700,250","70,025","770,275",0,,"770,275",대일공업,,,
가스코아산.,,,,,,,09/10,,"Mix (UHP, CO 4% + CO2 8% + He 28% + N2 Bal)",,,,0,,10,"270,000","2,700,000","270,000","2,970,000",0,,"2,970,000",,,,
가스코아산.,,,,,,,09/10,,"Mix (UHP, H2 0.15% + CO 5% + CO2 14% + N2 18% + He Bal)",,,,4,,9,"270,000","2,430,000","243,000","2,673,000",0,,"2,673,000",,,,
가스코아산.,,,,,,,09/10,,"O2 (kg, Bulk)",,,,0,,"3,291",180,"592,380","59,238","651,618",0,,"651,618",주성이엔지,,,
가스코아산.,,,,,,,09/11,,"Ar (kg, Bulk)",,,,0,,"4,420",505,"2,232,100","223,210","2,455,310",0,,"2,455,310",성우하이텍,,,
가스코아산.,,,,,,,09/11,,"Ar (kg, Bulk)",,,,0,,"3,029",515,"1,559,935","155,994","1,715,929",0,,"1,715,929",디에스씨-2공장,,,
가스코아산.,,,,,,,09/11,,"Ar (kg, Bulk)",,,,0,,"5,390",515,"2,775,850","277,585","3,053,435",0,,"3,053,435",동희,,,
가스코아산.,,,,,,,09/11,,"Ar (kg, Bulk)",,,,0,,"2,337",415,"969,855","96,986","1,066,841",0,,"1,066,841",일신정밀,,,
가스코아산.,,,,,,,09/11,,"CO2 (kg, Bulk)",,,,0,,"4,090",250,"1,022,500","102,250","1,124,750",0,,"1,124,750",이녹스,,,
가스코아산.,,,,,,,09/11,,"CO2 (kg, Bulk)",,,,0,,"20,785",250,"5,196,250","519,625","5,715,875",0,,"5,715,875",중부산업가스,,,
가스코아산.,,,,,,,09/11,,"CO2 (kg, Bulk)",,,,0,,"4,817",250,"1,204,250","120,425","1,324,675",0,,"1,324,675",성우하이텍-조립동,,,
가스코아산.,,,,,,,09/11,,"CO2 (kg, Bulk)",,,,0,,"15,950",220,"3,509,000","350,900","3,859,900",0,,"3,859,900",당진가스,,,
가스코아산.,,,,,,,09/11,,"N2 (kg, Bulk)",,,,0,,"10,105",160,"1,616,800","161,680","1,778,480",0,,"1,778,480",에이티에스 차대차,,,
가스코아산.,,,,,,,09/12,,"CO2 (kg, Bulk)",,,,0,,"3,560",250,"890,000","89,000","979,000",0,,"979,000",올뉴스틸,,,
가스코아산.,,,,,,,09/12,,"CO2 (kg, Bulk)",,,,0,,"4,321",250,"1,080,250","108,025","1,188,275",0,,"1,188,275",영흥금속,,,
가스코아산.,,,,,,,09/12,,"CO2 (kg, Bulk)",,,,0,,"2,510",250,"627,500","62,750","690,250",0,,"690,250",동희,,,
가스코아산.,,,,,,,09/12,,"CO2 (kg, Bulk)",,,,0,,"10,865",250,"2,716,250","271,625","2,987,875",0,,"2,987,875",국가산업가스,,,
가스코아산.,,,,,,,09/12,,"CO2 (kg, Bulk)",,,,0,,"3,906",250,"976,500","97,650","1,074,150",0,,"1,074,150",대일공업,,,
가스코아산.,,,,,,,09/12,,"CO2 (kg, Bulk)",,,,0,,"6,514",230,"1,498,220","149,822","1,648,042",0,,"1,648,042",,,,
가스코아산.,,,,,,,09/12,,"N2 (kg, Bulk)",,,,0,,"5,010",160,"801,600","80,160","881,760",0,,"881,760",,,,
가스코아산.,,,,,,,09/13,,"CO2 (kg, Bulk)",,,,0,,"3,490",250,"872,500","87,250","959,750",0,,"959,750",디에스씨-영인,,,
가스코아산.,,,,,,,09/13,,"CO2 (kg, Bulk)",,,,0,,"20,600",220,"4,532,000","453,200","4,985,200",0,,"4,985,200",가스켐,,,
가스코아산.,,,,,,,09/14,,"Ar (kg, Bulk)",,,,0,,"4,361",440,"1,918,840","191,884","2,110,724",0,,"2,110,724",유진산업가스,,,
가스코아산.,,,,,,,09/14,,"Ar (kg, Bulk)",,,,0,,"6,070",505,"3,065,350","306,535","3,371,885",0,,"3,371,885",성우하이텍,,,
가스코아산.,,,,,,,09/14,,"Ar (kg, Bulk)",,,,0,,"4,005",515,"2,062,575","206,258","2,268,833",0,,"2,268,833",씨에스,,,
가스코아산.,,,,,,,09/14,,"Ar (kg, Bulk)",,,,0,,"4,982",515,"2,565,730","256,573","2,822,303",0,,"2,822,303",대승가스,,,
가스코아산.,,,,,,,09/14,,"CO2 (kg, Bulk)",,,,0,,"2,872",250,"718,000","71,800","789,800",0,,"789,800",효경특장,,,
가스코아산.,,,,,,,09/14,,"CO2 (kg, Bulk)",,,,0,,"4,248",250,"1,062,000","106,200","1,168,200",0,,"1,168,200",한성특장,,,
가스코아산.,,,,,,,09/14,,"CO2 (kg, Bulk)",,,,0,,"20,660",220,"4,545,200","454,520","4,999,720",0,,"4,999,720",당진가스,,,
가스코아산.,,,,,,,09/14,,"CO2 (kg, Bulk)",,,,0,,"4,710",250,"1,177,500","117,750","1,295,250",0,,"1,295,250",조양산업,,,
가스코아산.,,,,,,,09/14,,"CO2 (kg, Bulk)",,,,0,,"2,302",250,"575,500","57,550","633,050",0,,"633,050",대일공업,,,
가스코아산.,,,,,,,09/14,,"CO2 (kg, Bulk)",,,,0,,"3,970",230,"913,100","91,310","1,004,410",0,,"1,004,410",,,,
가스코아산.,,,,,,,09/14,,"N2 (kg, Bulk)",,,,0,,"2,503",175,"438,025","43,803","481,828",0,,"481,828",KC인더스트리,,,
가스코아산.,,,,,,,09/14,,"N2 (kg, Bulk)",,,,0,,"4,203",175,"735,525","73,553","809,078",0,,"809,078",평화가스,,,
가스코아산.,,,,,,,09/14,,"N2 (kg, Bulk)",,,,0,,"2,303",160,"368,480","36,848","405,328",0,,"405,328",,,,
가스코아산.,,,,,,,09/14,,"O2 (kg, Bulk)",,,,0,,"10,130",155,"1,570,150","157,015","1,727,165",0,,"1,727,165",,,,
가스코아산.,,,,,,,09/15,,"Ar (kg, Bulk)",,,,0,,"2,920",515,"1,503,800","150,380","1,654,180",0,,"1,654,180",동희,,,
가스코아산.,,,,,,,09/15,,"Ar (kg, Bulk)",,,,0,,"2,730",515,"1,405,950","140,595","1,546,545",0,,"1,546,545",유미코아-3공장,,,
가스코아산.,,,,,,,09/15,,"CO2 (kg, Bulk)",,,,0,,"2,520",250,"630,000","63,000","693,000",0,,"693,000",대일공업,,,
가스코아산.,,,,,,,09/15,,"CO2 (kg, Bulk)",,,,0,,"4,345",250,"1,086,250","108,625","1,194,875",0,,"1,194,875",신성공업,,,
가스코아산.,,,,,,,09/15,,"CO2 (kg, Bulk)",,,,0,,"3,520",250,"880,000","88,000","968,000",0,,"968,000",동원F&B,,,
가스코아산.,,,,,,,09/15,,"CO2 (kg, Bulk)",,,,0,,"16,080",220,"3,537,600","353,760","3,891,360",0,,"3,891,360",당진가스,,,
가스코아산.,,,,,,,09/15,,"CO2 (kg, Bulk)",,,,0,,"7,331",250,"1,832,750","183,275","2,016,025",0,,"2,016,025",거흥-1공장,,,
가스코아산.,,,,,,,09/15,,"CO2 (kg, Bulk)",,,,0,,"9,400",250,"2,350,000","235,000","2,585,000",0,,"2,585,000",거흥-2공장,,,
가스코아산.,,,,,,,09/15,,"CO2 (kg, Bulk)",,,,0,,"5,070",250,"1,267,500","126,750","1,394,250",0,,"1,394,250",청림에너지,,,
가스코아산.,,,,,,,09/15,,"O2 (kg, Bulk)",,,,0,,"3,507",180,"631,260","63,126","694,386",0,,"694,386",승진기계,,,
가스코아산.,,,,,,,09/15,,"O2 (kg, Bulk)",,,,0,,"4,270",250,"1,067,500","106,750","1,174,250",0,,"1,174,250",동은스틸,,,
가스코아산.,,,,,,,09/16,,"Ar (kg, Bulk)",,,,0,,"7,780",505,"3,928,900","392,890","4,321,790",0,,"4,321,790",성우하이텍,,,
가스코아산.,,,,,,,09/16,,"Ar (kg, Bulk)",,,,0,,"11,010",515,"5,670,150","567,015","6,237,165",0,,"6,237,165",동희,,,
가스코아산.,,,,,,,09/16,,"CO2 (kg, Bulk)",,,,0,,"4,089",230,"940,470","94,047","1,034,517",0,,"1,034,517",,,,
가스코아산.,,,,,,,09/16,,"CO2 (kg, Bulk)",,,,0,,"7,763",250,"1,940,750","194,075","2,134,825",0,,"2,134,825",에프알디,,,
가스코아산.,,,,,,,09/16,,"CO2 (kg, Bulk)",,,,0,,"20,510",220,"4,512,200","451,220","4,963,420",0,,"4,963,420",가스켐,,,
가스코아산.,,,,,,,09/16,,"CO2 (kg, Bulk)",,,,0,,"19,010",220,"4,182,200","418,220","4,600,420",0,,"4,600,420",가스켐솔루션,,,
가스코아산.,,,,,,,09/16,,"CO2 (kg, Bulk)",,,,0,,"20,770",220,"4,569,400","456,940","5,026,340",0,,"5,026,340",당진가스,,,
가스코아산.,,,,,,,09/16,,"N2 (kg, Bulk)",,,,0,,"2,805",175,"490,875","49,088","539,963",0,,"539,963",가람이엔지,,,
가스코아산.,,,,,,,09/16,,"N2 (kg, Bulk)",,,,0,,"5,230",160,"836,800","83,680","920,480",0,,"920,480",일신정밀,,,
,,,,,,거래처별 합계,,,,,,13,,,"1,198,720",,"340,141,650","34,014,165","374,155,815",0,,"845,060,077",,,,
가스테크코리아,,,,,,,,,[이월미수액],,,,,,,,,,,,0,0,,,,
가스테크코리아,,,,,,,09/11,,"N2 (kg, Bulk)",,,,0,,"3,022",208,"628,576","62,858","691,434",0,,"691,434",에타,,,
,,,,,,거래처별 합계,,,,,,0,,,"3,022",,"628,576","62,858","691,434",0,,"691,433",,,,
가스텍(고려신소재),,,,,,,,,[이월미수액],,,,,,,,,,,,"1,995,840","1,995,840",,,,
,,,,,,거래처별 합계,,,,,,0,,,0,,0,0,0,0,,"1,995,840",,,,
가스텍(대흥정공),,,,,,,,,[이월미수액],,,,,,,,,,,,"80,850,352","80,850,352",,,,
,,,,,,거래처별 합계,,,,,,0,,,0,,0,0,0,0,,"80,850,352",,,,
가스텍(미성르호봇),,,,,,,,,[이월미수액],,,,,,,,,,,,"2,960,914","2,960,914",,,,
,,,,,,거래처별 합계,,,,,,0,,,0,,0,0,0,0,,"2,960,914",,,,
가스텍(인천),,,,,,,,,[이월미수액],,,,,,,,,,,,"535,081,575","535,081,575",,,,
,,,,,,거래처별 합계,,,,,,0,,,0,,0,0,0,0,,"535,081,575",,,,
경민산업,,,,,,,,,[이월미수액],,,,,,,,,,,,"2,046,618","2,046,618",,,,
경민산업,,,,,,,09/14,,"N2 (liter, Bulk)",,,,0,,"3,715",225,"835,875","83,588","919,463",0,,"919,463","3,001kg",,,
,,,,,,거래처별 합계,,,,,,0,,,"3,715",,"835,875","83,588","919,463",0,,"2,966,080",,,,
고려대한가스,,,,,,,,,[이월미수액],,,,,,,,,,,,"9,287,717","9,287,717",,,,
고려대한가스,,,,,,,09/02,,"CO2 (kg, Bulk)",,,,0,,"5,252",290,"1,523,080","152,308","1,675,388",0,,"1,675,388",,,,
고려대한가스,,,,,,,09/08,,"Ar (UHP, 47L, 99.999%)",,,,12,,3,"20,000","60,000","6,000","66,000",0,,"66,000",,,,
고려대한가스,,,,,,,09/08,,"Mix (UHP, CO 4% + CO2 8% + He 28% + N2 Bal)",,,,0,,1,"363,000","363,000","36,300","399,300",0,,"399,300",,,,
고려대한가스,,,,,,,09/08,,"Mix (UHP, CO2 1.7% + N2 23.4% + He Bal)",,,,2,,3,"330,000","990,000","99,000","1,089,000",0,,"1,089,000",,,,
고려대한가스,,,,,,,09/08,,"Mix (UHP, CO2 5% + N2 35% + He Bal)",,,,2,,0,"330,000",0,0,0,0,,0,,,,
고려대한가스,,,,,,,09/09,,"CO2 (kg, Bulk)",,,,0,,"4,304",290,"1,248,160","124,816","1,372,976",0,,"1,372,976",,,,
고려대한가스,,,,,,,09/10,,"N2 (kg, Bulk)",,,,0,,"3,208",175,"561,400","56,140","617,540",0,,"617,540",유진산업,,,
고려대한가스,,,,,,,09/15,,"Ar (UHP, 47L, 99.999%)",,,,0,,6,"20,000","120,000","12,000","132,000",0,,"132,000",,,,
,,,,,,거래처별 합계,,,,,,16,,,"12,777",,"4,865,640","486,564","5,352,204",0,,"14,639,921",,,,
공도(한일가스충전소),,,,,,,,,[이월미수액],,,,,,,,,,,,"425,681","425,681",,,,
,,,,,,거래처별 합계,,,,,,0,,,0,,0,0,0,0,,"425,681",,,,
공도.,,,,,,,,,[이월미수액],,,,,,,,,,,,"3,513,708","3,513,708",,,,
,,,,,,거래처별 합계,,,,,,0,,,0,,0,0,0,0,,"3,513,708",,,,
국제산업가스,,,,,,,,,[이월미수액],,,,,,,,,,,,"9,795,568","9,795,568",,,,
국제산업가스,,,,,,,09/01,,"CO2 (kg, Bulk)",,,,0,,"21,285",290,"6,172,650","617,265","6,789,915",0,,"6,789,915",,,,
,,,,,,거래처별 합계,,,,,,0,,,"21,285",,"6,172,650","617,265","6,789,915",0,,"16,585,483",,,,
다올이앤씨 주식회사,,,,,,,,,[이월미수액],,,,,,,,,,,,"1,508,320","1,508,320",,,,
,,,,,,거래처별 합계,,,,,,0,,,0,,0,0,0,0,,"1,508,320",,,,
단일시스켐,,,,,,,,,[이월미수액],,,,,,,,,,,,"3,775,200","3,775,200",,,,
,,,,,,거래처별 합계,,,,,,0,,,0,,0,0,0,0,,"3,775,200",,,,
대성가스텍,,,,,,,,,[이월미수액],,,,,,,,,,,,"80,838,611","80,838,611",,,,
대성가스텍,,,,,,,09/03,,"Ar (UHP, 47L, 99.999%)",,,,10,,10,"22,869","228,690","22,869","251,559",0,,"251,559",,,,
대성가스텍,,,,,,,09/03,,"N2 (UHP, 99.999%)",,,,18,,13,"19,360","251,680","25,168","276,848",0,,"276,848",,,,
대성가스텍,,,,,,,09/04,,"CO2 (kg, Bulk)",,,,0,,"1,910",240,"458,400","45,840","504,240",0,,"504,240",5353,,,
대성가스텍,,,,,,,09/04,,"CO2 (kg, Bulk)",,,,0,,"15,000",230,"3,450,000","345,000","3,795,000",0,,"3,795,000",5353,,,
대성가스텍,,,,,,,09/07,,"CO2 (kg, Bulk)",,,,0,,"17,240",240,"4,137,600","413,760","4,551,360",0,,"4,551,360",5353,,,
대성가스텍,,,,,,,09/09,,"CO2 (kg, Bulk)",,,,0,,"17,260",240,"4,142,400","414,240","4,556,640",0,,"4,556,640",5353,,,
대성가스텍,,,,,,,09/14,,"CO2 (kg, Bulk)",,,,0,,"16,590",240,"3,981,600","398,160","4,379,760",0,,"4,379,760",5353,,,
,,,,,,거래처별 합계,,,,,,28,,,"68,023",,"16,650,370","1,665,037","18,315,407",0,,"99,154,018",,,,
대성스틸,,,,,,,,,[이월미수액],,,,,,,,,,,,"705,705","705,705",,,,
대성스틸,,,,,,,09/08,,"N2 (kg, Bulk)",,,,0,,"3,080",235,"723,800","72,380","796,180",0,,"796,180",,,,
,,,,,,거래처별 합계,,,,,,0,,,"3,080",,"723,800","72,380","796,180",0,,"1,501,885",,,,
대성플랜트,,,,,,,,,[이월미수액],,,,,,,,,,,,"1,766,710","1,766,710",,,,
대성플랜트,,,,,,,09/02,,"CO2 (공업용, 40kg)",,,,5,,6,"33,000","198,000","19,800","217,800",0,,"217,800",,,,
대성플랜트,,,,,,,09/08,,"O2 (LGC, 175L) ",,,,0,,2,"77,050","154,100","15,410","169,510",0,,"169,510",,,,
대성플랜트,,,,,,,09/08,,"O2 (LGC, 175L, 고압용)",,,,2,,0,"77,050",0,0,0,0,,0,,,,
대성플랜트,,,,,,,09/16,,"CO2 (공업용, 40kg)",,,,12,,12,"33,000","396,000","39,600","435,600",0,,"435,600",,,,
,,,,,,거래처별 합계,,,,,,19,,,20,,"748,100","74,810","822,910",0,,"2,589,620",,,,
대영가스상사,,,,,,,,,[이월미수액],,,,,,,,,,,,"11,625,680","11,625,680",,,,
대영가스상사,,,,,,,09/01,,용기검사 (일반),,,,2,,2,"44,300","88,600","8,860","97,460",0,,"97,460",O2 2,,,
대영가스상사,,,,,,,09/01,,Air (UHP),,,,1,,2,"35,000","70,000","7,000","77,000",0,,"77,000",,,,
대영가스상사,,,,,,,09/01,,Ar (일반),,,,4,,7,"13,000","91,000","9,100","100,100",0,,"100,100",,,,
대영가스상사,,,,,,,09/01,,"CO2 (공업용, 20kg)",,,,12,,12,"11,000","132,000","13,200","145,200",0,,"145,200",,,,
대영가스상사,,,,,,,09/01,,"CO2 (공업용, 40kg)",,,,4,,4,"22,000","88,000","8,800","96,800",0,,"96,800",,,,
대영가스상사,,,,,,,09/01,,"H2 (UHP, 47L, 99.999%)",,,,1,,0,"35,000",0,0,0,0,,0,,,,
대영가스상사,,,,,,,09/01,,"N2 (LGC, 175L)",,,,1,,1,"35,000","35,000","3,500","38,500",0,,"38,500",,,,
대영가스상사,,,,,,,09/01,,"N2 (UHP, 99.999%)",,,,2,,0,"23,000",0,0,0,0,,0,,,,
대영가스상사,,,,,,,09/01,,"O2 (공업용, 40L)",,,,8,,6,"4,000","24,000","2,400","26,400",0,,"26,400",,,,
대영가스상사,,,,,,,09/01,,"O2 (LGC, 175L) ",,,,1,,2,"35,000","70,000","7,000","77,000",0,,"77,000",,,,
대영가스상사,,,,,,,09/02,,용기검사 (일반),,,,1,,1,"44,300","44,300","4,430","48,730",0,,"48,730",O2,,,
대영가스상사,,,,,,,09/02,,Air (UHP),,,,2,,7,"35,000","245,000","24,500","269,500",0,,"269,500",,,,
대영가스상사,,,,,,,09/02,,Ar (일반),,,,12,,6,"13,000","78,000","7,800","85,800",0,,"85,800",,,,
대영가스상사,,,,,,,09/02,,"Ar (UHP, 47L, 99.999%)",,,,0,,3,"35,000","105,000","10,500","115,500",0,,"115,500",,,,
대영가스상사,,,,,,,09/02,,"CO2 (공업용, 20kg)",,,,5,,5,"11,000","55,000","5,500","60,500",0,,"60,500",,,,
대영가스상사,,,,,,,09/02,,"CO2 (공업용, 40kg)",,,,9,,9,"22,000","198,000","19,800","217,800",0,,"217,800",,,,
대영가스상사,,,,,,,09/02,,"CO2 (kg, Bulk)",,,,0,,"4,560",340,"1,550,400","155,040","1,705,440",0,,"1,705,440",고산,,,
대영가스상사,,,,,,,09/02,,"N2 (공업용, 40L)",,,,4,,8,"4,000","32,000","3,200","35,200",0,,"35,200",,,,
대영가스상사,,,,,,,09/02,,"N2 (LGC, 175L)",,,,1,,1,"35,000","35,000","3,500","38,500",0,,"38,500",,,,
대영가스상사,,,,,,,09/02,,"N2 (UHP, 99.999%)",,,,0,,5,"23,000","115,000","11,500","126,500",0,,"126,500",,,,
대영가스상사,,,,,,,09/02,,"O2 (공업용, 40L)",,,,11,,7,"4,000","28,000","2,800","30,800",0,,"30,800",,,,
대영가스상사,,,,,,,09/02,,"O2 (LGC, 175L) ",,,,1,,0,"35,000",0,0,0,0,,0,,,,
대영가스상사,,,,,,,09/03,,용기검사 (일반),,,,2,,2,"44,300","88,600","8,860","97,460",0,,"97,460","O2 1, CO2 1",,,
대영가스상사,,,,,,,09/03,,Ar (일반),,,,3,,7,"13,000","91,000","9,100","100,100",0,,"100,100",,,,
대영가스상사,,,,,,,09/03,,"Ar (LGC, 175L)",,,,1,,1,"155,000","155,000","15,500","170,500",0,,"170,500",,,,
대영가스상사,,,,,,,09/03,,C2H2 (UHP),,,,0,,1,"210,000","210,000","21,000","231,000",0,,"231,000",,,,
대영가스상사,,,,,,,09/03,,"CO2 (공업용, 20kg)",,,,11,,11,"11,000","121,000","12,100","133,100",0,,"133,100",,,,
대영가스상사,,,,,,,09/03,,"CO2 (공업용, 40kg)",,,,1,,2,"22,000","44,000","4,400","48,400",0,,"48,400",,,,
대영가스상사,,,,,,,09/03,,"O2 (공업용, 40L)",,,,11,,13,"4,000","52,000","5,200","57,200",0,,"57,200",,,,
대영가스상사,,,,,,,09/03,,"O2 (LGC, 175L) ",,,,1,,3,"35,000","105,000","10,500","115,500",0,,"115,500",,,,
대영가스상사,,,,,,,09/04,,용기검사 (일반),,,,4,,4,"44,300","177,200","17,720","194,920",0,,"194,920","O2 2, CO2 20kg 1, CO2 40kg 1",,,
대영가스상사,,,,,,,09/04,,Air (UHP),,,,1,,0,"35,000",0,0,0,0,,0,,,,
대영가스상사,,,,,,,09/04,,Ar (일반),,,,13,,8,"13,000","104,000","10,400","114,400",0,,"114,400",,,,
대영가스상사,,,,,,,09/04,,"CO2 (공업용, 20kg)",,,,7,,5,"11,000","55,000","5,500","60,500",0,,"60,500",,,,
대영가스상사,,,,,,,09/04,,"CO2 (공업용, 40kg)",,,,4,,4,"22,000","88,000","8,800","96,800",0,,"96,800",,,,
대영가스상사,,,,,,,09/04,,"N2 (공업용, 40L)",,,,4,,13,"4,000","52,000","5,200","57,200",0,,"57,200",,,,
대영가스상사,,,,,,,09/04,,"N2 (UHP, 99.999%)",,,,2,,0,"23,000",0,0,0,0,,0,,,,
대영가스상사,,,,,,,09/04,,"O2 (공업용, 40L)",,,,15,,12,"4,000","48,000","4,800","52,800",0,,"52,800",,,,
대영가스상사,,,,,,,09/04,,"O2 (LGC, 175L) ",,,,2,,0,"35,000",0,0,0,0,,0,,,,
대영가스상사,,,,,,,09/07,,용기검사 (일반),,,,2,,2,"44,300","88,600","8,860","97,460",0,,"97,460","O2 1, N2 1",,,
대영가스상사,,,,,,,09/07,,Air (UHP),,,,2,,0,"35,000",0,0,0,0,,0,,,,
대영가스상사,,,,,,,09/07,,Ar (일반),,,,9,,5,"13,000","65,000","6,500","71,500",0,,"71,500",,,,
대영가스상사,,,,,,,09/07,,"CO2 (공업용, 20kg)",,,,3,,9,"11,000","99,000","9,900","108,900",0,,"108,900",,,,
대영가스상사,,,,,,,09/07,,"CO2 (공업용, 40kg)",,,,1,,1,"22,000","22,000","2,200","24,200",0,,"24,200",,,,
대영가스상사,,,,,,,09/07,,"N2 (공업용, 40L)",,,,15,,0,"4,000",0,0,0,0,,0,,,,
대영가스상사,,,,,,,09/07,,"N2 (LGC, 175L)",,,,1,,1,"35,000","35,000","3,500","38,500",0,,"38,500",,,,
대영가스상사,,,,,,,09/07,,"O2 (공업용, 40L)",,,,20,,24,"4,000","96,000","9,600","105,600",0,,"105,600",,,,
대영가스상사,,,,,,,09/08,,Ar (일반),,,,2,,0,"13,000",0,0,0,0,,0,,,,
대영가스상사,,,,,,,09/08,,"Ar (LGC, 175L)",,,,1,,1,"155,000","155,000","15,500","170,500",0,,"170,500",,,,
대영가스상사,,,,,,,09/08,,"CO2 (공업용, 20kg)",,,,7,,7,"11,000","77,000","7,700","84,700",0,,"84,700",,,,
대영가스상사,,,,,,,09/08,,"N2 (공업용, 40L)",,,,5,,7,"4,000","28,000","2,800","30,800",0,,"30,800",,,,
대영가스상사,,,,,,,09/08,,"O2 (공업용, 40L)",,,,6,,6,"4,000","24,000","2,400","26,400",0,,"26,400",,,,
대영가스상사,,,,,,,09/09,,Air (UHP),,,,2,,0,"35,000",0,0,0,0,,0,,,,
대영가스상사,,,,,,,09/09,,Ar (일반),,,,0,,5,"13,000","65,000","6,500","71,500",0,,"71,500",,,,
대영가스상사,,,,,,,09/09,,"CO2 (공업용, 40kg)",,,,0,,4,"22,000","88,000","8,800","96,800",0,,"96,800",,,,
대영가스상사,,,,,,,09/09,,"N2 (UHP, 99.999%)",,,,2,,0,"23,000",0,0,0,0,,0,,,,
대영가스상사,,,,,,,09/09,,"O2 (공업용, 40L)",,,,7,,5,"4,000","20,000","2,000","22,000",0,,"22,000",,,,
대영가스상사,,,,,,,09/10,,용기검사 (일반),,,,1,,1,"44,300","44,300","4,430","48,730",0,,"48,730",CO2 20kg,,,
대영가스상사,,,,,,,09/10,,입금 (가스매출),,,,0,,0,0,0,0,0,"10,456,160",,"-10,456,160",8월 거래분,,,
대영가스상사,,,,,,,09/10,,입금 (용기검사),,,,0,,0,0,0,0,0,"1,169,520",,"-1,169,520",,,,
대영가스상사,,,,,,,09/10,,Ar (일반),,,,12,,12,"13,000","156,000","15,600","171,600",0,,"171,600",,,,
대영가스상사,,,,,,,09/10,,"Ar (LGC, 175L)",,,,2,,2,"155,000","310,000","31,000","341,000",0,,"341,000",,,,
대영가스상사,,,,,,,09/10,,"CO2 (공업용, 20kg)",,,,24,,18,"11,000","198,000","19,800","217,800",0,,"217,800",,,,
대영가스상사,,,,,,,09/10,,"CO2 (공업용, 40kg)",,,,4,,0,"22,000",0,0,0,0,,0,,,,
대영가스상사,,,,,,,09/10,,"N2 (공업용, 40L)",,,,2,,2,"4,000","8,000",800,"8,800",0,,"8,800",,,,
대영가스상사,,,,,,,09/10,,"N2 (UHP, 99.999%)",,,,2,,0,"23,000",0,0,0,0,,0,,,,
대영가스상사,,,,,,,09/10,,"O2 (공업용, 40L)",,,,9,,5,"4,000","20,000","2,000","22,000",0,,"22,000",,,,
대영가스상사,,,,,,,09/10,,"O2 (LGC, 175L) ",,,,1,,1,"35,000","35,000","3,500","38,500",0,,"38,500",,,,
대영가스상사,,,,,,,09/11,,용기검사 (일반),,,,1,,1,"44,300","44,300","4,430","48,730",0,,"48,730",AR,,,
대영가스상사,,,,,,,09/11,,Air (UHP),,,,0,,1,"35,000","35,000","3,500","38,500",0,,"38,500",,,,
대영가스상사,,,,,,,09/11,,Ar (일반),,,,20,,20,"13,000","260,000","26,000","286,000",0,,"286,000",,,,
대영가스상사,,,,,,,09/11,,"Ar (UHP, 47L, 99.999%)",,,,0,,1,"35,000","35,000","3,500","38,500",0,,"38,500",,,,
대영가스상사,,,,,,,09/11,,"CO2 (공업용, 20kg)",,,,0,,7,"11,000","77,000","7,700","84,700",0,,"84,700",,,,
대영가스상사,,,,,,,09/11,,"CO2 (공업용, 40kg)",,,,3,,0,"22,000",0,0,0,0,,0,,,,
대영가스상사,,,,,,,09/11,,"N2 (공업용, 40L)",,,,5,,10,"4,000","40,000","4,000","44,000",0,,"44,000",,,,
대영가스상사,,,,,,,09/11,,"N2 (LGC, 175L)",,,,1,,1,"35,000","35,000","3,500","38,500",0,,"38,500",,,,
대영가스상사,,,,,,,09/11,,"N2 (UHP, 99.999%)",,,,0,,3,"23,000","69,000","6,900","75,900",0,,"75,900",,,,
대영가스상사,,,,,,,09/11,,"O2 (공업용, 40L)",,,,3,,7,"4,000","28,000","2,800","30,800",0,,"30,800",,,,
대영가스상사,,,,,,,09/14,,용기검사 (일반),,,,1,,1,"44,300","44,300","4,430","48,730",0,,"48,730",O2,,,
대영가스상사,,,,,,,09/14,,Air (UHP),,,,3,,0,"35,000",0,0,0,0,,0,,,,
대영가스상사,,,,,,,09/14,,Ar (일반),,,,6,,3,"13,000","39,000","3,900","42,900",0,,"42,900",,,,
대영가스상사,,,,,,,09/14,,"CO2 (공업용, 20kg)",,,,7,,7,"11,000","77,000","7,700","84,700",0,,"84,700",,,,
대영가스상사,,,,,,,09/14,,"CO2 (공업용, 40kg)",,,,2,,2,"22,000","44,000","4,400","48,400",0,,"48,400",,,,
대영가스상사,,,,,,,09/14,,"H2 (UHP, 47L, 99.999%)",,,,1,,0,"35,000",0,0,0,0,,0,,,,
대영가스상사,,,,,,,09/14,,"N2 (공업용, 40L)",,,,3,,4,"4,000","16,000","1,600","17,600",0,,"17,600",,,,
대영가스상사,,,,,,,09/14,,"N2 (UHP, 99.999%)",,,,1,,0,"23,000",0,0,0,0,,0,,,,
대영가스상사,,,,,,,09/14,,"O2 (공업용, 40L)",,,,4,,1,"4,000","4,000",400,"4,400",0,,"4,400",,,,
대영가스상사,,,,,,,09/15,,용기검사 (일반),,,,7,,7,"44,300","310,100","31,010","341,110",0,,"341,110","O2 5, AR 1, CO2 40kg 1",,,
대영가스상사,,,,,,,09/15,,Air (UHP),,,,2,,4,"35,000","140,000","14,000","154,000",0,,"154,000",,,,
대영가스상사,,,,,,,09/15,,Ar (일반),,,,13,,20,"13,000","260,000","26,000","286,000",0,,"286,000",,,,
대영가스상사,,,,,,,09/15,,"Ar (UHP, 47L, 99.999%)",,,,2,,0,"35,000",0,0,0,0,,0,,,,
대영가스상사,,,,,,,09/15,,"CO2 (공업용, 20kg)",,,,10,,3,"11,000","33,000","3,300","36,300",0,,"36,300",,,,
대영가스상사,,,,,,,09/15,,"CO2 (공업용, 40kg)",,,,2,,4,"22,000","88,000","8,800","96,800",0,,"96,800",,,,
대영가스상사,,,,,,,09/15,,"H2 (UHP, 47L, 99.999%)",,,,1,,0,"35,000",0,0,0,0,,0,,,,
대영가스상사,,,,,,,09/15,,"N2 (공업용, 40L)",,,,1,,1,"4,000","4,000",400,"4,400",0,,"4,400",,,,
대영가스상사,,,,,,,09/15,,"N2 (LGC, 175L)",,,,1,,2,"35,000","70,000","7,000","77,000",0,,"77,000",,,,
대영가스상사,,,,,,,09/15,,"N2 (UHP, 99.999%)",,,,2,,2,"23,000","46,000","4,600","50,600",0,,"50,600",,,,
대영가스상사,,,,,,,09/15,,"O2 (공업용, 40L)",,,,22,,16,"4,000","64,000","6,400","70,400",0,,"70,400",,,,
대영가스상사,,,,,,,09/16,,Air (UHP),,,,1,,0,"35,000",0,0,0,0,,0,,,,
대영가스상사,,,,,,,09/16,,Ar (일반),,,,11,,10,"13,000","130,000","13,000","143,000",0,,"143,000",,,,
대영가스상사,,,,,,,09/16,,"Ar (LGC, 175L)",,,,1,,1,"155,000","155,000","15,500","170,500",0,,"170,500",,,,
대영가스상사,,,,,,,09/16,,"CO2 (공업용, 40kg)",,,,2,,2,"22,000","44,000","4,400","48,400",0,,"48,400",,,,
대영가스상사,,,,,,,09/16,,"N2 (공업용, 40L)",,,,12,,4,"4,000","16,000","1,600","17,600",0,,"17,600",,,,
대영가스상사,,,,,,,09/16,,"N2 (LGC, 175L)",,,,1,,0,"35,000",0,0,0,0,,0,,,,
대영가스상사,,,,,,,09/16,,"N2 (UHP, 99.999%)",,,,1,,0,"23,000",0,0,0,0,,0,,,,
대영가스상사,,,,,,,09/16,,"O2 (공업용, 40L)",,,,2,,0,"4,000",0,0,0,0,,0,,,,
,,,,,,거래처별 합계,,,,,,461,,,"4,997",,"8,316,700","831,670","9,148,370","11,625,680",,"9,148,370",,,,
대진에스에이,,,,,,,,,[이월미수액],,,,,,,,,,,,"2,508,220","2,508,220",,,,
대진에스에이,,,,,,,09/03,,"N2 (kg, Bulk)",,,,0,,"3,718",200,"743,600","74,360","817,960",0,,"817,960",,,,
대진에스에이,,,,,,,09/04,,입금 (가스매출),,,,0,,0,0,0,0,0,"933,240",,"-933,240",6월 거래분,,,
,,,,,,거래처별 합계,,,,,,0,,,"3,718",,"743,600","74,360","817,960","933,240",,"2,392,940",,,,
대한산업가스,,,,,,,,,[이월미수액],,,,,,,,,,,,"16,871,525","16,871,525",,,,
대한산업가스,,,,,,,09/04,,"Ar (kg, Bulk)",,,,0,,"4,585",530,"2,430,050","243,005","2,673,055",0,,"2,673,055",,,,
대한산업가스,,,,,,,09/07,,"CO2 (kg, Bulk)",,,,0,,"4,513",300,"1,353,900","135,390","1,489,290",0,,"1,489,290",유림산업,,,
대한산업가스,,,,,,,09/10,,"CO2 (kg, Bulk)",,,,0,,"9,000",245,"2,205,000","220,500","2,425,500",0,,"2,425,500",,,,
대한산업가스,,,,,,,09/12,,"CO2 (kg, Bulk)",,,,0,,"5,100",245,"1,249,500","124,950","1,374,450",0,,"1,374,450",덕신하우징,,,
대한산업가스,,,,,,,09/14,,"Ar (kg, Bulk)",,,,0,,"4,003",530,"2,121,590","212,159","2,333,749",0,,"2,333,749",,,,
,,,,,,거래처별 합계,,,,,,0,,,"27,201",,"9,360,040","936,004","10,296,044",0,,"27,167,569",,,,
대한특수가스,,,,,,,,,[이월미수액],,,,,,,,,,,,"66,010,274","66,010,274",,,,
대한특수가스,,,,,,,09/03,,"CO2 (kg, Bulk)",,,,0,,"7,535",290,"2,185,150","218,515","2,403,665",0,,"2,403,665",,,,
대한특수가스,,,,,,,09/07,,입금 (가스매출),,,,0,,0,0,0,0,0,"35,181,245",,"-35,181,245",7월 거래분,,,
대한특수가스,,,,,,,09/07,,"CO2 (kg, Bulk)",,,,0,,"8,048",290,"2,333,920","233,392","2,567,312",0,,"2,567,312",,,,
대한특수가스,,,,,,,09/08,,"Ar (kg, Bulk)",,,,0,,"9,619",490,"4,713,310","471,331","5,184,641",0,,"5,184,641",,,,
대한특수가스,,,,,,,09/10,,"CO2 (kg, Bulk)",,,,0,,"8,800",290,"2,552,000","255,200","2,807,200",0,,"2,807,200",,,,
대한특수가스,,,,,,,09/14,,"CO2 (kg, Bulk)",,,,0,,"8,608",290,"2,496,320","249,632","2,745,952",0,,"2,745,952",,,,
,,,,,,거래처별 합계,,,,,,0,,,"42,610",,"14,280,700","1,428,070","15,708,770","35,181,245",,"46,537,799",,,,
대현엔지니어링,,,,,,,,,[이월미수액],,,,,,,,,,,,"2,084,960","2,084,960",,,,
대현엔지니어링,,,,,,,09/04,,"CO2 (공업용, 40kg)",,,,1,,1,"41,800","41,800","4,180","45,980",0,,"45,980",,,,
대현엔지니어링,,,,,,,09/09,,"CO2 (공업용, 40kg)",,,,1,,1,"41,800","41,800","4,180","45,980",0,,"45,980",,,,
대현엔지니어링,,,,,,,09/09,,"O2 (공업용, 40L)",,,,1,,1,"19,800","19,800","1,980","21,780",0,,"21,780",,,,
,,,,,,거래처별 합계,,,,,,3,,,3,,"103,400","10,340","113,740",0,,"2,198,700",,,,
대흥샤링,,,,,,,,,[이월미수액],,,,,,,,,,,,"3,078,669","3,078,669",,,,
대흥샤링,,,,,,,09/01,,"N2 (kg, Bulk)",,,,0,,"3,500",230,"805,000","80,500","885,500",0,,"885,500",,,,
대흥샤링,,,,,,,09/08,,"N2 (kg, Bulk)",,,,0,,"3,351",230,"770,730","77,073","847,803",0,,"847,803",,,,
,,,,,,거래처별 합계,,,,,,0,,,"6,851",,"1,575,730","157,573","1,733,303",0,,"4,811,972",,,,
대흥정공.,,,,,,,,,[이월미수액],,,,,,,,,,,,"8,473,960","8,473,960",,,,
대흥정공.,,,,,,,09/07,,"Ar (kg, Bulk)",,,,0,,"4,509",600,"2,705,400","270,540","2,975,940",0,,"2,975,940",,,,
대흥정공.,,,,,,,09/09,,"CO2 (kg, Bulk)",,,,0,,"4,440",300,"1,332,000","133,200","1,465,200",0,,"1,465,200",,,,
대흥정공.,,,,,,,09/14,,"Ar (kg, Bulk)",,,,0,,"4,240",600,"2,544,000","254,400","2,798,400",0,,"2,798,400",,,,
,,,,,,거래처별 합계,,,,,,0,,,"13,189",,"6,581,400","658,140","7,239,540",0,,"15,713,500",,,,
덕양가스(당진),,,,,,,,,[이월미수액],,,,,,,,,,,,"44,011,440","44,011,440",,,,
덕양가스(당진),,,,,,,09/02,,"CO2 (kg, Bulk)",,,,0,,"12,600",240,"3,024,000","302,400","3,326,400",0,,"3,326,400",5196,,,
덕양가스(당진),,,,,,,09/02,,"CO2 (kg, Bulk)",,,,0,,"15,790",240,"3,789,600","378,960","4,168,560",0,,"4,168,560",5222,,,
덕양가스(당진),,,,,,,09/02,,"CO2 (kg, Bulk)",,,,0,,"12,560",240,"3,014,400","301,440","3,315,840",0,,"3,315,840",5196,,,
덕양가스(당진),,,,,,,09/08,,"CO2 (kg, Bulk)",,,,0,,"13,560",240,"3,254,400","325,440","3,579,840",0,,"3,579,840",5196,,,
덕양가스(당진),,,,,,,09/10,,"CO2 (kg, Bulk)",,,,0,,"17,020",240,"4,084,800","408,480","4,493,280",0,,"4,493,280",5196,,,
덕양가스(당진),,,,,,,09/11,,"CO2 (kg, Bulk)",,,,0,,"15,940",240,"3,825,600","382,560","4,208,160",0,,"4,208,160",5222,,,
덕양가스(당진),,,,,,,09/15,,"CO2 (kg, Bulk)",,,,0,,"14,830",240,"3,559,200","355,920","3,915,120",0,,"3,915,120",5222,,,
덕양가스(당진),,,,,,,09/16,,"CO2 (kg, Bulk)",,,,0,,"19,030",240,"4,567,200","456,720","5,023,920",0,,"5,023,920",5196,,,
덕양가스(당진),,,,,,,09/16,,"CO2 (kg, Bulk)",,,,0,,"17,140",240,"4,113,600","411,360","4,524,960",0,,"4,524,960",5222,,,
,,,,,,거래처별 합계,,,,,,0,,,"138,470",,"33,232,800","3,323,280","36,556,080",0,,"80,567,520",,,,
동아기술(구.동아플랜트),,,,,,,,,[이월미수액],,,,,,,,,,,,"693,000","693,000",,,,
동아기술(구.동아플랜트),,,,,,,09/01,,Ar (일반),,,,4,,7,"26,400","184,800","18,480","203,280",0,,"203,280",,,,
동아기술(구.동아플랜트),,,,,,,09/01,,"CO2 (공업용, 3.5kg)",,,,1,,0,"8,000",0,0,0,0,,0,,,,
동아기술(구.동아플랜트),,,,,,,09/03,,기화기 (20Nm3/Hr),,,,0,,1,0,0,0,0,0,,0,,,,
동아기술(구.동아플랜트),,,,,,,09/03,,"Ar (LGC, 175L)",,,,1,,1,"330,000","330,000","33,000","363,000",0,,"363,000",,,,
동아기술(구.동아플랜트),,,,,,,09/03,,"CO2 (공업용, 3.5kg)",,,,0,,1,"8,000","8,000",800,"8,800",0,,"8,800",,,,
동아기술(구.동아플랜트),,,,,,,09/08,,Ar (일반),,,,4,,4,"26,400","105,600","10,560","116,160",0,,"116,160",,,,
동아기술(구.동아플랜트),,,,,,,09/08,,"Ar (일반, 10.2L)",,,,1,,0,"11,500",0,0,0,0,,0,,,,
동아기술(구.동아플랜트),,,,,,,09/08,,"N2 (공업용, 40L)",,,,2,,0,0,0,0,0,0,,0,,,,
동아기술(구.동아플랜트),,,,,,,09/08,,"O2 (공업용, 40L)",,,,1,,1,"16,500","16,500","1,650","18,150",0,,"18,150",,,,
동아기술(구.동아플랜트),,,,,,,09/15,,Ar (일반),,,,7,,5,"26,400","132,000","13,200","145,200",0,,"145,200",,,,
동아기술(구.동아플랜트),,,,,,,09/15,,"Ar (LGC, 175L)",,,,0,,1,"330,000","330,000","33,000","363,000",0,,"363,000",,,,
동아기술(구.동아플랜트),,,,,,,09/15,,"CO2 (공업용, 40kg)",,,,1,,1,"57,600","57,600","5,760","63,360",0,,"63,360",,,,
,,,,,,거래처별 합계,,,,,,22,,,22,,"1,164,500","116,450","1,280,950",0,,"1,973,950",,,,
동주산업,,,,,,,,,[이월미수액],,,,,,,,,,,,"1,748,340","1,748,340",,,,
,,,,,,거래처별 합계,,,,,,0,,,0,,0,0,0,0,,"1,748,340",,,,
두산판금,,,,,,,,,[이월미수액],,,,,,,,,,,,"29,366,172","29,366,172",,,,
두산판금,,,,,,,09/01,,"N2 (liter, Bulk)",,,,0,,"3,714",220,"817,080","81,708","898,788",0,,"898,788","3,000kg",,,
두산판금,,,,,,,09/02,,Ar (일반),,,,26,,23,"17,600","404,800","40,480","445,280",0,,"445,280",,,,
두산판금,,,,,,,09/04,,Ar (일반),,,,20,,20,"17,600","352,000","35,200","387,200",0,,"387,200",,,,
두산판금,,,,,,,09/04,,"N2 (liter, Bulk)",,,,0,,"3,714",220,"817,080","81,708","898,788",0,,"898,788","3,000kg",,,
두산판금,,,,,,,09/07,,Ar (일반),,,,25,,25,"17,600","440,000","44,000","484,000",0,,"484,000",,,,
두산판금,,,,,,,09/08,,"N2 (liter, Bulk)",,,,0,,"4,741",220,"1,043,020","104,302","1,147,322",0,,"1,147,322","3,830kg",,,
두산판금,,,,,,,09/09,,Ar (일반),,,,23,,23,"17,600","404,800","40,480","445,280",0,,"445,280",,,,
두산판금,,,,,,,09/11,,입금 (가스매출),,,,0,,0,0,0,0,0,"16,339,950",,"-16,339,950",7월 거래분,,,
두산판금,,,,,,,09/11,,Ar (일반),,,,22,,22,"17,600","387,200","38,720","425,920",0,,"425,920",,,,
두산판금,,,,,,,09/11,,"CO2 (공업용, 20kg)",,,,2,,2,"22,700","45,400","4,540","49,940",0,,"49,940",,,,
두산판금,,,,,,,09/11,,"N2 (liter, Bulk)",,,,0,,"3,714",220,"817,080","81,708","898,788",0,,"898,788","3,000kg",,,
두산판금,,,,,,,09/11,,"O2 (LGC, 175L, 고압용)",,,,1,,1,"58,300","58,300","5,830","64,130",0,,"64,130",,,,
두산판금,,,,,,,09/14,,Ar (일반),,,,23,,23,"17,600","404,800","40,480","445,280",0,,"445,280",,,,
두산판금,,,,,,,09/14,,"CO2 (공업용, 20kg)",,,,1,,1,"22,700","22,700","2,270","24,970",0,,"24,970",,,,
두산판금,,,,,,,09/15,,"N2 (liter, Bulk)",,,,0,,"3,095",220,"680,900","68,090","748,990",0,,"748,990","2,500kg",,,
두산판금,,,,,,,09/16,,Ar (일반),,,,21,,21,"17,600","369,600","36,960","406,560",0,,"406,560",,,,
,,,,,,거래처별 합계,,,,,,164,,,"19,139",,"7,064,760","706,476","7,771,236","16,339,950",,"20,797,458",,,,
두영에스티,,,,,,,,,[이월미수액],,,,,,,,,,,,"2,171,675","2,171,675",,,,
두영에스티,,,,,,,09/15,,"N2 (kg, Bulk)",,,,0,,"2,401",290,"696,290","69,629","765,919",0,,"765,919",,,,
,,,,,,거래처별 합계,,,,,,0,,,"2,401",,"696,290","69,629","765,919",0,,"2,937,594",,,,
드림레이저,,,,,,,,,[이월미수액],,,,,,,,,,,,"13,307,008","13,307,008",,,,
드림레이저,,,,,,,09/03,,입금 (가스매출),,,,0,,0,0,0,0,0,"6,820,957",,"-6,820,957",7월 거래분,,,
드림레이저,,,,,,,09/10,,"N2 (kg, Bulk)",,,,0,,"4,000",300,"1,200,000","120,000","1,320,000",0,,"1,320,000",,,,
드림레이저,,,,,,,09/11,,"N2 (UHP, 99.999%)",,,,1,,1,"79,700","79,700","7,970","87,670",0,,"87,670",,,,
드림레이저,,,,,,,09/11,,"O2 (LGC, 175L) ",,,,0,,1,"75,075","75,075","7,508","82,583",0,,"82,583",,,,
드림레이저,,,,,,,09/11,,"O2 (LGC, 175L, 고압용)",,,,2,,1,"75,075","75,075","7,508","82,583",0,,"82,583",,,,
,,,,,,거래처별 합계,,,,,,3,,,"4,003",,"1,429,850","142,985","1,572,835","6,820,957",,"8,058,886",,,,
드림맥,,,,,,,,,[이월미수액],,,,,,,,,,,,"14,732,190","14,732,190",,,,
드림맥,,,,,,,09/02,,Ar (일반),,,,4,,4,"24,000","96,000","9,600","105,600",0,,"105,600",,,,
드림맥,,,,,,,09/04,,Ar (일반),,,,4,,4,"24,000","96,000","9,600","105,600",0,,"105,600",,,,
드림맥,,,,,,,09/04,,"N2 (liter, Bulk)",,,,0,,"4,086",300,"1,225,800","122,580","1,348,380",0,,"1,348,380","3,301kg",,,
드림맥,,,,,,,09/04,,"N2 (UHP, 99.999%)",,,,1,,1,"84,000","84,000","8,400","92,400",0,,"92,400",,,,
드림맥,,,,,,,09/07,,Ar (일반),,,,5,,5,"24,000","120,000","12,000","132,000",0,,"132,000",,,,
드림맥,,,,,,,09/09,,Ar (일반),,,,4,,4,"24,000","96,000","9,600","105,600",0,,"105,600",,,,
드림맥,,,,,,,09/11,,Ar (일반),,,,5,,5,"24,000","120,000","12,000","132,000",0,,"132,000",,,,
드림맥,,,,,,,09/11,,"He (UHP, 47L, 99.999%)",,,,1,,1,"425,000","425,000","42,500","467,500",0,,"467,500",,,,
드림맥,,,,,,,09/14,,Ar (일반),,,,8,,8,"24,000","192,000","19,200","211,200",0,,"211,200",,,,
드림맥,,,,,,,09/14,,"N2 (liter, Bulk)",,,,0,,"4,953",300,"1,485,900","148,590","1,634,490",0,,"1,634,490","4,001kg",,,
드림맥,,,,,,,09/16,,Ar (일반),,,,10,,12,"24,000","288,000","28,800","316,800",0,,"316,800",,,,
,,,,,,거래처별 합계,,,,,,42,,,"9,083",,"4,228,700","422,870","4,651,570",0,,"19,383,760",,,,
디아이이앤티,,,,,,,,,[이월미수액],,,,,,,,,,,,"2,725,800","2,725,800",,,,
,,,,,,거래처별 합계,,,,,,0,,,0,,0,0,0,0,,"2,725,800",,,,
디에스텍,,,,,,,,,[이월미수액],,,,,,,,,,,,"36,396,550","36,396,550",,,,
디에스텍,,,,,,,09/01,,Ar (일반),,,,12,,24,"13,200","316,800","31,680","348,480",0,,"348,480",,,,
디에스텍,,,,,,,09/01,,"N2 (공업용, 40L)",,,,9,,20,"5,200","104,000","10,400","114,400",0,,"114,400",,,,
디에스텍,,,,,,,09/01,,"O2 (공업용, 40L)",,,,12,,6,"5,200","31,200","3,120","34,320",0,,"34,320",,,,
디에스텍,,,,,,,09/01,,"O2 (LGC, 175L) ",,,,14,,4,"41,150","164,600","16,460","181,060",0,,"181,060",,,,
디에스텍,,,,,,,09/02,,Ar (일반),,,,10,,12,"13,200","158,400","15,840","174,240",0,,"174,240",,,,
디에스텍,,,,,,,09/02,,"CO2 (kg, Bulk)",,,,0,,"3,890",315,"1,225,350","122,535","1,347,885",0,,"1,347,885",한양정밀,,,
디에스텍,,,,,,,09/02,,"N2 (kg, Bulk)",,,,0,,"3,500",239,"836,500","83,650","920,150",0,,"920,150",부성산업,,,
디에스텍,,,,,,,09/02,,"N2 (kg, Bulk)",,,,0,,"4,100",239,"979,900","97,990","1,077,890",0,,"1,077,890",메가로봇,,,
디에스텍,,,,,,,09/02,,"O2 (공업용, 40L)",,,,18,,12,"5,200","62,400","6,240","68,640",0,,"68,640",,,,
디에스텍,,,,,,,09/02,,"O2 (LGC, 175L) ",,,,2,,14,"41,150","576,100","57,610","633,710",0,,"633,710",,,,
디에스텍,,,,,,,09/03,,Ar (일반),,,,9,,10,"13,200","132,000","13,200","145,200",0,,"145,200",,,,
디에스텍,,,,,,,09/03,,Mix (H2 3% + Ar Bal),,,,13,,0,"18,100",0,0,0,0,,0,,,,
디에스텍,,,,,,,09/03,,"N2 (공업용, 40L)",,,,17,,0,"5,200",0,0,0,0,,0,,,,
디에스텍,,,,,,,09/03,,"O2 (공업용, 40L)",,,,39,,18,"5,200","93,600","9,360","102,960",0,,"102,960",,,,
디에스텍,,,,,,,09/03,,"O2 (LGC, 175L) ",,,,16,,2,"41,150","82,300","8,230","90,530",0,,"90,530",,,,
디에스텍,,,,,,,09/04,,Ar (일반),,,,19,,0,"13,200",0,0,0,0,,0,,,,
디에스텍,,,,,,,09/04,,Mix (CO2 20% + Ar Bal),,,,0,,7,"13,200","92,400","9,240","101,640",0,,"101,640",,,,
디에스텍,,,,,,,09/04,,"N2 (공업용, 40L)",,,,0,,27,"5,200","140,400","14,040","154,440",0,,"154,440",,,,
디에스텍,,,,,,,09/04,,"N2 (kg, Bulk)",,,,0,,"5,579",239,"1,333,381","133,338","1,466,719",0,,"1,466,719",BK테크,,,
디에스텍,,,,,,,09/04,,"O2 (공업용, 40L)",,,,12,,39,"5,200","202,800","20,280","223,080",0,,"223,080",,,,
디에스텍,,,,,,,09/04,,"O2 (LGC, 175L) ",,,,0,,16,"41,150","658,400","65,840","724,240",0,,"724,240",,,,
디에스텍,,,,,,,09/07,,Ar (일반),,,,28,,28,"13,200","369,600","36,960","406,560",0,,"406,560",,,,
디에스텍,,,,,,,09/07,,"CO2 (kg, Bulk)",,,,0,,"7,203",315,"2,268,945","226,895","2,495,840",0,,"2,495,840",,,,
디에스텍,,,,,,,09/07,,Mix (CO2 20% + Ar Bal),,,,1,,0,"13,200",0,0,0,0,,0,,,,
디에스텍,,,,,,,09/07,,"N2 (공업용, 40L)",,,,9,,0,"5,200",0,0,0,0,,0,,,,
디에스텍,,,,,,,09/07,,"O2 (공업용, 40L)",,,,9,,12,"5,200","62,400","6,240","68,640",0,,"68,640",,,,
디에스텍,,,,,,,09/07,,"O2 (LGC, 175L) ",,,,14,,9,"41,150","370,350","37,035","407,385",0,,"407,385",,,,
디에스텍,,,,,,,09/08,,Ar (일반),,,,8,,28,"13,200","369,600","36,960","406,560",0,,"406,560",,,,
디에스텍,,,,,,,09/08,,Mix (H2 3% + Ar Bal),,,,0,,13,"18,100","235,300","23,530","258,830",0,,"258,830",,,,
디에스텍,,,,,,,09/08,,"N2 (공업용, 40L)",,,,0,,9,"5,200","46,800","4,680","51,480",0,,"51,480",,,,
디에스텍,,,,,,,09/08,,"N2 (kg, Bulk)",,,,0,,"3,501",239,"836,739","83,674","920,413",0,,"920,413",HK,,,
디에스텍,,,,,,,09/08,,"O2 (공업용, 40L)",,,,13,,9,"5,200","46,800","4,680","51,480",0,,"51,480",,,,
디에스텍,,,,,,,09/08,,"O2 (LGC, 175L) ",,,,19,,6,"41,150","246,900","24,690","271,590",0,,"271,590",,,,
디에스텍,,,,,,,09/09,,Ar (일반),,,,20,,8,"13,200","105,600","10,560","116,160",0,,"116,160",,,,
디에스텍,,,,,,,09/09,,"N2 (공업용, 40L)",,,,10,,0,"5,200",0,0,0,0,,0,,,,
디에스텍,,,,,,,09/09,,"O2 (공업용, 40L)",,,,25,,13,"5,200","67,600","6,760","74,360",0,,"74,360",,,,
디에스텍,,,,,,,09/09,,"O2 (LGC, 175L) ",,,,5,,18,"41,150","740,700","74,070","814,770",0,,"814,770",,,,
디에스텍,,,,,,,09/10,,Ar (일반),,,,16,,20,"13,200","264,000","26,400","290,400",0,,"290,400",,,,
디에스텍,,,,,,,09/10,,"N2 (공업용, 40L)",,,,7,,0,"5,200",0,0,0,0,,0,,,,
디에스텍,,,,,,,09/10,,"O2 (공업용, 40L)",,,,9,,24,"5,200","124,800","12,480","137,280",0,,"137,280",,,,
디에스텍,,,,,,,09/10,,"O2 (공업용, 40L)",,,,0,,1,0,0,0,0,0,,0,미검공병출고,,,
디에스텍,,,,,,,09/10,,"O2 (LGC, 175L) ",,,,4,,5,"41,150","205,750","20,575","226,325",0,,"226,325",,,,
디에스텍,,,,,,,09/11,,Ar (일반),,,,22,,16,"13,200","211,200","21,120","232,320",0,,"232,320",,,,
디에스텍,,,,,,,09/11,,"CO2 (kg, Bulk)",,,,0,,"4,460",315,"1,404,900","140,490","1,545,390",0,,"1,545,390",한양정밀,,,
디에스텍,,,,,,,09/11,,"CO2 (kg, Bulk)",,,,0,,"4,345",315,"1,368,675","136,868","1,505,543",0,,"1,505,543",델리치푸드,,,
디에스텍,,,,,,,09/11,,"N2 (공업용, 40L)",,,,0,,17,"5,200","88,400","8,840","97,240",0,,"97,240",,,,
디에스텍,,,,,,,09/11,,"O2 (공업용, 40L)",,,,13,,9,"5,200","46,800","4,680","51,480",0,,"51,480",,,,
디에스텍,,,,,,,09/11,,"O2 (LGC, 175L) ",,,,0,,4,"41,150","164,600","16,460","181,060",0,,"181,060",,,,
디에스텍,,,,,,,09/14,,Ar (일반),,,,17,,22,"13,200","290,400","29,040","319,440",0,,"319,440",,,,
디에스텍,,,,,,,09/14,,"CO2 (kg, Bulk)",,,,0,,"4,499",315,"1,417,185","141,719","1,558,904",0,,"1,558,904",송산기업,,,
디에스텍,,,,,,,09/14,,Mix (CO2 20% + Ar Bal),,,,2,,0,"13,200",0,0,0,0,,0,,,,
디에스텍,,,,,,,09/14,,"N2 (공업용, 40L)",,,,37,,0,"5,200",0,0,0,0,,0,,,,
디에스텍,,,,,,,09/14,,"O2 (공업용, 40L)",,,,3,,13,"5,200","67,600","6,760","74,360",0,,"74,360",,,,
디에스텍,,,,,,,09/14,,"O2 (LGC, 175L) ",,,,23,,13,"41,150","534,950","53,495","588,445",0,,"588,445",,,,
디에스텍,,,,,,,09/15,,Ar (일반),,,,17,,17,"13,200","224,400","22,440","246,840",0,,"246,840",,,,
디에스텍,,,,,,,09/15,,"N2 (공업용, 40L)",,,,8,,30,"5,200","156,000","15,600","171,600",0,,"171,600",,,,
디에스텍,,,,,,,09/15,,"O2 (공업용, 40L)",,,,14,,3,"5,200","15,600","1,560","17,160",0,,"17,160",,,,
디에스텍,,,,,,,09/15,,"O2 (LGC, 175L) ",,,,13,,11,"41,150","452,650","45,265","497,915",0,,"497,915",,,,
디에스텍,,,,,,,09/16,,Ar (일반),,,,9,,17,"13,200","224,400","22,440","246,840",0,,"246,840",,,,
디에스텍,,,,,,,09/16,,"N2 (공업용, 40L)",,,,25,,14,"5,200","72,800","7,280","80,080",0,,"80,080",,,,
디에스텍,,,,,,,09/16,,"O2 (공업용, 40L)",,,,24,,14,"5,200","72,800","7,280","80,080",0,,"80,080",,,,
디에스텍,,,,,,,09/16,,"O2 (LGC, 175L) ",,,,7,,12,"41,150","493,800","49,380","543,180",0,,"543,180",,,,
,,,,,,거래처별 합계,,,,,,633,,,"41,703",,"20,859,575","2,085,958","22,945,533",0,,"59,342,083",,,,
디자인비무(구.이랜드서비스),,,,,,,,,[이월미수액],,,,,,,,,,,,"589,050","589,050",,,,
디자인비무(구.이랜드서비스),,,,,,,09/07,,Ar (일반),,,,5,,5,"31,500","157,500","15,750","173,250",0,,"173,250",,,,
디자인비무(구.이랜드서비스),,,,,,,09/11,,Ar (일반),,,,5,,5,"31,500","157,500","15,750","173,250",0,,"173,250",,,,
,,,,,,거래처별 합계,,,,,,10,,,10,,"315,000","31,500","346,500",0,,"935,550",,,,
디케이가스,,,,,,,09/09,,Air (UHP),,,,15,,7,"28,600","200,200","20,020","220,220",0,,"220,220",,,,
디케이가스,,,,,,,09/09,,"Ar (UHP, 47L, 99.999%)",,,,3,,2,"22,000","44,000","4,400","48,400",0,,"48,400",,,,
디케이가스,,,,,,,09/09,,"N2 (UHP, 99.999%)",,,,18,,11,"19,800","217,800","21,780","239,580",0,,"239,580",,,,
,,,,,,거래처별 합계,,,,,,36,,,20,,"462,000","46,200","508,200",0,,"508,200",,,,
라쿨 주식회사(구.신정우),,,,,,,,,[이월미수액],,,,,,,,,,,,"25,375,480","25,375,480",,,,
라쿨 주식회사(구.신정우),,,,,,,09/01,,Ar (일반),,,,3,,3,"21,800","65,400","6,540","71,940",0,,"71,940",,,,
라쿨 주식회사(구.신정우),,,,,,,09/01,,"CO2 (공업용, 40kg)",,,,5,,5,"25,300","126,500","12,650","139,150",0,,"139,150",,,,
라쿨 주식회사(구.신정우),,,,,,,09/01,,Mix (CO2 20% + Ar Bal),,,,5,,5,"19,900","99,500","9,950","109,450",0,,"109,450",,,,
라쿨 주식회사(구.신정우),,,,,,,09/02,,"Ar (kg, Bulk)",,,,0,,"2,451",615,"1,507,365","150,737","1,658,102",0,,"1,658,102",,,,
라쿨 주식회사(구.신정우),,,,,,,09/03,,"CO2 (공업용, 40kg)",,,,5,,5,"25,300","126,500","12,650","139,150",0,,"139,150",,,,
라쿨 주식회사(구.신정우),,,,,,,09/03,,Mix (CO2 20% + Ar Bal),,,,11,,11,"19,900","218,900","21,890","240,790",0,,"240,790",,,,
라쿨 주식회사(구.신정우),,,,,,,09/03,,"O2 (공업용, 40L)",,,,0,,1,"9,900","9,900",990,"10,890",0,,"10,890",,,,
라쿨 주식회사(구.신정우),,,,,,,09/04,,"LPG (kg, Bulk)",,,,0,,"3,310","1,439","4,764,414","476,441","5,240,855",0,,"5,240,855",,,,
라쿨 주식회사(구.신정우),,,,,,,09/08,,Ar (일반),,,,3,,3,"21,800","65,400","6,540","71,940",0,,"71,940",,,,
라쿨 주식회사(구.신정우),,,,,,,09/08,,C2H2 (3kg),,,,1,,1,"69,000","69,000","6,900","75,900",0,,"75,900",,,,
라쿨 주식회사(구.신정우),,,,,,,09/08,,"CO2 (공업용, 40kg)",,,,10,,10,"25,300","253,000","25,300","278,300",0,,"278,300",,,,
라쿨 주식회사(구.신정우),,,,,,,09/08,,Mix (CO2 20% + Ar Bal),,,,22,,24,"19,900","477,600","47,760","525,360",0,,"525,360",,,,
라쿨 주식회사(구.신정우),,,,,,,09/08,,"O2 (공업용, 40L)",,,,3,,3,"9,900","29,700","2,970","32,670",0,,"32,670",,,,
라쿨 주식회사(구.신정우),,,,,,,09/09,,"Ar (kg, Bulk)",,,,0,,"1,957",615,"1,203,555","120,356","1,323,911",0,,"1,323,911",,,,
라쿨 주식회사(구.신정우),,,,,,,09/10,,"CO2 (공업용, 40kg)",,,,5,,5,"25,300","126,500","12,650","139,150",0,,"139,150",,,,
라쿨 주식회사(구.신정우),,,,,,,09/10,,Mix (CO2 20% + Ar Bal),,,,9,,10,"19,900","199,000","19,900","218,900",0,,"218,900",,,,
라쿨 주식회사(구.신정우),,,,,,,09/10,,"O2 (공업용, 40L)",,,,1,,1,"9,900","9,900",990,"10,890",0,,"10,890",,,,
라쿨 주식회사(구.신정우),,,,,,,09/11,,"LPG (kg, Bulk)",,,,0,,"3,340","1,439","4,807,596","480,760","5,288,356",0,,"5,288,356",,,,
라쿨 주식회사(구.신정우),,,,,,,09/15,,Ar (일반),,,,3,,3,"21,800","65,400","6,540","71,940",0,,"71,940",,,,
라쿨 주식회사(구.신정우),,,,,,,09/15,,"Ar (kg, Bulk)",,,,0,,"1,429",615,"878,835","87,884","966,719",0,,"966,719",,,,
라쿨 주식회사(구.신정우),,,,,,,09/15,,"CO2 (공업용, 40kg)",,,,5,,5,"25,300","126,500","12,650","139,150",0,,"139,150",,,,
라쿨 주식회사(구.신정우),,,,,,,09/15,,Mix (CO2 20% + Ar Bal),,,,20,,18,"19,900","358,200","35,820","394,020",0,,"394,020",,,,
,,,,,,거래처별 합계,,,,,,111,,,"12,600",,"15,588,665","1,558,867","17,147,532",0,,"42,523,012",,,,
마스터엔지니어링,,,,,,,,,[이월미수액],,,,,,,,,,,,"1,851,740","1,851,740",,,,
마스터엔지니어링,,,,,,,09/02,,Ar (일반),,,,4,,4,"18,100","72,400","7,240","79,640",0,,"79,640",,,,
마스터엔지니어링,,,,,,,09/02,,"CO2 (공업용, 20kg)",,,,1,,1,"13,700","13,700","1,370","15,070",0,,"15,070",,,,
마스터엔지니어링,,,,,,,09/02,,"O2 (공업용, 40L)",,,,1,,1,"9,200","9,200",920,"10,120",0,,"10,120",,,,
마스터엔지니어링,,,,,,,09/04,,Ar (일반),,,,1,,1,"18,100","18,100","1,810","19,910",0,,"19,910",,,,
마스터엔지니어링,,,,,,,09/04,,"CO2 (공업용, 20kg)",,,,1,,1,"13,700","13,700","1,370","15,070",0,,"15,070",,,,
마스터엔지니어링,,,,,,,09/04,,LPG (20kg),,,,1,,1,"66,000","66,000","6,600","72,600",0,,"72,600",,,,
마스터엔지니어링,,,,,,,09/07,,Ar (일반),,,,2,,2,"18,100","36,200","3,620","39,820",0,,"39,820",,,,
마스터엔지니어링,,,,,,,09/09,,Ar (일반),,,,1,,1,"18,100","18,100","1,810","19,910",0,,"19,910",,,,
마스터엔지니어링,,,,,,,09/11,,Ar (일반),,,,1,,1,"18,100","18,100","1,810","19,910",0,,"19,910",,,,
마스터엔지니어링,,,,,,,09/14,,Ar (일반),,,,5,,5,"18,100","90,500","9,050","99,550",0,,"99,550",,,,
마스터엔지니어링,,,,,,,09/14,,"CO2 (공업용, 20kg)",,,,1,,1,"13,700","13,700","1,370","15,070",0,,"15,070",,,,
마스터엔지니어링,,,,,,,09/14,,"O2 (공업용, 40L)",,,,1,,1,"9,200","9,200",920,"10,120",0,,"10,120",,,,
마스터엔지니어링,,,,,,,09/16,,Ar (일반),,,,2,,2,"18,100","36,200","3,620","39,820",0,,"39,820",,,,
마스터엔지니어링,,,,,,,09/16,,"CO2 (공업용, 20kg)",,,,1,,1,"13,700","13,700","1,370","15,070",0,,"15,070",,,,
마스터엔지니어링,,,,,,,09/16,,"O2 (공업용, 40L)",,,,1,,1,"9,200","9,200",920,"10,120",0,,"10,120",,,,
,,,,,,거래처별 합계,,,,,,24,,,24,,"438,000","43,800","481,800",0,,"2,333,540",,,,
명성씨엠아이,,,,,,,,,[이월미수액],,,,,,,,,,,,"154,000","154,000",,,,
,,,,,,거래처별 합계,,,,,,0,,,0,,0,0,0,0,,"154,000",,,,
명성코리아테크놀러지,,,,,,,,,[이월미수액],,,,,,,,,,,,"2,758,250","2,758,250",,,,
명성코리아테크놀러지,,,,,,,09/01,,장비 임대,,,,0,,1,"300,000","300,000","30,000","330,000",0,,"330,000",질소 5톤미만 임대료,,,
명성코리아테크놀러지,,,,,,,09/01,,"N2 (kg, Bulk)",,,,0,,"3,053",361,"1,102,133","110,213","1,212,346",0,,"1,212,346",,,,
,,,,,,거래처별 합계,,,,,,0,,,"3,054",,"1,402,133","140,213","1,542,346",0,,"4,300,596",,,,
명인ENG,,,,,,,,,[이월미수액],,,,,,,,,,,,"973,720","973,720",,,,
,,,,,,거래처별 합계,,,,,,0,,,0,,0,0,0,0,,"973,720",,,,
모베이스전자,,,,,,,,,[이월미수액],,,,,,,,,,,,"3,324,008","3,324,008",,,,
모베이스전자,,,,,,,09/09,,"N2 (liter, Bulk)",,,,0,,"6,190",215,"1,330,850","133,085","1,463,935",0,,"1,463,935","5,000kg",,,
모베이스전자,,,,,,,09/16,,"N2 (liter, Bulk)",,,,0,,"9,904",215,"2,129,360","212,936","2,342,296",0,,"2,342,296","8,000kg",,,
,,,,,,거래처별 합계,,,,,,0,,,"16,094",,"3,460,210","346,021","3,806,231",0,,"7,130,239",,,,
모소디엔엠(구.한성포장),,,,,,,,,[이월미수액],,,,,,,,,,,,"10,673,520","10,673,520",,,,
,,,,,,거래처별 합계,,,,,,0,,,0,,0,0,0,0,,"10,673,520",,,,
무한상사,,,,,,,,,[이월미수액],,,,,,,,,,,,"244,581,425","244,581,425",,,,
무한상사,,,,,,,09/02,,"CO2 (kg, Bulk)",,,,0,,"21,218",250,"5,304,500","530,450","5,834,950",0,,"5,834,950",,,,
무한상사,,,,,,,09/03,,"CO2 (kg, Bulk)",,,,0,,"15,721",250,"3,930,250","393,025","4,323,275",0,,"4,323,275",,,,
무한상사,,,,,,,09/03,,"CO2 (kg, Bulk)",,,,0,,"21,650",250,"5,412,500","541,250","5,953,750",0,,"5,953,750",,,,
무한상사,,,,,,,09/04,,입금 (가스매출),,,,0,,0,0,0,0,0,"112,064,425",,"-112,064,425",7월 거래분,,,
무한상사,,,,,,,09/04,,"CO2 (kg, Bulk)",,,,0,,"17,623",250,"4,405,750","440,575","4,846,325",0,,"4,846,325",,,,
무한상사,,,,,,,09/05,,"CO2 (kg, Bulk)",,,,0,,"21,630",250,"5,407,500","540,750","5,948,250",0,,"5,948,250",,,,
무한상사,,,,,,,09/06,,"CO2 (kg, Bulk)",,,,0,,"21,230",250,"5,307,500","530,750","5,838,250",0,,"5,838,250",,,,
무한상사,,,,,,,09/06,,"CO2 (kg, Bulk)",,,,0,,"21,102",250,"5,275,500","527,550","5,803,050",0,,"5,803,050",,,,
무한상사,,,,,,,09/06,,"CO2 (kg, Bulk)",,,,0,,"21,560",250,"5,390,000","539,000","5,929,000",0,,"5,929,000",,,,
무한상사,,,,,,,09/08,,"CO2 (kg, Bulk)",,,,0,,"21,320",250,"5,330,000","533,000","5,863,000",0,,"5,863,000",,,,
무한상사,,,,,,,09/09,,"CO2 (kg, Bulk)",,,,0,,"21,168",250,"5,292,000","529,200","5,821,200",0,,"5,821,200",,,,
무한상사,,,,,,,09/11,,"CO2 (kg, Bulk)",,,,0,,"21,801",250,"5,450,250","545,025","5,995,275",0,,"5,995,275",,,,
무한상사,,,,,,,09/12,,"CO2 (kg, Bulk)",,,,0,,"18,006",250,"4,501,500","450,150","4,951,650",0,,"4,951,650",,,,
무한상사,,,,,,,09/13,,"CO2 (kg, Bulk)",,,,0,,"17,920",250,"4,480,000","448,000","4,928,000",0,,"4,928,000",,,,
무한상사,,,,,,,09/13,,"CO2 (kg, Bulk)",,,,0,,"21,028",250,"5,257,000","525,700","5,782,700",0,,"5,782,700",,,,
무한상사,,,,,,,09/13,,"CO2 (kg, Bulk)",,,,0,,"21,602",250,"5,400,500","540,050","5,940,550",0,,"5,940,550",,,,
무한상사,,,,,,,09/14,,"CO2 (kg, Bulk)",,,,0,,"18,007",250,"4,501,750","450,175","4,951,925",0,,"4,951,925",,,,
무한상사,,,,,,,09/14,,"CO2 (kg, Bulk)",,,,0,,"21,263",250,"5,315,750","531,575","5,847,325",0,,"5,847,325",,,,
무한상사,,,,,,,09/15,,"CO2 (kg, Bulk)",,,,0,,"21,263",250,"5,315,750","531,575","5,847,325",0,,"5,847,325",,,,
,,,,,,거래처별 합계,,,,,,0,,,"365,112",,"91,278,000","9,127,800","100,405,800","112,064,425",,"232,922,800",,,,
보성엔지니어링(구.신세계),,,,,,,,,[이월미수액],,,,,,,,,,,,"4,000,000","4,000,000",,,,
보성엔지니어링(구.신세계),,,,,,,09/03,,입금 (가스매출),,,,0,,0,0,0,0,0,"2,000,000",,"-2,000,000",제이피에스테크 입금,,,
,,,,,,거래처별 합계,,,,,,0,,,0,,0,0,0,"2,000,000",,"2,000,000",,,,
부경가스텍,,,,,,,,,[이월미수액],,,,,,,,,,,,"10,658,677","10,658,677",,,,
부경가스텍,,,,,,,09/07,,"N2 (kg, Bulk)",,,,0,,"6,641",188,"1,248,508","124,851","1,373,359",0,,"1,373,359",부경열처리,,,
부경가스텍,,,,,,,09/10,,입금 (가스매출),,,,0,,0,0,0,0,0,"4,698,910",,"-4,698,910",7월 거래분,,,
부경가스텍,,,,,,,09/15,,"N2 (kg, Bulk)",,,,0,,"7,662",188,"1,440,456","144,046","1,584,502",0,,"1,584,502",부경열처리,,,
,,,,,,거래처별 합계,,,,,,0,,,"14,303",,"2,688,964","268,896","2,957,860","4,698,910",,"8,917,628",,,,
부림가스,,,,,,,,,[이월미수액],,,,,,,,,,,,"3,672,405","3,672,405",,,,
부림가스,,,,,,,09/08,,"CO2 (UHP, 20kg, 99.999%)",,,,0,,5,"88,200","441,000","44,100","485,100",0,,"485,100",,,,
부림가스,,,,,,,09/09,,"Ar (UHP, 47L, 99.999%)",,,,10,,10,"24,600","246,000","24,600","270,600",0,,"270,600",,,,
부림가스,,,,,,,09/09,,"He (UHP, 47L, 99.999%)",,,,1,,0,"320,000",0,0,0,0,,0,,,,
부림가스,,,,,,,09/10,,"Mix (UHP, H2 5% + N2 Bal)",,,,0,,1,"36,400","36,400","3,640","40,040",0,,"40,040",,,,
부림가스,,,,,,,09/16,,Air (UHP),,,,2,,0,"36,750",0,0,0,0,,0,,,,
부림가스,,,,,,,09/16,,"Ar (UHP, 47L, 99.999%)",,,,10,,10,"24,600","246,000","24,600","270,600",0,,"270,600",,,,
부림가스,,,,,,,09/16,,"CO2 (UHP, 20kg, 99.999%)",,,,2,,0,"88,200",0,0,0,0,,0,,,,
부림가스,,,,,,,09/16,,"He (UHP, 47L, 99.999%)",,,,1,,0,"320,000",0,0,0,0,,0,,,,
부림가스,,,,,,,09/16,,"N2 (UHP, 99.999%)",,,,2,,0,"22,600",0,0,0,0,,0,,,,
부림가스,,,,,,,09/16,,"O2 (UHP, 47L, 99.999%)",,,,1,,0,"67,200",0,0,0,0,,0,,,,
,,,,,,거래처별 합계,,,,,,29,,,26,,"969,400","96,940","1,066,340",0,,"4,738,745",,,,
부성스틸,,,,,,,,,[이월미수액],,,,,,,,,,,,"1,388,212","1,388,212",,,,
,,,,,,거래처별 합계,,,,,,0,,,0,,0,0,0,0,,"1,388,212",,,,
비엘티(구.에스앤케이),,,,,,,,,[이월미수액],,,,,,,,,,,,"4,090,009","4,090,009",,,,
비엘티(구.에스앤케이),,,,,,,09/04,,Ar (일반),,,,2,,0,"8,000",0,0,0,0,,0,,,,
비엘티(구.에스앤케이),,,,,,,09/04,,"CO2 (공업용, 40kg)",,,,5,,5,"22,000","110,000","11,000","121,000",0,,"121,000",,,,
비엘티(구.에스앤케이),,,,,,,09/04,,"O2 (공업용, 40L)",,,,4,,4,"5,000","20,000","2,000","22,000",0,,"22,000",,,,
비엘티(구.에스앤케이),,,,,,,09/04,,"O2 (LGC, 175L) ",,,,1,,1,"40,000","40,000","4,000","44,000",0,,"44,000",,,,
비엘티(구.에스앤케이),,,,,,,09/09,,입금 (가스매출),,,,0,,0,0,0,0,0,"4,090,009",,"-4,090,009",8월 거래분,,,
비엘티(구.에스앤케이),,,,,,,09/11,,Ar (일반),,,,1,,7,"8,000","56,000","5,600","61,600",0,,"61,600",,,,
비엘티(구.에스앤케이),,,,,,,09/11,,"N2 (공업용, 40L)",,,,1,,0,"5,000",0,0,0,0,,0,,,,
,,,,,,거래처별 합계,,,,,,14,,,17,,"226,000","22,600","248,600","4,090,009",,"248,600",,,,
삼보동양,,,,,,,,,[이월미수액],,,,,,,,,,,,"4,532,000","4,532,000",,,,
삼보동양,,,,,,,09/02,,Ar (일반),,,,5,,5,"14,900","74,500","7,450","81,950",0,,"81,950",,,,
삼보동양,,,,,,,09/02,,"CO2 (공업용, 40kg)",,,,6,,6,"24,000","144,000","14,400","158,400",0,,"158,400",,,,
삼보동양,,,,,,,09/07,,Ar (일반),,,,6,,6,"14,900","89,400","8,940","98,340",0,,"98,340",,,,
삼보동양,,,,,,,09/07,,"CO2 (공업용, 20kg)",,,,6,,6,"12,000","72,000","7,200","79,200",0,,"79,200",,,,
삼보동양,,,,,,,09/07,,"CO2 (공업용, 40kg)",,,,6,,6,"24,000","144,000","14,400","158,400",0,,"158,400",,,,
삼보동양,,,,,,,09/09,,Ar (일반),,,,7,,7,"14,900","104,300","10,430","114,730",0,,"114,730",,,,
삼보동양,,,,,,,09/09,,"CO2 (공업용, 20kg)",,,,4,,4,"12,000","48,000","4,800","52,800",0,,"52,800",,,,
삼보동양,,,,,,,09/09,,"CO2 (공업용, 40kg)",,,,2,,2,"24,000","48,000","4,800","52,800",0,,"52,800",,,,
삼보동양,,,,,,,09/14,,Ar (일반),,,,6,,6,"14,900","89,400","8,940","98,340",0,,"98,340",,,,
삼보동양,,,,,,,09/14,,"CO2 (공업용, 20kg)",,,,5,,5,"12,000","60,000","6,000","66,000",0,,"66,000",,,,
삼보동양,,,,,,,09/14,,"CO2 (공업용, 40kg)",,,,4,,4,"24,000","96,000","9,600","105,600",0,,"105,600",,,,
삼보동양,,,,,,,09/15,,Ar (일반),,,,3,,3,"14,900","44,700","4,470","49,170",0,,"49,170",,,,
삼보동양,,,,,,,09/15,,"CO2 (공업용, 20kg)",,,,3,,3,"12,000","36,000","3,600","39,600",0,,"39,600",,,,
삼보동양,,,,,,,09/15,,"CO2 (공업용, 40kg)",,,,4,,4,"24,000","96,000","9,600","105,600",0,,"105,600",,,,
,,,,,,거래처별 합계,,,,,,67,,,67,,"1,146,300","114,630","1,260,930",0,,"5,792,930",,,,
삼성가스,,,,,,,,,[이월미수액],,,,,,,,,,,,"8,241,204","8,241,204",,,,
삼성가스,,,,,,,09/09,,"CO2 (kg, Bulk)",,,,0,,"10,335",280,"2,893,800","289,380","3,183,180",0,,"3,183,180",,,,
삼성가스,,,,,,,09/09,,"O2 (kg, Bulk)",,,,0,,"9,803",165,"1,617,495","161,750","1,779,245",0,,"1,779,245",,,,
삼성가스,,,,,,,09/10,,입금 (가스매출),,,,0,,0,0,0,0,0,"8,241,204",,"-8,241,204",8월 거래분,,,
,,,,,,거래처별 합계,,,,,,0,,,"20,138",,"4,511,295","451,130","4,962,425","8,241,204",,"4,962,425",,,,
삼정가스공업,,,,,,,,,[이월미수액],,,,,,,,,,,,"24,797,080","24,797,080",,,,
삼정가스공업,,,,,,,09/01,,"CO2 (kg, Bulk)",,,,0,,"20,780",280,"5,818,400","581,840","6,400,240",0,,"6,400,240",,,,
삼정가스공업,,,,,,,09/10,,"CO2 (kg, Bulk)",,,,0,,"21,160",280,"5,924,800","592,480","6,517,280",0,,"6,517,280",,,,
삼정가스공업,,,,,,,09/14,,"CO2 (kg, Bulk)",,,,0,,"21,310",280,"5,966,800","596,680","6,563,480",0,,"6,563,480",,,,
,,,,,,거래처별 합계,,,,,,0,,,"63,250",,"17,710,000","1,771,000","19,481,000",0,,"44,278,080",,,,
서부모터펌프,,,,,,,09/11,,"CO2 (공업용, 20kg)",,,,2,,2,"28,800","57,600","5,760","63,360",0,,"63,360",,,,
,,,,,,거래처별 합계,,,,,,2,,,2,,"57,600","5,760","63,360",0,,"63,360",,,,
서원플랜트(태성이엔지),,,,,,,,,[이월미수액],,,,,,,,,,,,"2,319,310","2,319,310",,,,
,,,,,,거래처별 합계,,,,,,0,,,0,,0,0,0,0,,"2,319,310",,,,
세광산업1공장,,,,,,,,,[이월미수액],,,,,,,,,,,,"745,800","745,800",,,,
세광산업1공장,,,,,,,09/04,,Ar (일반),,,,5,,5,"29,000","145,000","14,500","159,500",0,,"159,500",,,,
세광산업1공장,,,,,,,09/04,,"CO2 (공업용, 40kg)",,,,3,,3,"35,000","105,000","10,500","115,500",0,,"115,500",,,,
세광산업1공장,,,,,,,09/04,,"O2 (공업용, 40L)",,,,4,,4,"17,000","68,000","6,800","74,800",0,,"74,800",,,,
세광산업1공장,,,,,,,09/09,,Ar (일반),,,,4,,4,"29,000","116,000","11,600","127,600",0,,"127,600",,,,
세광산업1공장,,,,,,,09/09,,"CO2 (공업용, 40kg)",,,,2,,2,"35,000","70,000","7,000","77,000",0,,"77,000",,,,
세광산업1공장,,,,,,,09/14,,Ar (일반),,,,5,,5,"29,000","145,000","14,500","159,500",0,,"159,500",,,,
세광산업1공장,,,,,,,09/14,,"CO2 (공업용, 40kg)",,,,1,,1,"35,000","35,000","3,500","38,500",0,,"38,500",,,,
,,,,,,거래처별 합계,,,,,,24,,,24,,"684,000","68,400","752,400",0,,"1,498,200",,,,
세종산업가스,,,,,,,,,[이월미수액],,,,,,,,,,,,"33,515,765","33,515,765",,,,
세종산업가스,,,,,,,09/01,,"N2 (kg, Bulk)",,,,0,,"3,005",202,"607,010","60,701","667,711",0,,"667,711",SPC,,,
세종산업가스,,,,,,,09/02,,"N2 (kg, Bulk)",,,,0,,"7,473",202,"1,509,546","150,955","1,660,501",0,,"1,660,501",SPC,,,
세종산업가스,,,,,,,09/03,,"N2 (kg, Bulk)",,,,0,,"9,667",202,"1,952,734","195,273","2,148,007",0,,"2,148,007",SPC,,,
세종산업가스,,,,,,,09/04,,"N2 (kg, Bulk)",,,,0,,"5,731",202,"1,157,662","115,766","1,273,428",0,,"1,273,428",SPC,,,
세종산업가스,,,,,,,09/07,,"N2 (kg, Bulk)",,,,0,,"7,004",202,"1,414,808","141,481","1,556,289",0,,"1,556,289",SPC,,,
세종산업가스,,,,,,,09/08,,"N2 (kg, Bulk)",,,,0,,"7,903",202,"1,596,406","159,641","1,756,047",0,,"1,756,047",SPC,,,
세종산업가스,,,,,,,09/09,,"N2 (kg, Bulk)",,,,0,,"10,003",202,"2,020,606","202,061","2,222,667",0,,"2,222,667",SPC,,,
세종산업가스,,,,,,,09/10,,"N2 (kg, Bulk)",,,,0,,"5,279",202,"1,066,358","106,636","1,172,994",0,,"1,172,994",SPC,,,
세종산업가스,,,,,,,09/11,,"N2 (kg, Bulk)",,,,0,,"8,004",202,"1,616,808","161,681","1,778,489",0,,"1,778,489",,,,
세종산업가스,,,,,,,09/14,,입금 (가스매출),,,,0,,0,0,0,0,0,"33,515,766",,"-33,515,766",8월 거래분,,,
세종산업가스,,,,,,,09/16,,"CO2 (kg, Bulk)",,,,0,,"5,382",280,"1,506,960","150,696","1,657,656",0,,"1,657,656",세종가스켐,,,
세종산업가스,,,,,,,09/16,,"CO2 (kg, Bulk)",,,,0,,"4,268",320,"1,365,760","136,576","1,502,336",0,,"1,502,336",경원정밀,,,
,,,,,,거래처별 합계,,,,,,0,,,"73,719",,"15,814,658","1,581,466","17,396,124","33,515,766",,"17,396,123",,,,
세진가스A,,,,,,,,,[이월미수액],,,,,,,,,,,,"1,909,600","1,909,600",,,,
,,,,,,거래처별 합계,,,,,,0,,,0,,0,0,0,0,,"1,909,600",,,,
세진가스텍(매크로드)구.태경,,,,,,,,,[이월미수액],,,,,,,,,,,,"286,000","286,000",,,,
,,,,,,거래처별 합계,,,,,,0,,,0,,0,0,0,0,,"286,000",,,,
세진가스텍(명성중공업),,,,,,,,,[이월미수액],,,,,,,,,,,,"2,316,204","2,316,204",,,,
세진가스텍(명성중공업),,,,,,,09/01,,"O2 (LGC, 175L, 고압용)",,,,2,,2,"58,500","117,000","11,700","128,700",0,,"128,700",,,,
세진가스텍(명성중공업),,,,,,,09/08,,"O2 (LGC, 175L, 고압용)",,,,2,,2,"58,500","117,000","11,700","128,700",0,,"128,700",,,,
,,,,,,거래처별 합계,,,,,,4,,,4,,"234,000","23,400","257,400",0,,"2,573,604",,,,
세진가스텍(세양H&S),,,,,,,,,[이월미수액],,,,,,,,,,,,"2,500,630","2,500,630",,,,
세진가스텍(세양H&S),,,,,,,09/02,,Ar (일반),,,,7,,7,"19,200","134,400","13,440","147,840",0,,"147,840",,,,
세진가스텍(세양H&S),,,,,,,09/02,,"CO2 (공업용, 20kg)",,,,1,,1,"8,900","8,900",890,"9,790",0,,"9,790",,,,
세진가스텍(세양H&S),,,,,,,09/04,,Ar (일반),,,,2,,2,"19,200","38,400","3,840","42,240",0,,"42,240",,,,
세진가스텍(세양H&S),,,,,,,09/04,,"O2 (LGC, 175L, 고압용)",,,,1,,1,"58,500","58,500","5,850","64,350",0,,"64,350",,,,
세진가스텍(세양H&S),,,,,,,09/07,,Ar (일반),,,,2,,2,"19,200","38,400","3,840","42,240",0,,"42,240",,,,
세진가스텍(세양H&S),,,,,,,09/09,,Ar (일반),,,,4,,4,"19,200","76,800","7,680","84,480",0,,"84,480",,,,
세진가스텍(세양H&S),,,,,,,09/09,,"CO2 (공업용, 20kg)",,,,1,,1,"8,900","8,900",890,"9,790",0,,"9,790",,,,
세진가스텍(세양H&S),,,,,,,09/11,,Ar (일반),,,,2,,2,"19,200","38,400","3,840","42,240",0,,"42,240",,,,
세진가스텍(세양H&S),,,,,,,09/11,,"CO2 (공업용, 20kg)",,,,1,,1,"8,900","8,900",890,"9,790",0,,"9,790",,,,
세진가스텍(세양H&S),,,,,,,09/14,,Ar (일반),,,,3,,3,"19,200","57,600","5,760","63,360",0,,"63,360",,,,
세진가스텍(세양H&S),,,,,,,09/14,,"CO2 (공업용, 20kg)",,,,2,,2,"8,900","17,800","1,780","19,580",0,,"19,580",,,,
세진가스텍(세양H&S),,,,,,,09/16,,Ar (일반),,,,3,,3,"19,200","57,600","5,760","63,360",0,,"63,360",,,,
세진가스텍(세양H&S),,,,,,,09/16,,"O2 (LGC, 175L, 고압용)",,,,1,,1,"58,500","58,500","5,850","64,350",0,,"64,350",,,,
,,,,,,거래처별 합계,,,,,,30,,,30,,"603,100","60,310","663,410",0,,"3,164,040",,,,
세진가스텍(세종기공),,,,,,,,,[이월미수액],,,,,,,,,,,,"180,180","180,180",,,,
세진가스텍(세종기공),,,,,,,09/09,,Ar (일반),,,,3,,3,"18,200","54,600","5,460","60,060",0,,"60,060",,,,
,,,,,,거래처별 합계,,,,,,3,,,3,,"54,600","5,460","60,060",0,,"240,240",,,,
승우산업,,,,,,,,,[이월미수액],,,,,,,,,,,,"2,396,900","2,396,900",,,,
승우산업,,,,,,,09/08,,"N2 (kg, Bulk)",,,,0,,"3,502",385,"1,348,270","134,827","1,483,097",0,,"1,483,097",,,,
승우산업,,,,,,,09/15,,Ar (일반),,,,1,,1,"27,000","27,000","2,700","29,700",0,,"29,700",,,,
승우산업,,,,,,,09/15,,"CO2 (공업용, 40kg)",,,,2,,2,"40,000","80,000","8,000","88,000",0,,"88,000",,,,
승우산업,,,,,,,09/15,,"O2 (LGC, 175L, 고압용)",,,,1,,1,"80,000","80,000","8,000","88,000",0,,"88,000",,,,
,,,,,,거래처별 합계,,,,,,4,,,"3,506",,"1,535,270","153,527","1,688,797",0,,"4,085,697",,,,
신아기계,,,,,,,,,[이월미수액],,,,,,,,,,,,"93,500","93,500",,,,
신아기계,,,,,,,09/03,,Ar (일반),,,,2,,2,"30,000","60,000","6,000","66,000",0,,"66,000",,,,
신아기계,,,,,,,09/03,,"O2 (공업용, 40L)",,,,2,,1,"13,200","13,200","1,320","14,520",0,,"14,520",,,,
신아기계,,,,,,,09/08,,Ar (일반),,,,3,,3,"30,000","90,000","9,000","99,000",0,,"99,000",,,,
신아기계,,,,,,,09/08,,"CO2 (공업용, 20kg)",,,,1,,1,"16,500","16,500","1,650","18,150",0,,"18,150",,,,
신아기계,,,,,,,09/15,,Ar (일반),,,,2,,2,"30,000","60,000","6,000","66,000",0,,"66,000",,,,
,,,,,,거래처별 합계,,,,,,10,,,9,,"239,700","23,970","263,670",0,,"357,170",,,,
씨에스가스텍,,,,,,,,,[이월미수액],,,,,,,,,,,,"16,708,340","16,708,340",,,,
씨에스가스텍,,,,,,,09/08,,"CO2 (kg, Bulk)",,,,0,,"18,990",240,"4,557,600","455,760","5,013,360",0,,"5,013,360",2023,,,
,,,,,,거래처별 합계,,,,,,0,,,"18,990",,"4,557,600","455,760","5,013,360",0,,"21,721,700",,,,
아이스푸드앤바인(구.바인컴퍼니),,,,,,,,,[이월미수액],,,,,,,,,,,,"347,625,850","347,625,850",,,,
아이스푸드앤바인(구.바인컴퍼니),,,,,,,09/01,,"CO2 (kg, Bulk)",,,,0,,"17,170",250,"4,292,500","429,250","4,721,750",0,,"4,721,750",,,,
아이스푸드앤바인(구.바인컴퍼니),,,,,,,09/02,,"CO2 (kg, Bulk)",,,,0,,"16,101",250,"4,025,250","402,525","4,427,775",0,,"4,427,775",,,,
아이스푸드앤바인(구.바인컴퍼니),,,,,,,09/02,,"CO2 (kg, Bulk)",,,,0,,"21,631",250,"5,407,750","540,775","5,948,525",0,,"5,948,525",,,,
아이스푸드앤바인(구.바인컴퍼니),,,,,,,09/03,,"CO2 (kg, Bulk)",,,,0,,"17,633",250,"4,408,250","440,825","4,849,075",0,,"4,849,075",,,,
아이스푸드앤바인(구.바인컴퍼니),,,,,,,09/04,,"CO2 (kg, Bulk)",,,,0,,"21,631",250,"5,407,750","540,775","5,948,525",0,,"5,948,525",,,,
아이스푸드앤바인(구.바인컴퍼니),,,,,,,09/04,,"CO2 (kg, Bulk)",,,,0,,"21,123",250,"5,280,750","528,075","5,808,825",0,,"5,808,825",,,,
아이스푸드앤바인(구.바인컴퍼니),,,,,,,09/05,,"CO2 (kg, Bulk)",,,,0,,"18,002",250,"4,500,500","450,050","4,950,550",0,,"4,950,550",,,,
아이스푸드앤바인(구.바인컴퍼니),,,,,,,09/06,,"CO2 (kg, Bulk)",,,,0,,"21,022",250,"5,255,500","525,550","5,781,050",0,,"5,781,050",,,,
아이스푸드앤바인(구.바인컴퍼니),,,,,,,09/07,,"CO2 (kg, Bulk)",,,,0,,"21,179",250,"5,294,750","529,475","5,824,225",0,,"5,824,225",,,,
아이스푸드앤바인(구.바인컴퍼니),,,,,,,09/09,,"CO2 (kg, Bulk)",,,,0,,"21,680",250,"5,420,000","542,000","5,962,000",0,,"5,962,000",,,,
아이스푸드앤바인(구.바인컴퍼니),,,,,,,09/09,,"CO2 (kg, Bulk)",,,,0,,"16,701",250,"4,175,250","417,525","4,592,775",0,,"4,592,775",,,,
아이스푸드앤바인(구.바인컴퍼니),,,,,,,09/10,,입금 (가스매출),,,,0,,0,0,0,0,0,"347,625,850",,"-347,625,850",8월 거래분,,,
아이스푸드앤바인(구.바인컴퍼니),,,,,,,09/11,,"CO2 (kg, Bulk)",,,,0,,"12,001",250,"3,000,250","300,025","3,300,275",0,,"3,300,275",,,,
아이스푸드앤바인(구.바인컴퍼니),,,,,,,09/11,,"CO2 (kg, Bulk)",,,,0,,"17,016",250,"4,254,000","425,400","4,679,400",0,,"4,679,400",,,,
아이스푸드앤바인(구.바인컴퍼니),,,,,,,09/12,,"CO2 (kg, Bulk)",,,,0,,"17,005",250,"4,251,250","425,125","4,676,375",0,,"4,676,375",,,,
아이스푸드앤바인(구.바인컴퍼니),,,,,,,09/12,,"CO2 (kg, Bulk)",,,,0,,"19,943",250,"4,985,750","498,575","5,484,325",0,,"5,484,325",,,,
아이스푸드앤바인(구.바인컴퍼니),,,,,,,09/12,,"CO2 (kg, Bulk)",,,,0,,"21,193",250,"5,298,250","529,825","5,828,075",0,,"5,828,075",,,,
아이스푸드앤바인(구.바인컴퍼니),,,,,,,09/13,,"CO2 (kg, Bulk)",,,,0,,"21,221",250,"5,305,250","530,525","5,835,775",0,,"5,835,775",,,,
아이스푸드앤바인(구.바인컴퍼니),,,,,,,09/13,,"CO2 (kg, Bulk)",,,,0,,"21,960",250,"5,490,000","549,000","6,039,000",0,,"6,039,000",,,,
아이스푸드앤바인(구.바인컴퍼니),,,,,,,09/14,,"CO2 (kg, Bulk)",,,,0,,"19,902",250,"4,975,500","497,550","5,473,050",0,,"5,473,050",,,,
아이스푸드앤바인(구.바인컴퍼니),,,,,,,09/15,,"CO2 (kg, Bulk)",,,,0,,"17,855",250,"4,463,750","446,375","4,910,125",0,,"4,910,125",,,,
아이스푸드앤바인(구.바인컴퍼니),,,,,,,09/16,,"CO2 (kg, Bulk)",,,,0,,"21,229",250,"5,307,250","530,725","5,837,975",0,,"5,837,975",,,,
,,,,,,거래처별 합계,,,,,,0,,,"403,198",,"100,799,500","10,079,950","110,879,450","347,625,850",,"110,879,450",,,,
에니스,,,,,,,,,[이월미수액],,,,,,,,,,,,"119,156,125","119,156,125",,,,
에니스,,,,,,,09/01,,"CO2 (kg, Bulk)",,,,0,,"21,680",250,"5,420,000","542,000","5,962,000",0,,"5,962,000",,,,
에니스,,,,,,,09/02,,"CO2 (kg, Bulk)",,,,0,,"11,624",250,"2,906,000","290,600","3,196,600",0,,"3,196,600",,,,
에니스,,,,,,,09/04,,"CO2 (kg, Bulk)",,,,0,,"21,090",250,"5,272,500","527,250","5,799,750",0,,"5,799,750",,,,
에니스,,,,,,,09/05,,"CO2 (kg, Bulk)",,,,0,,"21,059",250,"5,264,750","526,475","5,791,225",0,,"5,791,225",,,,
에니스,,,,,,,09/07,,"CO2 (kg, Bulk)",,,,0,,"9,980",250,"2,495,000","249,500","2,744,500",0,,"2,744,500",,,,
에니스,,,,,,,09/09,,"CO2 (kg, Bulk)",,,,0,,"21,121",250,"5,280,250","528,025","5,808,275",0,,"5,808,275",,,,
에니스,,,,,,,09/10,,"CO2 (kg, Bulk)",,,,0,,"19,928",250,"4,982,000","498,200","5,480,200",0,,"5,480,200",,,,
에니스,,,,,,,09/14,,"CO2 (kg, Bulk)",,,,0,,"21,260",250,"5,315,000","531,500","5,846,500",0,,"5,846,500",,,,
에니스,,,,,,,09/16,,"CO2 (kg, Bulk)",,,,0,,"21,980",250,"5,495,000","549,500","6,044,500",0,,"6,044,500",,,,
에니스,,,,,,,09/16,,"CO2 (kg, Bulk)",,,,0,,"19,955",250,"4,988,750","498,875","5,487,625",0,,"5,487,625",,,,
,,,,,,거래처별 합계,,,,,,0,,,"189,677",,"47,419,250","4,741,925","52,161,175",0,,"171,317,300",,,,
에스앤케이.,,,,,,,,,[이월미수액],,,,,,,,,,,,"6,877,684","6,877,684",,,,
에스앤케이.,,,,,,,09/15,,"Ar (kg, Bulk)",,,,0,,"4,206",650,"2,733,900","273,390","3,007,290",0,,"3,007,290",,,,
,,,,,,거래처별 합계,,,,,,0,,,"4,206",,"2,733,900","273,390","3,007,290",0,,"9,884,974",,,,
에스에이치코리아,,,,,,,,,[이월미수액],,,,,,,,,,,,"1,141,800","1,141,800",,,,
에스에이치코리아,,,,,,,09/16,,"N2 (kg, Bulk)",,,,0,,"5,700",173,"986,100","98,610","1,084,710",0,,"1,084,710",,,,
,,,,,,거래처별 합계,,,,,,0,,,"5,700",,"986,100","98,610","1,084,710",0,,"2,226,510",,,,
에어퍼스트,,,,,,,,,[이월미수액],,,,,,,,,,,,"17,542,470","17,542,470",,,,
에어퍼스트,,,,,,,09/09,,"CO2 (kg, Bulk)",,,,0,,"19,000",340,"6,460,000","646,000","7,106,000",0,,"7,106,000",프라코,,,
,,,,,,거래처별 합계,,,,,,0,,,"19,000",,"6,460,000","646,000","7,106,000",0,,"24,648,470",,,,
에이원의료기산업,,,,,,,,,[이월미수액],,,,,,,,,,,,"3,451,800","3,451,800",,,,
에이원의료기산업,,,,,,,09/01,,"CO2 (공업용, 40kg)",,,,5,,5,"43,000","215,000","21,500","236,500",0,,"236,500",,,,
에이원의료기산업,,,,,,,09/03,,"CO2 (공업용, 40kg)",,,,6,,6,"43,000","258,000","25,800","283,800",0,,"283,800",,,,
에이원의료기산업,,,,,,,09/08,,"CO2 (공업용, 40kg)",,,,6,,6,"43,000","258,000","25,800","283,800",0,,"283,800",,,,
에이원의료기산업,,,,,,,09/10,,"CO2 (공업용, 40kg)",,,,3,,3,"43,000","129,000","12,900","141,900",0,,"141,900",,,,
에이원의료기산업,,,,,,,09/15,,"CO2 (공업용, 40kg)",,,,9,,11,"43,000","473,000","47,300","520,300",0,,"520,300",,,,
,,,,,,거래처별 합계,,,,,,29,,,31,,"1,333,000","133,300","1,466,300",0,,"4,918,100",,,,
에이치엘비생명과학,,,,,,,,,[이월미수액],,,,,,,,,,,,"9,240,000","9,240,000",,,,
,,,,,,거래처별 합계,,,,,,0,,,0,,0,0,0,0,,"9,240,000",,,,
에이치이엠씨,,,,,,,,,[이월미수액],,,,,,,,,,,,"2,343,000","2,343,000",,,,
에이치이엠씨,,,,,,,09/04,,입금 (가스매출),,,,0,,0,0,0,0,0,"2,079,000",,"-2,079,000",7월 거래분,,,
에이치이엠씨,,,,,,,09/04,,입금 (가스매출),,,,0,,0,0,0,0,0,"264,000",,"-264,000",8월 거래분,,,
,,,,,,거래처별 합계,,,,,,0,,,0,,0,0,0,"2,343,000",,0,,,,
엔케이철강,,,,,,,,,[이월미수액],,,,,,,,,,,,"1,319,340","1,319,340",,,,
엔케이철강,,,,,,,09/14,,"O2 (kg, Bulk)",,,,0,,"4,010",200,"802,000","80,200","882,200",0,,"882,200",,,,
,,,,,,거래처별 합계,,,,,,0,,,"4,010",,"802,000","80,200","882,200",0,,"2,201,540",,,,
엔투,,,,,,,,,[이월미수액],,,,,,,,,,,,"146,080","146,080",,,,
엔투,,,,,,,09/03,,입금 (가스매출),,,,0,,0,0,0,0,0,"146,080",,"-146,080",8월 거래분,,,
엔투,,,,,,,09/09,,Ar (일반),,,,3,,3,"16,600","49,800","4,980","54,780",0,,"54,780",,,,
,,,,,,거래처별 합계,,,,,,3,,,3,,"49,800","4,980","54,780","146,080",,"54,780",,,,
엔티에스(김포),,,,,,,,,[이월미수액],,,,,,,,,,,,"623,700","623,700",,,,
엔티에스(김포),,,,,,,09/04,,입금 (가스매출),,,,0,,0,0,0,0,0,"623,700",,"-623,700",,,,
,,,,,,거래처별 합계,,,,,,0,,,0,,0,0,0,"623,700",,0,,,,
엘에스와이산업가스,,,,,,,,,[이월미수액],,,,,,,,,,,,"164,044,144","164,044,144",,,,
엘에스와이산업가스,,,,,,,09/01,,"N2 (kg, Bulk)",,,,0,,"3,000",175,"525,000","52,500","577,500",0,,"577,500",신한레이저,,,
엘에스와이산업가스,,,,,,,09/01,,"O2 (kg, Bulk)",,,,0,,"9,658",155,"1,496,990","149,699","1,646,689",0,,"1,646,689",,,,
엘에스와이산업가스,,,,,,,09/02,,"CO2 (kg, Bulk)",,,,0,,"21,530",240,"5,167,200","516,720","5,683,920",0,,"5,683,920",,,,
엘에스와이산업가스,,,,,,,09/03,,"Ar (kg, Bulk)",,,,0,,"14,030",460,"6,453,800","645,380","7,099,180",0,,"7,099,180",,,,
엘에스와이산업가스,,,,,,,09/04,,"N2 (kg, Bulk)",,,,0,,"3,000",175,"525,000","52,500","577,500",0,,"577,500",창조레이저,,,
엘에스와이산업가스,,,,,,,09/04,,"N2 (kg, Bulk)",,,,0,,"7,000",160,"1,120,000","112,000","1,232,000",0,,"1,232,000",,,,
엘에스와이산업가스,,,,,,,09/04,,"O2 (kg, Bulk)",,,,0,,"13,779",155,"2,135,745","213,575","2,349,320",0,,"2,349,320",,,,
엘에스와이산업가스,,,,,,,09/07,,"N2 (kg, Bulk)",,,,0,,"10,003",160,"1,600,480","160,048","1,760,528",0,,"1,760,528",,,,
엘에스와이산업가스,,,,,,,09/08,,"O2 (kg, Bulk)",,,,0,,"13,553",155,"2,100,715","210,072","2,310,787",0,,"2,310,787",,,,
엘에스와이산업가스,,,,,,,09/09,,"CO2 (kg, Bulk)",,,,0,,"21,533",240,"5,167,920","516,792","5,684,712",0,,"5,684,712",,,,
엘에스와이산업가스,,,,,,,09/10,,"N2 (kg, Bulk)",,,,0,,"2,700",175,"472,500","47,250","519,750",0,,"519,750",에이비솔루션,,,
엘에스와이산업가스,,,,,,,09/11,,"Ar (kg, Bulk)",,,,0,,"15,340",460,"7,056,400","705,640","7,762,040",0,,"7,762,040",,,,
엘에스와이산업가스,,,,,,,09/11,,"O2 (kg, Bulk)",,,,0,,"14,169",155,"2,196,195","219,620","2,415,815",0,,"2,415,815",,,,
엘에스와이산업가스,,,,,,,09/11,,"O2 (kg, Bulk)",,,,0,,"4,613",175,"807,275","80,728","888,003",0,,"888,003",평강에스엠,,,
엘에스와이산업가스,,,,,,,09/14,,"N2 (kg, Bulk)",,,,0,,"10,001",160,"1,600,160","160,016","1,760,176",0,,"1,760,176",,,,
엘에스와이산업가스,,,,,,,09/14,,"N2 (kg, Bulk)",,,,0,,"3,000",175,"525,000","52,500","577,500",0,,"577,500",삼원전자,,,
엘에스와이산업가스,,,,,,,09/15,,"CO2 (kg, Bulk)",,,,0,,"20,972",240,"5,033,280","503,328","5,536,608",0,,"5,536,608",,,,
엘에스와이산업가스,,,,,,,09/15,,"O2 (kg, Bulk)",,,,0,,"15,543",155,"2,409,165","240,917","2,650,082",0,,"2,650,082",,,,
,,,,,,거래처별 합계,,,,,,0,,,"203,424",,"46,392,825","4,639,283","51,032,108",0,,"215,076,252",,,,
엠에스동민특수가스,,,,,,,,,[이월미수액],,,,,,,,,,,,"6,294,989","6,294,989",,,,
엠에스동민특수가스,,,,,,,09/04,,"N2 (kg, Bulk)",,,,0,,"3,803",222,"844,266","84,427","928,693",0,,"928,693",제우스-마도,,,
엠에스동민특수가스,,,,,,,09/10,,"N2 (kg, Bulk)",,,,0,,"3,000",222,"666,000","66,600","732,600",0,,"732,600",제우스-마도,,,
엠에스동민특수가스,,,,,,,09/15,,"N2 (kg, Bulk)",,,,0,,"3,241",222,"719,502","71,950","791,452",0,,"791,452",제우스-마도,,,
,,,,,,거래처별 합계,,,,,,0,,,"10,044",,"2,229,768","222,977","2,452,745",0,,"8,747,733",,,,
엠제이쿼츠,,,,,,,,,[이월미수액],,,,,,,,,,,,"4,204,420","4,204,420",,,,
엠제이쿼츠,,,,,,,09/04,,"O2 (LGC, 175L, 고압용)",,,,0,,2,"60,500","121,000","12,100","133,100",0,,"133,100",,,,
,,,,,,거래처별 합계,,,,,,0,,,2,,"121,000","12,100","133,100",0,,"4,337,520",,,,
영신방재,,,,,,,,,[이월미수액],,,,,,,,,,,,"3,796,540","3,796,540",,,,
영신방재,,,,,,,09/10,,"N2 (kg, Bulk)",,,,0,,"3,000",310,"930,000","93,000","1,023,000",0,,"1,023,000",,,,
,,,,,,거래처별 합계,,,,,,0,,,"3,000",,"930,000","93,000","1,023,000",0,,"4,819,540",,,,
영신에프엔씨,,,,,,,,,[이월미수액],,,,,,,,,,,,"5,478,880","5,478,880",,,,
영신에프엔씨,,,,,,,09/04,,"N2 (kg, Bulk)",,,,0,,"3,303",300,"990,900","99,090","1,089,990",0,,"1,089,990",,,,
영신에프엔씨,,,,,,,09/10,,입금 (가스매출),,,,0,,0,0,0,0,0,"2,513,500",,"-2,513,500",6월 거래분,,,
,,,,,,거래처별 합계,,,,,,0,,,"3,303",,"990,900","99,090","1,089,990","2,513,500",,"4,055,370",,,,
영신코아스,,,,,,,,,[이월미수액],,,,,,,,,,,,"3,552,560","3,552,560",,,,
영신코아스,,,,,,,09/02,,"N2 (LGC, 175L, 고압용)",,,,3,,2,"53,500","107,000","10,700","117,700",0,,"117,700",,,,
영신코아스,,,,,,,09/07,,Ar (일반),,,,4,,4,"24,700","98,800","9,880","108,680",0,,"108,680",,,,
영신코아스,,,,,,,09/07,,"CO2 (공업용, 40kg)",,,,1,,1,"21,400","21,400","2,140","23,540",0,,"23,540",,,,
영신코아스,,,,,,,09/10,,입금 (가스매출),,,,0,,0,0,0,0,0,"784,190",,"-784,190",6월 거래분,,,
영신코아스,,,,,,,09/11,,Ar (일반),,,,4,,4,"24,700","98,800","9,880","108,680",0,,"108,680",,,,
영신코아스,,,,,,,09/16,,Ar (일반),,,,3,,3,"24,700","74,100","7,410","81,510",0,,"81,510",,,,
영신코아스,,,,,,,09/16,,"N2 (LGC, 175L, 고압용)",,,,3,,1,"53,500","53,500","5,350","58,850",0,,"58,850",,,,
,,,,,,거래처별 합계,,,,,,18,,,15,,"453,600","45,360","498,960","784,190",,"3,267,330",,,,
예성이엔지(아산),,,,,,,,,[이월미수액],,,,,,,,,,,,"4,432,725","4,432,725",,,,
,,,,,,거래처별 합계,,,,,,0,,,0,,0,0,0,0,,"4,432,725",,,,
용역운송(OB맥주-신비오),,,,,,,,,[이월미수액],,,,,,,,,,,,"2,855,820","2,855,820",,,,
용역운송(OB맥주-신비오),,,,,,,09/01,,운송비 (운반비 CO2),,,,0,,"21,230",60,"1,273,800","127,380","1,401,180",0,,"1,401,180","20,840kg-OB이천",,,
용역운송(OB맥주-신비오),,,,,,,09/03,,운송비 (운반비 CO2),,,,0,,"21,380",60,"1,282,800","128,280","1,411,080",0,,"1,411,080","21,030kg-OB이천",,,
,,,,,,거래처별 합계,,,,,,0,,,"42,610",,"2,556,600","255,660","2,812,260",0,,"5,668,080",,,,
용역운송(쿠팡-신비오케미컬),,,,,,,,,[이월미수액],,,,,,,,,,,,"25,828,110","25,828,110",,,,
용역운송(쿠팡-신비오케미컬),,,,,,,09/01,,운송비 (운반비 CO2),,,,0,,"21,632",35,"757,120","75,712","832,832",0,,"832,832",동원 물류센터,,,
용역운송(쿠팡-신비오케미컬),,,,,,,09/01,,운송비 (운반비 CO2),,,,0,,"19,600",35,"686,000","68,600","754,600",0,,"754,600","쿠팡(19,730kg)",,,
용역운송(쿠팡-신비오케미컬),,,,,,,09/02,,운송비 (운반비 CO2),,,,0,,"20,980",35,"734,300","73,430","807,730",0,,"807,730","쿠팡(21,200kg)",,,
용역운송(쿠팡-신비오케미컬),,,,,,,09/02,,운송비 (운반비 CO2),,,,0,,"20,610",35,"721,350","72,135","793,485",0,,"793,485","쿠팡(20,930kg)",,,
용역운송(쿠팡-신비오케미컬),,,,,,,09/03,,운송비 (운반비 CO2),,,,0,,"21,270",35,"744,450","74,445","818,895",0,,"818,895","쿠팡(21,650kg)",,,
용역운송(쿠팡-신비오케미컬),,,,,,,09/04,,운송비 (운반비 CO2),,,,0,,"17,410",35,"609,350","60,935","670,285",0,,"670,285","쿠팡(21,720kg)",,,
용역운송(쿠팡-신비오케미컬),,,,,,,09/04,,운송비 (운반비 CO2),,,,0,,"21,530",35,"753,550","75,355","828,905",0,,"828,905","쿠팡(21,390kg)",,,
용역운송(쿠팡-신비오케미컬),,,,,,,09/05,,운송비 (운반비 CO2),,,,0,,"21,170",35,"740,950","74,095","815,045",0,,"815,045","쿠팡(21,780kg)",,,
용역운송(쿠팡-신비오케미컬),,,,,,,09/05,,운송비 (운반비 CO2),,,,0,,"20,830",35,"729,050","72,905","801,955",0,,"801,955","쿠팡(21,000kg)",,,
용역운송(쿠팡-신비오케미컬),,,,,,,09/06,,운송비 (운반비 CO2),,,,0,,"20,750",35,"726,250","72,625","798,875",0,,"798,875","쿠팡(21,010kg)",,,
용역운송(쿠팡-신비오케미컬),,,,,,,09/07,,운송비 (운반비 CO2),,,,0,,"21,150",35,"740,250","74,025","814,275",0,,"814,275","쿠팡(21,280kg)",,,
용역운송(쿠팡-신비오케미컬),,,,,,,09/07,,운송비 (운반비 CO2),,,,0,,"21,390",35,"748,650","74,865","823,515",0,,"823,515","쿠팡(21,500kg)",,,
용역운송(쿠팡-신비오케미컬),,,,,,,09/08,,운송비 (운반비 CO2),,,,0,,"19,036",35,"666,260","66,626","732,886",0,,"732,886",에프엠에스,,,
용역운송(쿠팡-신비오케미컬),,,,,,,09/08,,운송비 (운반비 CO2),,,,0,,"21,110",35,"738,850","73,885","812,735",0,,"812,735","쿠팡(21,150kg)",,,
용역운송(쿠팡-신비오케미컬),,,,,,,09/10,,운송비 (운반비 CO2),,,,0,,"21,090",35,"738,150","73,815","811,965",0,,"811,965","쿠팡(21,000kg)",,,
용역운송(쿠팡-신비오케미컬),,,,,,,09/11,,운송비 (운반비 CO2),,,,0,,"16,800",35,"588,000","58,800","646,800",0,,"646,800","쿠팡(21,040kg)",,,
용역운송(쿠팡-신비오케미컬),,,,,,,09/11,,운송비 (운반비 CO2),,,,0,,"21,160",35,"740,600","74,060","814,660",0,,"814,660","쿠팡(21,200kg)",,,
용역운송(쿠팡-신비오케미컬),,,,,,,09/11,,운송비 (운반비 CO2),,,,0,,"20,956",35,"733,460","73,346","806,806",0,,"806,806",에프엠에스,,,
용역운송(쿠팡-신비오케미컬),,,,,,,09/11,,운송비 (운반비 CO2),,,,0,,"21,430",35,"750,050","75,005","825,055",0,,"825,055","쿠팡(21,880kg)",,,
용역운송(쿠팡-신비오케미컬),,,,,,,09/12,,운송비 (운반비 CO2),,,,0,,"18,303",35,"640,605","64,061","704,666",0,,"704,666",에프엠에스,,,
용역운송(쿠팡-신비오케미컬),,,,,,,09/12,,운송비 (운반비 CO2),,,,0,,"18,310",35,"640,850","64,085","704,935",0,,"704,935","쿠팡(21,050kg)",,,
용역운송(쿠팡-신비오케미컬),,,,,,,09/12,,운송비 (운반비 CO2),,,,0,,"21,620",35,"756,700","75,670","832,370",0,,"832,370","쿠팡(21,800kg)",,,
용역운송(쿠팡-신비오케미컬),,,,,,,09/14,,운송비 (운반비 CO2),,,,0,,"20,790",35,"727,650","72,765","800,415",0,,"800,415","쿠팡(21,120kg)",,,
용역운송(쿠팡-신비오케미컬),,,,,,,09/14,,운송비 (운반비 CO2),,,,0,,"20,870",35,"730,450","73,045","803,495",0,,"803,495","쿠팡(20,750kg)",,,
용역운송(쿠팡-신비오케미컬),,,,,,,09/15,,운송비 (운반비 CO2),,,,0,,"21,090",35,"738,150","73,815","811,965",0,,"811,965","쿠팡(20,940kg)",,,
,,,,,,거래처별 합계,,,,,,0,,,"510,887",,"17,881,045","1,788,105","19,669,150",0,,"45,497,260",,,,
우창산업건설(주),,,,,,,,,[이월미수액],,,,,,,,,,,,"5,636,180","5,636,180",,,,
우창산업건설(주),,,,,,,09/02,,"CO2 (공업용, 40kg)",,,,20,,20,"30,360","607,200","60,720","667,920",0,,"667,920",,,,
우창산업건설(주),,,,,,,09/02,,"O2 (공업용, 40L)",,,,5,,5,"7,500","37,500","3,750","41,250",0,,"41,250",,,,
우창산업건설(주),,,,,,,09/02,,"O2 (LGC, 175L) ",,,,1,,1,"60,000","60,000","6,000","66,000",0,,"66,000",,,,
우창산업건설(주),,,,,,,09/07,,"CO2 (공업용, 40kg)",,,,10,,16,"30,360","485,760","48,576","534,336",0,,"534,336",,,,
우창산업건설(주),,,,,,,09/07,,"O2 (공업용, 40L)",,,,10,,10,"7,500","75,000","7,500","82,500",0,,"82,500",,,,
우창산업건설(주),,,,,,,09/11,,"CO2 (공업용, 40kg)",,,,20,,23,"30,360","698,280","69,828","768,108",0,,"768,108",,,,
우창산업건설(주),,,,,,,09/11,,LPG (20kg),,,,3,,3,"50,500","151,500","15,150","166,650",0,,"166,650",,,,
우창산업건설(주),,,,,,,09/11,,LPG (50kg),,,,1,,1,"126,250","126,250","12,625","138,875",0,,"138,875",,,,
우창산업건설(주),,,,,,,09/11,,"O2 (공업용, 40L)",,,,5,,5,"7,500","37,500","3,750","41,250",0,,"41,250",,,,
우창산업건설(주),,,,,,,09/14,,입금 (가스매출),,,,0,,0,0,0,0,0,"3,366,836",,"-3,366,836",7월 거래분,,,
우창산업건설(주),,,,,,,09/16,,"CO2 (공업용, 40kg)",,,,10,,10,"30,360","303,600","30,360","333,960",0,,"333,960",,,,
,,,,,,거래처별 합계,,,,,,85,,,94,,"2,582,590","258,259","2,840,849","3,366,836",,"5,110,193",,,,
원이엔지,,,,,,,,,[이월미수액],,,,,,,,,,,,"3,982,950","3,982,950",,,,
원이엔지,,,,,,,09/04,,"CO2 (공업용, 40kg)",,,,3,,3,"35,000","105,000","10,500","115,500",0,,"115,500",,,,
원이엔지,,,,,,,09/04,,"O2 (공업용, 40L)",,,,1,,1,"15,000","15,000","1,500","16,500",0,,"16,500",,,,
원이엔지,,,,,,,09/08,,"CO2 (공업용, 40kg)",,,,5,,5,"35,000","175,000","17,500","192,500",0,,"192,500",,,,
원이엔지,,,,,,,09/08,,"O2 (공업용, 40L)",,,,2,,2,"15,000","30,000","3,000","33,000",0,,"33,000",,,,
원이엔지,,,,,,,09/11,,"CO2 (공업용, 40kg)",,,,3,,3,"35,000","105,000","10,500","115,500",0,,"115,500",,,,
원이엔지,,,,,,,09/14,,"CO2 (공업용, 40kg)",,,,5,,5,"35,000","175,000","17,500","192,500",0,,"192,500",,,,
원이엔지,,,,,,,09/16,,"CO2 (공업용, 40kg)",,,,4,,6,"35,000","210,000","21,000","231,000",0,,"231,000",,,,
,,,,,,거래처별 합계,,,,,,23,,,25,,"815,000","81,500","896,500",0,,"4,879,450",,,,
위드산업조명,,,,,,,,,[이월미수액],,,,,,,,,,,,"316,800","316,800",,,,
위드산업조명,,,,,,,09/03,,Mix (CO2 20% + Ar Bal),,,,4,,4,"24,000","96,000","9,600","105,600",0,,"105,600",,,,
위드산업조명,,,,,,,09/10,,Mix (CO2 20% + Ar Bal),,,,3,,3,"24,000","72,000","7,200","79,200",0,,"79,200",,,,
,,,,,,거래처별 합계,,,,,,7,,,7,,"168,000","16,800","184,800",0,,"501,600",,,,
유니온가스,,,,,,,,,[이월미수액],,,,,,,,,,,,"2,812,623","2,812,623",,,,
유니온가스,,,,,,,09/04,,"CO2 (kg, Bulk)",,,,0,,"8,868",290,"2,571,720","257,172","2,828,892",0,,"2,828,892",,,,
유니온가스,,,,,,,09/10,,입금 (가스매출),,,,0,,0,0,0,0,0,"2,812,623",,"-2,812,623",8월 거래분,,,
,,,,,,거래처별 합계,,,,,,0,,,"8,868",,"2,571,720","257,172","2,828,892","2,812,623",,"2,828,892",,,,
유엔씨테크,,,,,,,,,[이월미수액],,,,,,,,,,,,"7,686,493","7,686,493",,,,
유엔씨테크,,,,,,,09/02,,Ar (일반),,,,4,,4,"23,100","92,400","9,240","101,640",0,,"101,640",,,,
유엔씨테크,,,,,,,09/02,,"Ar (LGC, 175L)",,,,1,,1,"242,550","242,550","24,255","266,805",0,,"266,805",,,,
유엔씨테크,,,,,,,09/02,,Mix (H2 5% + N2 Bal),,,,3,,0,"16,500",0,0,0,0,,0,,,,
유엔씨테크,,,,,,,09/02,,"N2 (공업용, 40L)",,,,1,,1,"12,705","12,705","1,271","13,976",0,,"13,976",,,,
유엔씨테크,,,,,,,09/02,,"O2 (공업용, 40L)",,,,3,,3,"12,705","38,115","3,812","41,927",0,,"41,927",,,,
유엔씨테크,,,,,,,09/04,,Ar (일반),,,,5,,5,"23,100","115,500","11,550","127,050",0,,"127,050",,,,
유엔씨테크,,,,,,,09/04,,LPG (20kg),,,,0,,1,"55,000","55,000","5,500","60,500",0,,"60,500",,,,
유엔씨테크,,,,,,,09/04,,Mix (H2 5% + N2 Bal),,,,5,,0,"16,500",0,0,0,0,,0,,,,
유엔씨테크,,,,,,,09/04,,"N2 (공업용, 40L)",,,,1,,1,"12,705","12,705","1,271","13,976",0,,"13,976",,,,
유엔씨테크,,,,,,,09/04,,"O2 (공업용, 40L)",,,,3,,3,"12,705","38,115","3,812","41,927",0,,"41,927",,,,
유엔씨테크,,,,,,,09/07,,Ar (일반),,,,7,,7,"23,100","161,700","16,170","177,870",0,,"177,870",,,,
유엔씨테크,,,,,,,09/07,,Mix (H2 5% + N2 Bal),,,,7,,0,"16,500",0,0,0,0,,0,,,,
유엔씨테크,,,,,,,09/07,,"N2 (공업용, 40L)",,,,4,,4,"12,705","50,820","5,082","55,902",0,,"55,902",,,,
유엔씨테크,,,,,,,09/07,,"O2 (공업용, 40L)",,,,4,,4,"12,705","50,820","5,082","55,902",0,,"55,902",,,,
유엔씨테크,,,,,,,09/09,,Ar (일반),,,,6,,6,"23,100","138,600","13,860","152,460",0,,"152,460",,,,
유엔씨테크,,,,,,,09/09,,"Ar (LGC, 175L)",,,,1,,1,"242,550","242,550","24,255","266,805",0,,"266,805",,,,
유엔씨테크,,,,,,,09/09,,Mix (H2 5% + N2 Bal),,,,5,,16,"16,500","264,000","26,400","290,400",0,,"290,400",,,,
유엔씨테크,,,,,,,09/09,,"N2 (공업용, 40L)",,,,2,,2,"12,705","25,410","2,541","27,951",0,,"27,951",,,,
유엔씨테크,,,,,,,09/09,,"O2 (공업용, 40L)",,,,1,,1,"12,705","12,705","1,271","13,976",0,,"13,976",,,,
유엔씨테크,,,,,,,09/10,,"N2 (kg, Bulk)",,,,0,,"3,000",360,"1,080,000","108,000","1,188,000",0,,"1,188,000",,,,
유엔씨테크,,,,,,,09/11,,Ar (일반),,,,10,,10,"23,100","231,000","23,100","254,100",0,,"254,100",,,,
유엔씨테크,,,,,,,09/11,,LPG (20kg),,,,1,,1,"55,000","55,000","5,500","60,500",0,,"60,500",,,,
유엔씨테크,,,,,,,09/11,,Mix (H2 5% + N2 Bal),,,,1,,0,"16,500",0,0,0,0,,0,,,,
유엔씨테크,,,,,,,09/11,,"N2 (공업용, 40L)",,,,3,,3,"12,705","38,115","3,812","41,927",0,,"41,927",,,,
유엔씨테크,,,,,,,09/11,,"O2 (공업용, 40L)",,,,4,,4,"12,705","50,820","5,082","55,902",0,,"55,902",,,,
유엔씨테크,,,,,,,09/14,,Ar (일반),,,,3,,3,"23,100","69,300","6,930","76,230",0,,"76,230",,,,
유엔씨테크,,,,,,,09/14,,"Ar (LGC, 175L)",,,,1,,1,"242,550","242,550","24,255","266,805",0,,"266,805",,,,
유엔씨테크,,,,,,,09/14,,Mix (H2 5% + N2 Bal),,,,1,,0,"16,500",0,0,0,0,,0,,,,
유엔씨테크,,,,,,,09/14,,"N2 (공업용, 40L)",,,,3,,3,"12,705","38,115","3,812","41,927",0,,"41,927",,,,
유엔씨테크,,,,,,,09/14,,"O2 (공업용, 40L)",,,,1,,1,"12,705","12,705","1,271","13,976",0,,"13,976",,,,
유엔씨테크,,,,,,,09/16,,Ar (일반),,,,3,,3,"23,100","69,300","6,930","76,230",0,,"76,230",,,,
유엔씨테크,,,,,,,09/16,,Mix (H2 5% + N2 Bal),,,,6,,0,"16,500",0,0,0,0,,0,,,,
유엔씨테크,,,,,,,09/16,,"N2 (공업용, 40L)",,,,3,,3,"12,705","38,115","3,812","41,927",0,,"41,927",,,,
유엔씨테크,,,,,,,09/16,,"O2 (공업용, 40L)",,,,3,,3,"12,705","38,115","3,812","41,927",0,,"41,927",,,,
,,,,,,거래처별 합계,,,,,,106,,,"3,095",,"3,516,830","351,683","3,868,513",0,,"11,555,006",,,,
유한가스화학(주),,,,,,,,,[이월미수액],,,,,,,,,,,,"2,391,840","2,391,840",,,,
유한가스화학(주),,,,,,,09/01,,"N2 (kg, Bulk)",,,,0,,"5,335",160,"853,600","85,360","938,960",0,,"938,960",,,,
유한가스화학(주),,,,,,,09/09,,"N2 (kg, Bulk)",,,,0,,"6,000",160,"960,000","96,000","1,056,000",0,,"1,056,000",,,,
,,,,,,거래처별 합계,,,,,,0,,,"11,335",,"1,813,600","181,360","1,994,960",0,,"4,386,800",,,,
유한에프앤디(구.유한산업),,,,,,,,,[이월미수액],,,,,,,,,,,,"118,034,400","118,034,400",,,,
,,,,,,거래처별 합계,,,,,,0,,,0,,0,0,0,0,,"118,034,400",,,,
윤익스디티에스,,,,,,,,,[이월미수액],,,,,,,,,,,,"172,459,100","172,459,100",,,,
윤익스디티에스,,,,,,,09/01,,"CO2 (kg, Bulk)",,,,0,,"21,231",250,"5,307,750","530,775","5,838,525",0,,"5,838,525",,,,
윤익스디티에스,,,,,,,09/02,,"CO2 (kg, Bulk)",,,,0,,"20,011",250,"5,002,750","500,275","5,503,025",0,,"5,503,025",,,,
윤익스디티에스,,,,,,,09/03,,"CO2 (kg, Bulk)",,,,0,,"21,770",250,"5,442,500","544,250","5,986,750",0,,"5,986,750",,,,
윤익스디티에스,,,,,,,09/03,,"CO2 (kg, Bulk)",,,,0,,"21,222",250,"5,305,500","530,550","5,836,050",0,,"5,836,050",,,,
윤익스디티에스,,,,,,,09/04,,"CO2 (kg, Bulk)",,,,0,,"21,249",250,"5,312,250","531,225","5,843,475",0,,"5,843,475",,,,
윤익스디티에스,,,,,,,09/05,,"CO2 (kg, Bulk)",,,,0,,"21,367",250,"5,341,750","534,175","5,875,925",0,,"5,875,925",,,,
윤익스디티에스,,,,,,,09/08,,"CO2 (kg, Bulk)",,,,0,,"20,933",250,"5,233,250","523,325","5,756,575",0,,"5,756,575",,,,
윤익스디티에스,,,,,,,09/08,,"CO2 (kg, Bulk)",,,,0,,"21,680",250,"5,420,000","542,000","5,962,000",0,,"5,962,000",,,,
윤익스디티에스,,,,,,,09/08,,"CO2 (kg, Bulk)",,,,0,,"21,334",250,"5,333,500","533,350","5,866,850",0,,"5,866,850",,,,
윤익스디티에스,,,,,,,09/09,,"CO2 (kg, Bulk)",,,,0,,"21,012",250,"5,253,000","525,300","5,778,300",0,,"5,778,300",,,,
윤익스디티에스,,,,,,,09/10,,"CO2 (kg, Bulk)",,,,0,,"21,138",250,"5,284,500","528,450","5,812,950",0,,"5,812,950",,,,
윤익스디티에스,,,,,,,09/10,,"CO2 (kg, Bulk)",,,,0,,"22,120",250,"5,530,000","553,000","6,083,000",0,,"6,083,000",,,,
윤익스디티에스,,,,,,,09/10,,"CO2 (kg, Bulk)",,,,0,,"22,100",250,"5,525,000","552,500","6,077,500",0,,"6,077,500",,,,
윤익스디티에스,,,,,,,09/12,,"CO2 (kg, Bulk)",,,,0,,"21,313",250,"5,328,250","532,825","5,861,075",0,,"5,861,075",,,,
윤익스디티에스,,,,,,,09/14,,"CO2 (kg, Bulk)",,,,0,,"21,174",250,"5,293,500","529,350","5,822,850",0,,"5,822,850",,,,
윤익스디티에스,,,,,,,09/14,,"CO2 (kg, Bulk)",,,,0,,"21,212",250,"5,303,000","530,300","5,833,300",0,,"5,833,300",,,,
윤익스디티에스,,,,,,,09/15,,"CO2 (kg, Bulk)",,,,0,,"17,002",250,"4,250,500","425,050","4,675,550",0,,"4,675,550",,,,
윤익스디티에스,,,,,,,09/15,,"CO2 (kg, Bulk)",,,,0,,"21,822",250,"5,455,500","545,550","6,001,050",0,,"6,001,050",,,,
윤익스디티에스,,,,,,,09/16,,"CO2 (kg, Bulk)",,,,0,,"19,945",250,"4,986,250","498,625","5,484,875",0,,"5,484,875",,,,
,,,,,,거래처별 합계,,,,,,0,,,"399,635",,"99,908,750","9,990,875","109,899,625",0,,"282,358,725",,,,
일광메탈포밍,,,,,,,09/16,,Ar (일반),,,,2,,0,"26,000",0,0,0,0,,0,,,,
일광메탈포밍,,,,,,,09/16,,"CO2 (공업용, 20kg)",,,,2,,0,"20,000",0,0,0,0,,0,,,,
일광메탈포밍,,,,,,,09/16,,LPG (20kg),,,,0,,2,"59,000","118,000","11,800","129,800",0,,"129,800",,,,
일광메탈포밍,,,,,,,09/16,,"N2 (공업용, 40L)",,,,2,,0,"12,000",0,0,0,0,,0,,,,
일광메탈포밍,,,,,,,09/16,,"O2 (공업용, 40L)",,,,2,,0,"12,000",0,0,0,0,,0,,,,
,,,,,,거래처별 합계,,,,,,8,,,2,,"118,000","11,800","129,800",0,,"129,800",,,,
일광잉크페인트,,,,,,,,,[이월미수액],,,,,,,,,,,,"3,124,000","3,124,000",,,,
일광잉크페인트,,,,,,,09/15,,"N2 (kg, Bulk)",,,,0,,"3,000",355,"1,065,000","106,500","1,171,500",0,,"1,171,500",,,,
,,,,,,거래처별 합계,,,,,,0,,,"3,000",,"1,065,000","106,500","1,171,500",0,,"4,295,500",,,,
일영랩,,,,,,,,,[이월미수액],,,,,,,,,,,,"2,598,000","2,598,000",,,,
일영랩,,,,,,,09/03,,"Ar (UHP, 47L, 99.999%)",,,,7,,8,"70,000","560,000","56,000","616,000",0,,"616,000",,,,
일영랩,,,,,,,09/03,,"N2 (UHP, 99.999%)",,,,1,,0,"70,000",0,0,0,0,,0,,,,
일영랩,,,,,,,09/14,,"Ar (UHP, 47L, 99.999%)",,,,7,,7,"70,000","490,000","49,000","539,000",0,,"539,000",,,,
일영랩,,,,,,,09/14,,"N2 (UHP, 99.999%)",,,,3,,3,"70,000","210,000","21,000","231,000",0,,"231,000",,,,
,,,,,,거래처별 합계,,,,,,18,,,18,,"1,260,000","126,000","1,386,000",0,,"3,984,000",,,,
정도레이저,,,,,,,,,[이월미수액],,,,,,,,,,,,"1,985,450","1,985,450",,,,
,,,,,,거래처별 합계,,,,,,0,,,0,,0,0,0,0,,"1,985,450",,,,
정아유압,,,,,,,,,[이월미수액],,,,,,,,,,,,"1,683,990","1,683,990",,,,
정아유압,,,,,,,09/04,,입금 (가스매출),,,,0,,0,0,0,0,0,"1,089,550",,"-1,089,550",8월 거래분,,,
정아유압,,,,,,,09/04,,Ar (일반),,,,2,,2,"18,800","37,600","3,760","41,360",0,,"41,360",,,,
정아유압,,,,,,,09/04,,Mix (CO2 20% + Ar Bal),,,,4,,4,"18,800","75,200","7,520","82,720",0,,"82,720",,,,
정아유압,,,,,,,09/04,,"O2 (공업용, 40L)",,,,3,,3,"12,900","38,700","3,870","42,570",0,,"42,570",,,,
정아유압,,,,,,,09/09,,Ar (일반),,,,1,,1,"18,800","18,800","1,880","20,680",0,,"20,680",,,,
정아유압,,,,,,,09/09,,Mix (CO2 20% + Ar Bal),,,,4,,4,"18,800","75,200","7,520","82,720",0,,"82,720",,,,
정아유압,,,,,,,09/14,,Ar (일반),,,,1,,1,"18,800","18,800","1,880","20,680",0,,"20,680",,,,
정아유압,,,,,,,09/14,,Mix (CO2 20% + Ar Bal),,,,4,,4,"18,800","75,200","7,520","82,720",0,,"82,720",,,,
정아유압,,,,,,,09/14,,"O2 (공업용, 40L)",,,,0,,1,"12,900","12,900","1,290","14,190",0,,"14,190",,,,
,,,,,,거래처별 합계,,,,,,19,,,20,,"352,400","35,240","387,640","1,089,550",,"982,080",,,,
제원산업,,,,,,,,,[이월미수액],,,,,,,,,,,,"3,388,000","3,388,000",,,,
제원산업,,,,,,,09/02,,"Ar (LGC, 175L)",,,,1,,1,"270,000","270,000","27,000","297,000",0,,"297,000",,,,
제원산업,,,,,,,09/02,,"CO2 (공업용, 40kg)",,,,2,,2,"30,000","60,000","6,000","66,000",0,,"66,000",,,,
제원산업,,,,,,,09/02,,"O2 (공업용, 40L)",,,,1,,1,"15,000","15,000","1,500","16,500",0,,"16,500",,,,
제원산업,,,,,,,09/04,,"Ar (LGC, 175L)",,,,1,,1,"270,000","270,000","27,000","297,000",0,,"297,000",,,,
제원산업,,,,,,,09/04,,"CO2 (공업용, 40kg)",,,,1,,1,"30,000","30,000","3,000","33,000",0,,"33,000",,,,
제원산업,,,,,,,09/04,,"CO2 (kg, Bulk)",,,,0,,"5,100",310,"1,581,000","158,100","1,739,100",0,,"1,739,100",,,,
제원산업,,,,,,,09/04,,"O2 (공업용, 40L)",,,,1,,1,"15,000","15,000","1,500","16,500",0,,"16,500",,,,
제원산업,,,,,,,09/07,,"Ar (LGC, 175L)",,,,1,,1,"270,000","270,000","27,000","297,000",0,,"297,000",,,,
제원산업,,,,,,,09/07,,"CO2 (공업용, 40kg)",,,,1,,1,"30,000","30,000","3,000","33,000",0,,"33,000",,,,
제원산업,,,,,,,09/07,,LPG (20kg),,,,1,,1,"50,000","50,000","5,000","55,000",0,,"55,000",,,,
제원산업,,,,,,,09/07,,"O2 (공업용, 40L)",,,,3,,3,"15,000","45,000","4,500","49,500",0,,"49,500",,,,
제원산업,,,,,,,09/11,,"Ar (LGC, 175L)",,,,1,,1,"270,000","270,000","27,000","297,000",0,,"297,000",,,,
제원산업,,,,,,,09/11,,"CO2 (공업용, 40kg)",,,,1,,0,"30,000",0,0,0,0,,0,,,,
제원산업,,,,,,,09/11,,LPG (20kg),,,,1,,1,"50,000","50,000","5,000","55,000",0,,"55,000",,,,
제원산업,,,,,,,09/11,,"O2 (공업용, 40L)",,,,1,,1,"15,000","15,000","1,500","16,500",0,,"16,500",,,,
제원산업,,,,,,,09/14,,"Ar (LGC, 175L)",,,,1,,1,"270,000","270,000","27,000","297,000",0,,"297,000",,,,
제원산업,,,,,,,09/16,,"Ar (LGC, 175L)",,,,1,,1,"270,000","270,000","27,000","297,000",0,,"297,000",,,,
제원산업,,,,,,,09/16,,"CO2 (공업용, 20kg)",,,,1,,1,"15,000","15,000","1,500","16,500",0,,"16,500",,,,
,,,,,,거래처별 합계,,,,,,20,,,"5,119",,"3,526,000","352,600","3,878,600",0,,"7,266,600",,,,
제이아이금속,,,,,,,,,[이월미수액],,,,,,,,,,,,"7,459,650","7,459,650",,,,
제이아이금속,,,,,,,09/10,,"Ar (kg, Bulk)",,,,0,,"4,820",450,"2,169,000","216,900","2,385,900",0,,"2,385,900",,,,
,,,,,,거래처별 합계,,,,,,0,,,"4,820",,"2,169,000","216,900","2,385,900",0,,"9,845,550",,,,
제이와이스틸,,,,,,,,,[이월미수액],,,,,,,,,,,,"1,453,451","1,453,451",,,,
제이와이스틸,,,,,,,09/07,,"O2 (kg, Bulk)",,,,0,,"3,788",385,"1,458,380","145,838","1,604,218",0,,"1,604,218",,,,
,,,,,,거래처별 합계,,,,,,0,,,"3,788",,"1,458,380","145,838","1,604,218",0,,"3,057,669",,,,
제이케이지산업가스(구.서진산업가스),,,,,,,,,[이월미수액],,,,,,,,,,,,"27,636,554","27,636,554",,,,
제이케이지산업가스(구.서진산업가스),,,,,,,09/04,,"O2 (kg, Bulk)",,,,0,,"15,556",165,"2,566,740","256,674","2,823,414",0,,"2,823,414",,,,
제이케이지산업가스(구.서진산업가스),,,,,,,09/07,,"CO2 (kg, Bulk)",,,,0,,"21,610",300,"6,483,000","648,300","7,131,300",0,,"7,131,300",,,,
제이케이지산업가스(구.서진산업가스),,,,,,,09/08,,"Ar (kg, Bulk)",,,,0,,"8,748",490,"4,286,520","428,652","4,715,172",0,,"4,715,172",,,,
제이케이지산업가스(구.서진산업가스),,,,,,,09/16,,"Ar (kg, Bulk)",,,,0,,"11,586",490,"5,677,140","567,714","6,244,854",0,,"6,244,854",,,,
,,,,,,거래처별 합계,,,,,,0,,,"57,500",,"19,013,400","1,901,340","20,914,740",0,,"48,551,294",,,,
제티아,,,,,,,,,[이월미수액],,,,,,,,,,,,"982,300","982,300",,,,
제티아,,,,,,,09/01,,Ar (일반),,,,5,,5,"19,000","95,000","9,500","104,500",0,,"104,500",,,,
제티아,,,,,,,09/01,,Mix (H2 5% + Ar Bal),,,,2,,2,"19,000","38,000","3,800","41,800",0,,"41,800",,,,
제티아,,,,,,,09/03,,Ar (일반),,,,1,,3,"19,000","57,000","5,700","62,700",0,,"62,700",,,,
제티아,,,,,,,09/03,,Mix (H2 5% + Ar Bal),,,,2,,2,"19,000","38,000","3,800","41,800",0,,"41,800",,,,
제티아,,,,,,,09/08,,Ar (일반),,,,6,,6,"19,000","114,000","11,400","125,400",0,,"125,400",,,,
제티아,,,,,,,09/08,,Mix (H2 5% + Ar Bal),,,,4,,4,"19,000","76,000","7,600","83,600",0,,"83,600",,,,
제티아,,,,,,,09/10,,Ar (일반),,,,4,,4,"19,000","76,000","7,600","83,600",0,,"83,600",,,,
제티아,,,,,,,09/10,,Mix (H2 5% + Ar Bal),,,,0,,0,"19,000",0,0,0,0,,0,,,,
제티아,,,,,,,09/15,,Ar (일반),,,,10,,9,"19,000","171,000","17,100","188,100",0,,"188,100",,,,
제티아,,,,,,,09/15,,Mix (H2 5% + Ar Bal),,,,4,,4,"19,000","76,000","7,600","83,600",0,,"83,600",,,,
,,,,,,거래처별 합계,,,,,,38,,,39,,"741,000","74,100","815,100",0,,"1,797,400",,,,
중원산업가스,,,,,,,,,[이월미수액],,,,,,,,,,,,"6,970,788","6,970,788",,,,
중원산업가스,,,,,,,09/14,,"CO2 (kg, Bulk)",,,,0,,"11,000",290,"3,190,000","319,000","3,509,000",0,,"3,509,000",,,,
,,,,,,거래처별 합계,,,,,,0,,,"11,000",,"3,190,000","319,000","3,509,000",0,,"10,479,788",,,,
지앤티테크,,,,,,,,,[이월미수액],,,,,,,,,,,,"881,862","881,862",,,,
지앤티테크,,,,,,,09/01,,"N2 (liter, Bulk)",,,,0,,"4,866",282,"1,372,212","137,221","1,509,433",0,,"1,509,433","3,931kg",,,
지앤티테크,,,,,,,09/10,,입금 (가스매출),,,,0,,0,0,0,0,0,"447,146",,"-447,146",7월 거래분,,,
지앤티테크,,,,,,,09/16,,"He (UHP, 47L, 99.999%)",,,,1,,1,"350,000","350,000","35,000","385,000",0,,"385,000",,,,
지앤티테크,,,,,,,09/16,,"O2 (LGC, 175L, 고압용)",,,,1,,1,"56,496","56,496","5,650","62,146",0,,"62,146",,,,
,,,,,,거래처별 합계,,,,,,2,,,"4,868",,"1,778,708","177,871","1,956,579","447,146",,"2,391,295",,,,
지엠레이저,,,,,,,,,[이월미수액],,,,,,,,,,,,"2,296,965","2,296,965",,,,
지엠레이저,,,,,,,09/01,,"N2 (kg, Bulk)",,,,0,,"3,500",170,"595,000","59,500","654,500",0,,"654,500",,,,
지엠레이저,,,,,,,09/11,,"N2 (kg, Bulk)",,,,0,,"3,103",170,"527,510","52,751","580,261",0,,"580,261",,,,
,,,,,,거래처별 합계,,,,,,0,,,"6,603",,"1,122,510","112,251","1,234,761",0,,"3,531,726",,,,
지윤주식회사,,,,,,,,,[이월미수액],,,,,,,,,,,,"8,094,900","8,094,900",,,,
지윤주식회사,,,,,,,09/10,,"CO2 (kg, Bulk)",,,,0,,"2,963",300,"888,900","88,890","977,790",0,,"977,790",,,,
지윤주식회사,,,,,,,09/14,,"CO2 (kg, Bulk)",,,,0,,"3,644",300,"1,093,200","109,320","1,202,520",0,,"1,202,520",,,,
,,,,,,거래처별 합계,,,,,,0,,,"6,607",,"1,982,100","198,210","2,180,310",0,,"10,275,210",,,,
지현이엔지,,,,,,,,,[이월미수액],,,,,,,,,,,,"224,400","224,400",,,,
,,,,,,거래처별 합계,,,,,,0,,,0,,0,0,0,0,,"224,400",,,,
진성테크원,,,,,,,,,[이월미수액],,,,,,,,,,,,"1,553,200","1,553,200",,,,
진성테크원,,,,,,,09/03,,"CO2 (공업용, 40kg)",,,,1,,1,"36,000","36,000","3,600","39,600",0,,"39,600",,,,
진성테크원,,,,,,,09/03,,"O2 (LGC, 175L) ",,,,2,,1,"70,000","70,000","7,000","77,000",0,,"77,000",,,,
진성테크원,,,,,,,09/03,,"O2 (LGC, 175L, 고압용)",,,,0,,1,"70,000","70,000","7,000","77,000",0,,"77,000",,,,
진성테크원,,,,,,,09/04,,입금 (가스매출),,,,0,,0,0,0,0,0,"660,000",,"-660,000",7월 거래분,,,
진성테크원,,,,,,,09/15,,"CO2 (공업용, 40kg)",,,,3,,2,"36,000","72,000","7,200","79,200",0,,"79,200",,,,
진성테크원,,,,,,,09/15,,"O2 (LGC, 175L) ",,,,0,,1,"70,000","70,000","7,000","77,000",0,,"77,000",,,,
진성테크원,,,,,,,09/15,,"O2 (LGC, 175L, 고압용)",,,,2,,1,"70,000","70,000","7,000","77,000",0,,"77,000",,,,
,,,,,,거래처별 합계,,,,,,8,,,7,,"388,000","38,800","426,800","660,000",,"1,320,000",,,,
진양비지엠텍,,,,,,,,,[이월미수액],,,,,,,,,,,,"1,805,320","1,805,320",,,,
진양비지엠텍,,,,,,,09/01,,"CO2 (공업용, 40kg)",,,,3,,3,"41,000","123,000","12,300","135,300",0,,"135,300",,,,
진양비지엠텍,,,,,,,09/03,,"CO2 (공업용, 40kg)",,,,4,,4,"41,000","164,000","16,400","180,400",0,,"180,400",,,,
진양비지엠텍,,,,,,,09/08,,"CO2 (공업용, 40kg)",,,,2,,2,"41,000","82,000","8,200","90,200",0,,"90,200",,,,
진양비지엠텍,,,,,,,09/08,,"O2 (LGC, 175L, 고압용)",,,,1,,1,"116,500","116,500","11,650","128,150",0,,"128,150",,,,
진양비지엠텍,,,,,,,09/09,,"O2 (LGC, 175L) ",,,,1,,0,"116,500",0,0,0,0,,0,,,,
진양비지엠텍,,,,,,,09/09,,"O2 (LGC, 175L, 고압용)",,,,1,,2,"116,500","233,000","23,300","256,300",0,,"256,300",,,,
진양비지엠텍,,,,,,,09/15,,"CO2 (공업용, 20kg)",,,,1,,1,"20,500","20,500","2,050","22,550",0,,"22,550",,,,
진양비지엠텍,,,,,,,09/15,,"CO2 (공업용, 40kg)",,,,1,,1,"41,000","41,000","4,100","45,100",0,,"45,100",,,,
,,,,,,거래처별 합계,,,,,,14,,,14,,"780,000","78,000","858,000",0,,"2,663,320",,,,
창신플라텍,,,,,,,,,[이월미수액],,,,,,,,,,,,"110,000","110,000",,,,
창신플라텍,,,,,,,09/01,,LPG (20kg),,,,2,,2,"50,000","100,000","10,000","110,000",0,,"110,000",,,,
,,,,,,거래처별 합계,,,,,,2,,,2,,"100,000","10,000","110,000",0,,"220,000",,,,
천보기계,,,,,,,,,[이월미수액],,,,,,,,,,,,"881,100","881,100",,,,
천보기계,,,,,,,09/02,,"O2 (LGC, 175L) ",,,,0,,1,"85,000","85,000","8,500","93,500",0,,"93,500",,,,
천보기계,,,,,,,09/02,,"O2 (LGC, 175L, 고압용)",,,,1,,0,"85,000",0,0,0,0,,0,,,,
천보기계,,,,,,,09/02,,"O2 (LGC, 175L, 고압용)",,,,0,,1,"85,000","85,000","8,500","93,500",0,,"93,500",,,,
천보기계,,,,,,,09/09,,"CO2 (공업용, 40kg)",,,,5,,5,"36,000","180,000","18,000","198,000",0,,"198,000",,,,
천보기계,,,,,,,09/09,,"O2 (공업용, 40L)",,,,4,,4,"20,000","80,000","8,000","88,000",0,,"88,000",,,,
천보기계,,,,,,,09/14,,"CO2 (공업용, 40kg)",,,,1,,1,"36,000","36,000","3,600","39,600",0,,"39,600",,,,
천보기계,,,,,,,09/14,,"O2 (공업용, 40L)",,,,3,,3,"20,000","60,000","6,000","66,000",0,,"66,000",,,,
,,,,,,거래처별 합계,,,,,,14,,,15,,"526,000","52,600","578,600",0,,"1,459,700",,,,
칠성가스,,,,,,,,,[이월미수액],,,,,,,,,,,,"128,900","128,900",,,,
칠성가스,,,,,,,09/09,,입금 (가스매출),,,,0,,0,0,0,0,0,"108,900",,"-108,900",8월 거래분,,,
,,,,,,거래처별 합계,,,,,,0,,,0,,0,0,0,"108,900",,"20,000",,,,
케이디피주식회사(구.한국다이아몬드),,,,,,,,,[이월미수액],,,,,,,,,,,,"28,259,550","28,259,550",,,,
케이디피주식회사(구.한국다이아몬드),,,,,,,09/01,,Ar (일반),,,,15,,15,"12,800","192,000","19,200","211,200",0,,"211,200",,,,
케이디피주식회사(구.한국다이아몬드),,,,,,,09/01,,Mix (O2 2% + Ar Bal),,,,7,,7,"12,800","89,600","8,960","98,560",0,,"98,560",,,,
케이디피주식회사(구.한국다이아몬드),,,,,,,09/02,,Ar (일반),,,,11,,11,"12,800","140,800","14,080","154,880",0,,"154,880",,,,
케이디피주식회사(구.한국다이아몬드),,,,,,,09/02,,"H2 (일반, 용기)",,,,4,,4,"10,500","42,000","4,200","46,200",0,,"46,200",,,,
케이디피주식회사(구.한국다이아몬드),,,,,,,09/02,,Mix (O2 2% + Ar Bal),,,,18,,17,"12,800","217,600","21,760","239,360",0,,"239,360",,,,
케이디피주식회사(구.한국다이아몬드),,,,,,,09/03,,Ar (일반),,,,11,,11,"12,800","140,800","14,080","154,880",0,,"154,880",,,,
케이디피주식회사(구.한국다이아몬드),,,,,,,09/03,,Mix (CO2 20% + Ar Bal),,,,1,,1,"12,800","12,800","1,280","14,080",0,,"14,080",,,,
케이디피주식회사(구.한국다이아몬드),,,,,,,09/03,,Mix (O2 2% + Ar Bal),,,,9,,7,"12,800","89,600","8,960","98,560",0,,"98,560",,,,
케이디피주식회사(구.한국다이아몬드),,,,,,,09/04,,Ar (일반),,,,12,,12,"12,800","153,600","15,360","168,960",0,,"168,960",,,,
케이디피주식회사(구.한국다이아몬드),,,,,,,09/04,,"Ar (kg, Bulk)",,,,0,,"3,273",600,"1,963,800","196,380","2,160,180",0,,"2,160,180",,,,
케이디피주식회사(구.한국다이아몬드),,,,,,,09/04,,Mix (O2 2% + Ar Bal),,,,20,,22,"12,800","281,600","28,160","309,760",0,,"309,760",,,,
케이디피주식회사(구.한국다이아몬드),,,,,,,09/07,,Ar (일반),,,,8,,8,"12,800","102,400","10,240","112,640",0,,"112,640",,,,
케이디피주식회사(구.한국다이아몬드),,,,,,,09/07,,Mix (CO2 20% + Ar Bal),,,,2,,2,"12,800","25,600","2,560","28,160",0,,"28,160",,,,
케이디피주식회사(구.한국다이아몬드),,,,,,,09/07,,Mix (O2 2% + Ar Bal),,,,11,,11,"12,800","140,800","14,080","154,880",0,,"154,880",,,,
케이디피주식회사(구.한국다이아몬드),,,,,,,09/08,,Ar (일반),,,,7,,7,"12,800","89,600","8,960","98,560",0,,"98,560",,,,
케이디피주식회사(구.한국다이아몬드),,,,,,,09/08,,Mix (O2 2% + Ar Bal),,,,13,,9,"12,800","115,200","11,520","126,720",0,,"126,720",,,,
케이디피주식회사(구.한국다이아몬드),,,,,,,09/09,,Ar (일반),,,,9,,9,"12,800","115,200","11,520","126,720",0,,"126,720",,,,
케이디피주식회사(구.한국다이아몬드),,,,,,,09/09,,"H2 (일반, 용기)",,,,4,,4,"10,500","42,000","4,200","46,200",0,,"46,200",,,,
케이디피주식회사(구.한국다이아몬드),,,,,,,09/09,,Mix (CO2 20% + Ar Bal),,,,1,,1,"12,800","12,800","1,280","14,080",0,,"14,080",,,,
케이디피주식회사(구.한국다이아몬드),,,,,,,09/09,,Mix (O2 2% + Ar Bal),,,,22,,24,"12,800","307,200","30,720","337,920",0,,"337,920",,,,
케이디피주식회사(구.한국다이아몬드),,,,,,,09/10,,Ar (일반),,,,8,,8,"12,800","102,400","10,240","112,640",0,,"112,640",,,,
케이디피주식회사(구.한국다이아몬드),,,,,,,09/10,,Mix (O2 2% + Ar Bal),,,,10,,12,"12,800","153,600","15,360","168,960",0,,"168,960",,,,
케이디피주식회사(구.한국다이아몬드),,,,,,,09/11,,Ar (일반),,,,10,,10,"12,800","128,000","12,800","140,800",0,,"140,800",,,,
케이디피주식회사(구.한국다이아몬드),,,,,,,09/11,,"H2 (일반, 용기)",,,,4,,4,"10,500","42,000","4,200","46,200",0,,"46,200",,,,
케이디피주식회사(구.한국다이아몬드),,,,,,,09/11,,Mix (O2 2% + Ar Bal),,,,20,,20,"12,800","256,000","25,600","281,600",0,,"281,600",,,,
케이디피주식회사(구.한국다이아몬드),,,,,,,09/14,,Ar (일반),,,,11,,11,"12,800","140,800","14,080","154,880",0,,"154,880",,,,
케이디피주식회사(구.한국다이아몬드),,,,,,,09/14,,Mix (O2 2% + Ar Bal),,,,27,,20,"12,800","256,000","25,600","281,600",0,,"281,600",,,,
케이디피주식회사(구.한국다이아몬드),,,,,,,09/15,,Ar (일반),,,,10,,10,"12,800","128,000","12,800","140,800",0,,"140,800",,,,
케이디피주식회사(구.한국다이아몬드),,,,,,,09/15,,"Ar (kg, Bulk)",,,,0,,"3,273",600,"1,963,800","196,380","2,160,180",0,,"2,160,180",,,,
케이디피주식회사(구.한국다이아몬드),,,,,,,09/15,,Mix (O2 2% + Ar Bal),,,,10,,16,"12,800","204,800","20,480","225,280",0,,"225,280",,,,
케이디피주식회사(구.한국다이아몬드),,,,,,,09/16,,Ar (일반),,,,10,,10,"12,800","128,000","12,800","140,800",0,,"140,800",,,,
케이디피주식회사(구.한국다이아몬드),,,,,,,09/16,,Mix (CO2 20% + Ar Bal),,,,4,,4,"12,800","51,200","5,120","56,320",0,,"56,320",,,,
케이디피주식회사(구.한국다이아몬드),,,,,,,09/16,,Mix (O2 2% + Ar Bal),,,,20,,20,"12,800","256,000","25,600","281,600",0,,"281,600",,,,
,,,,,,거래처별 합계,,,,,,329,,,"6,873",,"8,085,600","808,560","8,894,160",0,,"37,153,710",,,,
케이엘텍,,,,,,,,,[이월미수액],,,,,,,,,,,,"413,600","413,600",,,,
케이엘텍,,,,,,,09/02,,입금 (가스매출),,,,0,,0,0,0,0,0,"225,500",,"-225,500",7월 거래분,,,
케이엘텍,,,,,,,09/07,,Ar (일반),,,,2,,2,"19,000","38,000","3,800","41,800",0,,"41,800",,,,
,,,,,,거래처별 합계,,,,,,2,,,2,,"38,000","3,800","41,800","225,500",,"229,900",,,,
코오롱글로벌,,,,,,,,,[이월미수액],,,,,,,,,,,,"4,824,457","4,824,457",,,,
코오롱글로벌,,,,,,,09/04,,"N2 (kg, Bulk)",,,,0,,"3,878",230,"891,940","89,194","981,134",0,,"981,134",,,,
코오롱글로벌,,,,,,,09/11,,"N2 (kg, Bulk)",,,,0,,"5,000",230,"1,150,000","115,000","1,265,000",0,,"1,265,000",,,,
,,,,,,거래처별 합계,,,,,,0,,,"8,878",,"2,041,940","204,194","2,246,134",0,,"7,070,591",,,,
코웨이엔텍,,,,,,,,,[이월미수액],,,,,,,,,,,,"101,200","101,200",,,,
코웨이엔텍,,,,,,,09/14,,Ar (일반),,,,2,,7,"28,000","196,000","19,600","215,600",0,,"215,600",,,,
코웨이엔텍,,,,,,,09/14,,"CO2 (공업용, 40kg)",,,,0,,2,"36,000","72,000","7,200","79,200",0,,"79,200",,,,
,,,,,,거래처별 합계,,,,,,2,,,9,,"268,000","26,800","294,800",0,,"396,000",,,,
큐에스아이,,,,,,,,,[이월미수액],,,,,,,,,,,,"2,402,400","2,402,400",,,,
큐에스아이,,,,,,,09/01,,"H2 (일반, 용기)",,,,36,,36,"13,000","468,000","46,800","514,800",0,,"514,800",,,,
큐에스아이,,,,,,,09/02,,"H2 (일반, 용기)",,,,24,,24,"13,000","312,000","31,200","343,200",0,,"343,200",,,,
큐에스아이,,,,,,,09/03,,"H2 (일반, 용기)",,,,6,,6,"13,000","78,000","7,800","85,800",0,,"85,800",,,,
큐에스아이,,,,,,,09/04,,"H2 (일반, 용기)",,,,24,,24,"13,000","312,000","31,200","343,200",0,,"343,200",,,,
큐에스아이,,,,,,,09/07,,"H2 (일반, 용기)",,,,18,,18,"13,000","234,000","23,400","257,400",0,,"257,400",,,,
큐에스아이,,,,,,,09/08,,"H2 (일반, 용기)",,,,24,,24,"13,000","312,000","31,200","343,200",0,,"343,200",,,,
큐에스아이,,,,,,,09/09,,"H2 (일반, 용기)",,,,24,,24,"13,000","312,000","31,200","343,200",0,,"343,200",,,,
큐에스아이,,,,,,,09/10,,"H2 (일반, 용기)",,,,24,,24,"13,000","312,000","31,200","343,200",0,,"343,200",,,,
큐에스아이,,,,,,,09/11,,"H2 (일반, 용기)",,,,24,,24,"13,000","312,000","31,200","343,200",0,,"343,200",,,,
큐에스아이,,,,,,,09/14,,"H2 (일반, 용기)",,,,24,,24,"13,000","312,000","31,200","343,200",0,,"343,200",,,,
큐에스아이,,,,,,,09/15,,"H2 (일반, 용기)",,,,36,,36,"13,000","468,000","46,800","514,800",0,,"514,800",,,,
큐에스아이,,,,,,,09/16,,"H2 (일반, 용기)",,,,24,,24,"13,000","312,000","31,200","343,200",0,,"343,200",,,,
,,,,,,거래처별 합계,,,,,,288,,,288,,"3,744,000","374,400","4,118,400",0,,"6,520,800",,,,
태광기업,,,,,,,,,[이월미수액],,,,,,,,,,,,"8,257,143","8,257,143",,,,
태광기업,,,,,,,09/02,,Ar (일반),,,,4,,4,"26,755","107,020","10,702","117,722",0,,"117,722",,,,
태광기업,,,,,,,09/02,,Mix (CO2 20% + Ar Bal),,,,2,,2,"25,639","51,278","5,128","56,406",0,,"56,406",,,,
태광기업,,,,,,,09/04,,Ar (일반),,,,3,,3,"26,755","80,265","8,027","88,292",0,,"88,292",,,,
태광기업,,,,,,,09/07,,Ar (일반),,,,5,,5,"26,755","133,775","13,378","147,153",0,,"147,153",,,,
태광기업,,,,,,,09/09,,Ar (일반),,,,2,,2,"26,755","53,510","5,351","58,861",0,,"58,861",,,,
태광기업,,,,,,,09/09,,Mix (CO2 20% + Ar Bal),,,,1,,1,"25,639","25,639","2,564","28,203",0,,"28,203",,,,
태광기업,,,,,,,09/09,,"N2 (liter, Bulk)",,,,0,,"4,589",354,"1,624,506","162,451","1,786,957",0,,"1,786,957","3,707kg",,,
태광기업,,,,,,,09/11,,Ar (일반),,,,3,,3,"26,755","80,265","8,027","88,292",0,,"88,292",,,,
태광기업,,,,,,,09/11,,Mix (CO2 20% + Ar Bal),,,,1,,1,"25,639","25,639","2,564","28,203",0,,"28,203",,,,
태광기업,,,,,,,09/14,,Ar (일반),,,,3,,3,"26,755","80,265","8,027","88,292",0,,"88,292",,,,
태광기업,,,,,,,09/16,,Ar (일반),,,,3,,3,"26,755","80,265","8,027","88,292",0,,"88,292",,,,
태광기업,,,,,,,09/16,,Mix (CO2 20% + Ar Bal),,,,2,,2,"25,639","51,278","5,128","56,406",0,,"56,406",,,,
,,,,,,거래처별 합계,,,,,,29,,,"4,618",,"2,393,705","239,371","2,633,076",0,,"10,890,218",,,,
태광산업가스,,,,,,,,,[이월미수액],,,,,,,,,,,,"42,907,770","42,907,770",,,,
태광산업가스,,,,,,,09/01,,"O2 (kg, Bulk)",,,,0,,"6,587",167,"1,100,029","110,003","1,210,032",0,,"1,210,032",영신쿼츠,,,
태광산업가스,,,,,,,09/02,,"O2 (kg, Bulk)",,,,0,,"11,339",167,"1,893,613","189,361","2,082,974",0,,"2,082,974",영신쿼츠,,,
태광산업가스,,,,,,,09/03,,"O2 (kg, Bulk)",,,,0,,"6,422",167,"1,072,474","107,247","1,179,721",0,,"1,179,721",영신쿼츠,,,
태광산업가스,,,,,,,09/04,,"O2 (kg, Bulk)",,,,0,,"8,332",167,"1,391,444","139,144","1,530,588",0,,"1,530,588",영신쿼츠,,,
태광산업가스,,,,,,,09/08,,"O2 (kg, Bulk)",,,,0,,"13,162",167,"2,198,054","219,805","2,417,859",0,,"2,417,859",영신쿼츠,,,
태광산업가스,,,,,,,09/09,,"CO2 (kg, Bulk)",,,,0,,"10,988",280,"3,076,640","307,664","3,384,304",0,,"3,384,304",신흥오토,,,
태광산업가스,,,,,,,09/10,,"O2 (kg, Bulk)",,,,0,,"15,169",167,"2,533,223","253,322","2,786,545",0,,"2,786,545",영신쿼츠,,,
태광산업가스,,,,,,,09/11,,"O2 (kg, Bulk)",,,,0,,"15,174",167,"2,534,058","253,406","2,787,464",0,,"2,787,464",영신쿼츠,,,
태광산업가스,,,,,,,09/14,,"O2 (kg, Bulk)",,,,0,,"5,167",167,"862,889","86,289","949,178",0,,"949,178",영신쿼츠,,,
태광산업가스,,,,,,,09/15,,"O2 (kg, Bulk)",,,,0,,"11,292",167,"1,885,764","188,576","2,074,340",0,,"2,074,340",영신쿼츠,,,
태광산업가스,,,,,,,09/16,,"O2 (kg, Bulk)",,,,0,,"7,424",167,"1,239,808","123,981","1,363,789",0,,"1,363,789",영신쿼츠,,,
,,,,,,거래처별 합계,,,,,,0,,,"111,056",,"19,787,996","1,978,800","21,766,796",0,,"64,674,566",,,,
태성EPS,,,,,,,,,[이월미수액],,,,,,,,,,,,"94,789,475","94,789,475",,,,
태성EPS,,,,,,,09/02,,"CO2 (kg, Bulk)",,,,0,,"17,701",250,"4,425,250","442,525","4,867,775",0,,"4,867,775",,,,
태성EPS,,,,,,,09/04,,"CO2 (kg, Bulk)",,,,0,,"21,680",250,"5,420,000","542,000","5,962,000",0,,"5,962,000",,,,
태성EPS,,,,,,,09/08,,"CO2 (kg, Bulk)",,,,0,,"21,513",250,"5,378,250","537,825","5,916,075",0,,"5,916,075",,,,
태성EPS,,,,,,,09/09,,"CO2 (kg, Bulk)",,,,0,,"13,754",250,"3,438,500","343,850","3,782,350",0,,"3,782,350",,,,
태성EPS,,,,,,,09/10,,"CO2 (kg, Bulk)",,,,0,,"16,978",250,"4,244,500","424,450","4,668,950",0,,"4,668,950",,,,
태성EPS,,,,,,,09/12,,"CO2 (kg, Bulk)",,,,0,,"16,700",250,"4,175,000","417,500","4,592,500",0,,"4,592,500",,,,
태성EPS,,,,,,,09/13,,"CO2 (kg, Bulk)",,,,0,,"21,570",250,"5,392,500","539,250","5,931,750",0,,"5,931,750",,,,
태성EPS,,,,,,,09/14,,"CO2 (kg, Bulk)",,,,0,,"17,556",250,"4,389,000","438,900","4,827,900",0,,"4,827,900",,,,
태성EPS,,,,,,,09/15,,"CO2 (kg, Bulk)",,,,0,,"21,630",250,"5,407,500","540,750","5,948,250",0,,"5,948,250",,,,
,,,,,,거래처별 합계,,,,,,0,,,"169,082",,"42,270,500","4,227,050","46,497,550",0,,"141,287,025",,,,
태성레이저(벌크),,,,,,,,,[이월미수액],,,,,,,,,,,,"2,575,159","2,575,159",,,,
태성레이저(벌크),,,,,,,09/14,,"N2 (kg, Bulk)",,,,0,,"3,956",321,"1,269,876","126,988","1,396,864",0,,"1,396,864",,,,
,,,,,,거래처별 합계,,,,,,0,,,"3,956",,"1,269,876","126,988","1,396,864",0,,"3,972,022",,,,
태성레이저(실린더),,,,,,,,,[이월미수액],,,,,,,,,,,,"1,084,600","1,084,600",,,,
태성레이저(실린더),,,,,,,09/03,,"O2 (LGC, 175L) ",,,,1,,1,"63,500","63,500","6,350","69,850",0,,"69,850",,,,
태성레이저(실린더),,,,,,,09/11,,"O2 (LGC, 175L) ",,,,1,,0,"63,500",0,0,0,0,,0,,,,
태성레이저(실린더),,,,,,,09/11,,"O2 (LGC, 175L, 고압용)",,,,0,,1,"63,500","63,500","6,350","69,850",0,,"69,850",,,,
,,,,,,거래처별 합계,,,,,,2,,,2,,"127,000","12,700","139,700",0,,"1,224,300",,,,
테크린주식회사,,,,,,,,,[이월미수액],,,,,,,,,,,,"27,036,075","27,036,075",,,,
테크린주식회사,,,,,,,09/01,,"CO2 (kg, Bulk)",,,,0,,"19,928",250,"4,982,000","498,200","5,480,200",0,,"5,480,200",,,,
테크린주식회사,,,,,,,09/08,,"CO2 (kg, Bulk)",,,,0,,"21,630",250,"5,407,500","540,750","5,948,250",0,,"5,948,250",,,,
테크린주식회사,,,,,,,09/08,,"CO2 (kg, Bulk)",,,,0,,"17,920",250,"4,480,000","448,000","4,928,000",0,,"4,928,000",,,,
테크린주식회사,,,,,,,09/10,,"CO2 (kg, Bulk)",,,,0,,"19,120",250,"4,780,000","478,000","5,258,000",0,,"5,258,000",,,,
테크린주식회사,,,,,,,09/15,,"CO2 (kg, Bulk)",,,,0,,"19,529",250,"4,882,250","488,225","5,370,475",0,,"5,370,475",,,,
,,,,,,거래처별 합계,,,,,,0,,,"98,127",,"24,531,750","2,453,175","26,984,925",0,,"54,021,000",,,,
티에스케이가스 주식회사,,,,,,,,,[이월미수액],,,,,,,,,,,,"70,239,369","70,239,369",,,,
티에스케이가스 주식회사,,,,,,,09/01,,"N2 (kg, Bulk)",,,,0,,"11,030",176,"1,941,280","194,128","2,135,408",0,,"2,135,408",차대차,,,
티에스케이가스 주식회사,,,,,,,09/02,,"N2 (kg, Bulk)",,,,0,,"10,002",136,"1,360,272","136,027","1,496,299",0,,"1,496,299",차대차,,,
티에스케이가스 주식회사,,,,,,,09/02,,"O2 (kg, Bulk)",,,,0,,"7,159",160,"1,145,440","114,544","1,259,984",0,,"1,259,984",,,,
티에스케이가스 주식회사,,,,,,,09/03,,"CO2 (kg, Bulk)",,,,0,,"6,730",270,"1,817,100","181,710","1,998,810",0,,"1,998,810",,,,
티에스케이가스 주식회사,,,,,,,09/03,,"N2 (kg, Bulk)",,,,0,,"9,064",136,"1,232,704","123,270","1,355,974",0,,"1,355,974",차대차,,,
티에스케이가스 주식회사,,,,,,,09/07,,"CO2 (kg, Bulk)",,,,0,,"6,351",270,"1,714,770","171,477","1,886,247",0,,"1,886,247",,,,
티에스케이가스 주식회사,,,,,,,09/07,,"N2 (kg, Bulk)",,,,0,,"9,824",136,"1,336,064","133,606","1,469,670",0,,"1,469,670",차대차,,,
티에스케이가스 주식회사,,,,,,,09/08,,"N2 (kg, Bulk)",,,,0,,"9,105",176,"1,602,480","160,248","1,762,728",0,,"1,762,728",차대차,,,
티에스케이가스 주식회사,,,,,,,09/09,,"N2 (kg, Bulk)",,,,0,,"12,245",176,"2,155,120","215,512","2,370,632",0,,"2,370,632",차대차,,,
티에스케이가스 주식회사,,,,,,,09/09,,"O2 (kg, Bulk)",,,,0,,"9,101",160,"1,456,160","145,616","1,601,776",0,,"1,601,776",,,,
티에스케이가스 주식회사,,,,,,,09/10,,"N2 (kg, Bulk)",,,,0,,"10,113",136,"1,375,368","137,537","1,512,905",0,,"1,512,905",차대차,,,
티에스케이가스 주식회사,,,,,,,09/11,,"CO2 (kg, Bulk)",,,,0,,"10,000",270,"2,700,000","270,000","2,970,000",0,,"2,970,000",,,,
티에스케이가스 주식회사,,,,,,,09/11,,"N2 (kg, Bulk)",,,,0,,"11,295",176,"1,987,920","198,792","2,186,712",0,,"2,186,712",차대차,,,
티에스케이가스 주식회사,,,,,,,09/14,,"CO2 (kg, Bulk)",,,,0,,"9,479",270,"2,559,330","255,933","2,815,263",0,,"2,815,263",,,,
티에스케이가스 주식회사,,,,,,,09/14,,"N2 (kg, Bulk)",,,,0,,"10,404",176,"1,831,104","183,110","2,014,214",0,,"2,014,214",차대차,,,
티에스케이가스 주식회사,,,,,,,09/16,,"N2 (kg, Bulk)",,,,0,,"11,105",226,"2,509,730","250,973","2,760,703",0,,"2,760,703",차대차(울산매입),,,
티에스케이가스 주식회사,,,,,,,09/16,,"O2 (kg, Bulk)",,,,0,,"8,164",160,"1,306,240","130,624","1,436,864",0,,"1,436,864",,,,
,,,,,,거래처별 합계,,,,,,0,,,"161,171",,"30,031,082","3,003,108","33,034,190",0,,"103,273,559",,,,
포엠주식회사,,,,,,,,,[이월미수액],,,,,,,,,,,,"9,669,891","9,669,891",,,,
포엠주식회사,,,,,,,09/01,,"N2 (kg, Bulk)",,,,0,,"3,000",280,"840,000","84,000","924,000",0,,"924,000",,,,
포엠주식회사,,,,,,,09/04,,"CO2 (공업용, 20kg)",,,,1,,1,"18,000","18,000","1,800","19,800",0,,"19,800",,,,
포엠주식회사,,,,,,,09/04,,"O2 (LGC, 175L) ",,,,0,,1,"57,500","57,500","5,750","63,250",0,,"63,250",,,,
포엠주식회사,,,,,,,09/04,,"O2 (LGC, 175L, 고압용)",,,,2,,1,"57,500","57,500","5,750","63,250",0,,"63,250",,,,
포엠주식회사,,,,,,,09/11,,"N2 (kg, Bulk)",,,,0,,"3,003",280,"840,840","84,084","924,924",0,,"924,924",,,,
포엠주식회사,,,,,,,09/14,,Ar (일반),,,,6,,6,"26,450","158,700","15,870","174,570",0,,"174,570",,,,
,,,,,,거래처별 합계,,,,,,9,,,"6,012",,"1,972,540","197,254","2,169,794",0,,"11,839,685",,,,
피에스지(코스본주식회사) ,,,,,,,,,[이월미수액],,,,,,,,,,,,"274,428","274,428",,,,
피에스지(코스본주식회사) ,,,,,,,09/08,,Air (UHP),,,,1,,1,"83,160","83,160","8,316","91,476",0,,"91,476",,,,
피에스지(코스본주식회사) ,,,,,,,09/11,,"N2 (UHP, 99.999%)",,,,2,,2,"83,160","166,320","16,632","182,952",0,,"182,952",,,,
,,,,,,거래처별 합계,,,,,,3,,,3,,"249,480","24,948","274,428",0,,"548,856",,,,
피케이지,,,,,,,,,[이월미수액],,,,,,,,,,,,"383,900","383,900",,,,
피케이지,,,,,,,09/16,,"CO2 (공업용, 20kg)",,,,3,,3,"21,000","63,000","6,300","69,300",0,,"69,300",,,,
,,,,,,거래처별 합계,,,,,,3,,,3,,"63,000","6,300","69,300",0,,"453,200",,,,
하이레이저 ,,,,,,,,,[이월미수액],,,,,,,,,,,,"2,936,428","2,936,428",,,,
하이레이저 ,,,,,,,09/01,,Ar (일반),,,,7,,7,"17,710","123,970","12,397","136,367",0,,"136,367",,,,
하이레이저 ,,,,,,,09/01,,"CO2 (공업용, 20kg)",,,,1,,1,"16,100","16,100","1,610","17,710",0,,"17,710",,,,
하이레이저 ,,,,,,,09/01,,"O2 (LGC, 175L) ",,,,2,,1,"63,800","63,800","6,380","70,180",0,,"70,180",,,,
하이레이저 ,,,,,,,09/01,,"O2 (LGC, 175L, 고압용)",,,,1,,2,"63,800","127,600","12,760","140,360",0,,"140,360",,,,
하이레이저 ,,,,,,,09/08,,Ar (일반),,,,6,,6,"17,710","106,260","10,626","116,886",0,,"116,886",,,,
하이레이저 ,,,,,,,09/08,,"CO2 (공업용, 20kg)",,,,1,,1,"16,100","16,100","1,610","17,710",0,,"17,710",,,,
하이레이저 ,,,,,,,09/14,,"N2 (kg, Bulk)",,,,0,,"4,000",321,"1,284,000","128,400","1,412,400",0,,"1,412,400",,,,
하이레이저 ,,,,,,,09/15,,Ar (일반),,,,8,,8,"17,710","141,680","14,168","155,848",0,,"155,848",,,,
하이레이저 ,,,,,,,09/15,,"CO2 (공업용, 20kg)",,,,1,,1,"16,100","16,100","1,610","17,710",0,,"17,710",,,,
하이레이저 ,,,,,,,09/15,,"O2 (LGC, 175L, 고압용)",,,,2,,2,"63,800","127,600","12,760","140,360",0,,"140,360",,,,
,,,,,,거래처별 합계,,,,,,29,,,"4,029",,"2,023,210","202,321","2,225,531",0,,"5,161,959",,,,
하이레이저(안성),,,,,,,,,[이월미수액],,,,,,,,,,,,"2,965,550","2,965,550",,,,
하이레이저(안성),,,,,,,09/04,,"N2 (kg, Bulk)",,,,0,,"4,040",325,"1,313,000","131,300","1,444,300",0,,"1,444,300",,,,
하이레이저(안성),,,,,,,09/12,,"N2 (kg, Bulk)",,,,0,,"4,236",325,"1,376,700","137,670","1,514,370",0,,"1,514,370",,,,
,,,,,,거래처별 합계,,,,,,0,,,"8,276",,"2,689,700","268,970","2,958,670",0,,"5,924,220",,,,
한국가스코,,,,,,,,,[이월미수액],,,,,,,,,,,,"12,547,700","12,547,700",,,,
한국가스코,,,,,,,09/02,,"CO2 (kg, Bulk)",,,,0,,"17,020",290,"4,935,800","493,580","5,429,380",0,,"5,429,380",,,,
한국가스코,,,,,,,09/11,,"CO2 (kg, Bulk)",,,,0,,"12,930",290,"3,749,700","374,970","4,124,670",0,,"4,124,670",,,,
한국가스코,,,,,,,09/11,,"CO2 (kg, Bulk)",,,,0,,"4,415",290,"1,280,350","128,035","1,408,385",0,,"1,408,385",헤스본,,,
한국가스코,,,,,,,09/14,,"CO2 (공업용, 40kg)",,,,6,,6,0,0,0,0,0,,0,,,,
,,,,,,거래처별 합계,,,,,,6,,,"34,371",,"9,965,850","996,585","10,962,435",0,,"23,510,135",,,,
한국메티슨특수가스,,,,,,,,,[이월미수액],,,,,,,,,,,,"3,912,392","3,912,392",,,,
한국메티슨특수가스,,,,,,,09/04,,"N2 (LGC, 175L)",,,,1,,1,"80,000","80,000","8,000","88,000",0,,"88,000",,,,
한국메티슨특수가스,,,,,,,09/10,,"Ar (kg, Bulk)",,,,0,,"3,224",720,"2,321,280","232,128","2,553,408",0,,"2,553,408",,,,
,,,,,,거래처별 합계,,,,,,1,,,"3,225",,"2,401,280","240,128","2,641,408",0,,"6,553,800",,,,
한국메티슨특수가스(인주공장),,,,,,,,,[이월미수액],,,,,,,,,,,,"440,000","440,000",,,,
,,,,,,거래처별 합계,,,,,,0,,,0,,0,0,0,0,,"440,000",,,,
한국생산기술연구원,,,,,,,,,[이월미수액],,,,,,,,,,,,"-621,500","-621,500",,,,
한국생산기술연구원,,,,,,,09/01,,"N2 (kg, Bulk)",,,,0,,"2,000",270,"540,000","54,000","594,000",0,,"594,000",최유리,,,
한국생산기술연구원,,,,,,,09/08,,입금 (가스매출),,,,0,,0,0,0,0,0,"594,000",,"-594,000",9/1 최유리,,,
,,,,,,거래처별 합계,,,,,,0,,,"2,000",,"540,000","54,000","594,000","594,000",,"-621,500",,,,
한국스페셜가스,,,,,,,,,[이월미수액],,,,,,,,,,,,"12,064,800","12,064,800",,,,
한국스페셜가스,,,,,,,09/02,,"CO2 (kg, Bulk)",,,,0,,"19,050",240,"4,572,000","457,200","5,029,200",0,,"5,029,200",3589,,,
한국스페셜가스,,,,,,,09/04,,"CO2 (kg, Bulk)",,,,0,,"18,270",240,"4,384,800","438,480","4,823,280",0,,"4,823,280",3589,,,
한국스페셜가스,,,,,,,09/08,,"CO2 (kg, Bulk)",,,,0,,"18,340",240,"4,401,600","440,160","4,841,760",0,,"4,841,760",3589,,,
한국스페셜가스,,,,,,,09/15,,"CO2 (kg, Bulk)",,,,0,,"17,700",240,"4,248,000","424,800","4,672,800",0,,"4,672,800",3589,,,
,,,,,,거래처별 합계,,,,,,0,,,"73,360",,"17,606,400","1,760,640","19,367,040",0,,"31,431,840",,,,
한국콜드체인,,,,,,,,,[이월미수액],,,,,,,,,,,,"13,227,500","13,227,500",,,,
한국콜드체인,,,,,,,09/06,,"CO2 (kg, Bulk)",,,,0,,"18,058",250,"4,514,500","451,450","4,965,950",0,,"4,965,950",,,,
,,,,,,거래처별 합계,,,,,,0,,,"18,058",,"4,514,500","451,450","4,965,950",0,,"18,193,450",,,,
한국탄산,,,,,,,,,[이월미수액],,,,,,,,,,,,"202,815,360","202,815,360",,,,
한국탄산,,,,,,,09/01,,"CO2 (kg, Bulk)",,,,0,,"19,090",240,"4,581,600","458,160","5,039,760",0,,"5,039,760",8685,,,
한국탄산,,,,,,,09/01,,"CO2 (kg, Bulk)",,,,0,,"19,250",240,"4,620,000","462,000","5,082,000",0,,"5,082,000",2379,,,
한국탄산,,,,,,,09/02,,"CO2 (kg, Bulk)",,,,0,,"19,460",240,"4,670,400","467,040","5,137,440",0,,"5,137,440",2379,,,
한국탄산,,,,,,,09/02,,"CO2 (kg, Bulk)",,,,0,,"19,180",240,"4,603,200","460,320","5,063,520",0,,"5,063,520",2379,,,
한국탄산,,,,,,,09/03,,"CO2 (kg, Bulk)",,,,0,,"19,480",240,"4,675,200","467,520","5,142,720",0,,"5,142,720",2379,,,
한국탄산,,,,,,,09/03,,"CO2 (kg, Bulk)",,,,0,,"19,000",240,"4,560,000","456,000","5,016,000",0,,"5,016,000",8685,,,
한국탄산,,,,,,,09/04,,"CO2 (kg, Bulk)",,,,0,,"19,000",240,"4,560,000","456,000","5,016,000",0,,"5,016,000",8685,,,
한국탄산,,,,,,,09/04,,"CO2 (kg, Bulk)",,,,0,,"19,190",240,"4,605,600","460,560","5,066,160",0,,"5,066,160",2379,,,
한국탄산,,,,,,,09/07,,"CO2 (kg, Bulk)",,,,0,,"19,230",240,"4,615,200","461,520","5,076,720",0,,"5,076,720",2379,,,
한국탄산,,,,,,,09/07,,"CO2 (kg, Bulk)",,,,0,,"19,140",240,"4,593,600","459,360","5,052,960",0,,"5,052,960",2379,,,
한국탄산,,,,,,,09/07,,"CO2 (kg, Bulk)",,,,0,,"19,110",240,"4,586,400","458,640","5,045,040",0,,"5,045,040",8685,,,
한국탄산,,,,,,,09/07,,"CO2 (kg, Bulk)",,,,0,,"19,050",240,"4,572,000","457,200","5,029,200",0,,"5,029,200",8685,,,
한국탄산,,,,,,,09/08,,"CO2 (kg, Bulk)",,,,0,,"19,470",240,"4,672,800","467,280","5,140,080",0,,"5,140,080",2379,,,
한국탄산,,,,,,,09/08,,"CO2 (kg, Bulk)",,,,0,,"19,110",240,"4,586,400","458,640","5,045,040",0,,"5,045,040",8685,,,
한국탄산,,,,,,,09/09,,"CO2 (kg, Bulk)",,,,0,,"19,060",240,"4,574,400","457,440","5,031,840",0,,"5,031,840",2379,,,
한국탄산,,,,,,,09/09,,"CO2 (kg, Bulk)",,,,0,,"18,980",240,"4,555,200","455,520","5,010,720",0,,"5,010,720",8685,,,
한국탄산,,,,,,,09/10,,"CO2 (kg, Bulk)",,,,0,,"18,950",240,"4,548,000","454,800","5,002,800",0,,"5,002,800",8685,,,
한국탄산,,,,,,,09/10,,"CO2 (kg, Bulk)",,,,0,,"19,310",240,"4,634,400","463,440","5,097,840",0,,"5,097,840",2379,,,
한국탄산,,,,,,,09/10,,"CO2 (kg, Bulk)",,,,0,,"19,550",240,"4,692,000","469,200","5,161,200",0,,"5,161,200",2379,,,
한국탄산,,,,,,,09/11,,"CO2 (kg, Bulk)",,,,0,,"19,700",240,"4,728,000","472,800","5,200,800",0,,"5,200,800",2379,,,
한국탄산,,,,,,,09/11,,"CO2 (kg, Bulk)",,,,0,,"19,030",240,"4,567,200","456,720","5,023,920",0,,"5,023,920",8685,,,
한국탄산,,,,,,,09/11,,"CO2 (kg, Bulk)",,,,0,,"19,010",240,"4,562,400","456,240","5,018,640",0,,"5,018,640",8685,,,
한국탄산,,,,,,,09/14,,"CO2 (kg, Bulk)",,,,0,,"19,390",240,"4,653,600","465,360","5,118,960",0,,"5,118,960",2379,,,
한국탄산,,,,,,,09/14,,"CO2 (kg, Bulk)",,,,0,,"19,020",240,"4,564,800","456,480","5,021,280",0,,"5,021,280",8685,,,
한국탄산,,,,,,,09/15,,"CO2 (kg, Bulk)",,,,0,,"19,130",240,"4,591,200","459,120","5,050,320",0,,"5,050,320",8685,,,
한국탄산,,,,,,,09/15,,"CO2 (kg, Bulk)",,,,0,,"19,250",240,"4,620,000","462,000","5,082,000",0,,"5,082,000",2379,,,
한국탄산,,,,,,,09/15,,"CO2 (kg, Bulk)",,,,0,,"19,070",240,"4,576,800","457,680","5,034,480",0,,"5,034,480",8685,,,
한국탄산,,,,,,,09/16,,"CO2 (kg, Bulk)",,,,0,,"19,370",240,"4,648,800","464,880","5,113,680",0,,"5,113,680",2379,,,
한국탄산,,,,,,,09/16,,"CO2 (kg, Bulk)",,,,0,,"19,040",240,"4,569,600","456,960","5,026,560",0,,"5,026,560",8685,,,
,,,,,,거래처별 합계,,,,,,0,,,"556,620",,"133,588,800","13,358,880","146,947,680",0,,"349,763,040",,,,
한국특수가스,,,,,,,,,[이월미수액],,,,,,,,,,,,"21,978,000","21,978,000",,,,
한국특수가스,,,,,,,09/10,,입금 (가스매출),,,,0,,0,0,0,0,0,"15,741,000",,"-15,741,000",6월 거래분,,,
,,,,,,거래처별 합계,,,,,,0,,,0,,0,0,0,"15,741,000",,"6,237,000",,,,
한성중기,,,,,,,,,[이월미수액],,,,,,,,,,,,"250,250","250,250",,,,
한성중기,,,,,,,09/07,,Ar (일반),,,,3,,3,"32,500","97,500","9,750","107,250",0,,"107,250",,,,
한성중기,,,,,,,09/10,,입금 (가스매출),,,,0,,0,0,0,0,0,"250,250",,"-250,250",8월 거래분,,,
한성중기,,,,,,,09/11,,Ar (일반),,,,1,,5,"32,500","162,500","16,250","178,750",0,,"178,750",,,,
한성중기,,,,,,,09/11,,"N2 (공업용, 40L)",,,,1,,0,"13,000",0,0,0,0,,0,,,,
,,,,,,거래처별 합계,,,,,,5,,,8,,"260,000","26,000","286,000","250,250",,"286,000",,,,
한성플랜,,,,,,,,,[이월미수액],,,,,,,,,,,,"4,327,180","4,327,180",,,,
한성플랜,,,,,,,09/01,,Ar (일반),,,,3,,3,"21,600","64,800","6,480","71,280",0,,"71,280",,,,
한성플랜,,,,,,,09/01,,"CO2 (공업용, 20kg)",,,,1,,1,"20,000","20,000","2,000","22,000",0,,"22,000",,,,
한성플랜,,,,,,,09/01,,"N2 (LGC, 175L, 고압용)",,,,4,,4,"65,000","260,000","26,000","286,000",0,,"286,000",,,,
한성플랜,,,,,,,09/02,,입금 (가스매출),,,,0,,0,0,0,0,0,"1,206,260",,"-1,206,260",5월 거래분,,,
한성플랜,,,,,,,09/08,,Ar (일반),,,,4,,4,"21,600","86,400","8,640","95,040",0,,"95,040",,,,
한성플랜,,,,,,,09/08,,"N2 (LGC, 175L, 고압용)",,,,2,,2,"65,000","130,000","13,000","143,000",0,,"143,000",,,,
한성플랜,,,,,,,09/15,,Ar (일반),,,,3,,3,"21,600","64,800","6,480","71,280",0,,"71,280",,,,
한성플랜,,,,,,,09/15,,"N2 (LGC, 175L, 고압용)",,,,1,,1,"65,000","65,000","6,500","71,500",0,,"71,500",,,,
한성플랜,,,,,,,09/15,,"O2 (LGC, 175L, 고압용)",,,,1,,1,"78,000","78,000","7,800","85,800",0,,"85,800",,,,
,,,,,,거래처별 합계,,,,,,19,,,19,,"769,000","76,900","845,900","1,206,260",,"3,966,820",,,,
한양종합가스,,,,,,,,,[이월미수액],,,,,,,,,,,,"1,390,290","1,390,290",,,,
한양종합가스,,,,,,,09/09,,"He (UHP, 47L, 99.999%)",,,,0,,2,"280,000","560,000","56,000","616,000",0,,"616,000",,,,
한양종합가스,,,,,,,09/09,,"He (UHP, 47L, 99.9999%)",,,,0,,1,"320,000","320,000","32,000","352,000",0,,"352,000",,,,
한양종합가스,,,,,,,09/14,,"N2 (kg, Bulk)",,,,0,,"3,001",196,"588,196","58,820","647,016",0,,"647,016",영원판금,,,
,,,,,,거래처별 합계,,,,,,0,,,"3,004",,"1,468,196","146,820","1,615,016",0,,"3,005,305",,,,
한울티엘,,,,,,,,,[이월미수액],,,,,,,,,,,,"11,576,675","11,576,675",,,,
한울티엘,,,,,,,09/01,,"CO2 (kg, Bulk)",,,,0,,"21,343",250,"5,335,750","533,575","5,869,325",0,,"5,869,325",,,,
한울티엘,,,,,,,09/02,,"CO2 (kg, Bulk)",,,,0,,"19,868",250,"4,967,000","496,700","5,463,700",0,,"5,463,700",,,,
한울티엘,,,,,,,09/04,,"CO2 (kg, Bulk)",,,,0,,"8,000",250,"2,000,000","200,000","2,200,000",0,,"2,200,000",,,,
한울티엘,,,,,,,09/06,,"CO2 (kg, Bulk)",,,,0,,"21,412",250,"5,353,000","535,300","5,888,300",0,,"5,888,300",,,,
한울티엘,,,,,,,09/07,,"CO2 (kg, Bulk)",,,,0,,"20,947",250,"5,236,750","523,675","5,760,425",0,,"5,760,425",,,,
한울티엘,,,,,,,09/08,,"CO2 (kg, Bulk)",,,,0,,"21,562",250,"5,390,500","539,050","5,929,550",0,,"5,929,550",,,,
한울티엘,,,,,,,09/10,,"CO2 (kg, Bulk)",,,,0,,"21,559",250,"5,389,750","538,975","5,928,725",0,,"5,928,725",,,,
한울티엘,,,,,,,09/13,,"CO2 (kg, Bulk)",,,,0,,"19,925",250,"4,981,250","498,125","5,479,375",0,,"5,479,375",,,,
한울티엘,,,,,,,09/13,,"CO2 (kg, Bulk)",,,,0,,"21,416",250,"5,354,000","535,400","5,889,400",0,,"5,889,400",,,,
한울티엘,,,,,,,09/14,,"CO2 (kg, Bulk)",,,,0,,"17,036",250,"4,259,000","425,900","4,684,900",0,,"4,684,900",,,,
한울티엘,,,,,,,09/16,,"CO2 (kg, Bulk)",,,,0,,"13,221",250,"3,305,250","330,525","3,635,775",0,,"3,635,775",,,,
,,,,,,거래처별 합계,,,,,,0,,,"206,289",,"51,572,250","5,157,225","56,729,475",0,,"68,306,150",,,,
현대연구소(남양),,,,,,,,,[이월미수액],,,,,,,,,,,,"901,692","901,692",,,,
현대연구소(남양),,,,,,,09/15,,"N2 (kg, Bulk)",,,,0,,"1,915",180,"344,700","34,470","379,170",0,,"379,170",,,,
,,,,,,거래처별 합계,,,,,,0,,,"1,915",,"344,700","34,470","379,170",0,,"1,280,862",,,,
현대연구소(마북),,,,,,,,,[이월미수액],,,,,,,,,,,,"-1,454,816","-1,454,816",,,,
현대연구소(마북),,,,,,,09/08,,"N2 (kg, Bulk)",,,,0,,"2,560",240,"614,400","61,440","675,840",0,,"675,840",,,,
,,,,,,거래처별 합계,,,,,,0,,,"2,560",,"614,400","61,440","675,840",0,,"-778,976",,,,
현동산업,,,,,,,09/04,,Ar (일반),,,,4,,4,"23,000","92,000","9,200","101,200",0,,"101,200",,,,
현동산업,,,,,,,09/04,,"N2 (공업용, 40L)",,,,1,,1,"14,000","14,000","1,400","15,400",0,,"15,400",,,,
현동산업,,,,,,,09/14,,Ar (일반),,,,5,,5,"23,000","115,000","11,500","126,500",0,,"126,500",,,,
,,,,,,거래처별 합계,,,,,,10,,,10,,"221,000","22,100","243,100",0,,"243,100",,,,
화성앰코테크놀로지,,,,,,,09/03,,"Ar (UHP, 47L, 99.999%)",,,,20,,20,0,0,0,0,0,,0,,,,
화성앰코테크놀로지,,,,,,,09/03,,"CO2 (UHP, 20kg, 99.995%)",,,,16,,16,0,0,0,0,0,,0,,,,
화성앰코테크놀로지,,,,,,,09/03,,"O2 (UHP, 47L, 99.999%)",,,,10,,0,0,0,0,0,0,,0,,,,
화성앰코테크놀로지,,,,,,,09/04,,"Ar (UHP, 47L, 99.999%)",,,,5,,0,0,0,0,0,0,,0,,,,
화성앰코테크놀로지,,,,,,,09/04,,"He (UHP, 10.2L, 99.999%)",,,,1,,0,0,0,0,0,0,,0,,,,
화성앰코테크놀로지,,,,,,,09/04,,"He (UHP, 47L, 99.999%)",,,,1,,0,0,0,0,0,0,,0,,,,
화성앰코테크놀로지,,,,,,,09/04,,"O2 (UHP, 47L, 99.999%)",,,,15,,20,0,0,0,0,0,,0,,,,
화성앰코테크놀로지,,,,,,,09/10,,"Ar (UHP, 47L, 99.999%)",,,,20,,15,0,0,0,0,0,,0,,,,
화성앰코테크놀로지,,,,,,,09/10,,"CO2 (UHP, 20kg, 99.995%)",,,,16,,16,0,0,0,0,0,,0,,,,
화성앰코테크놀로지,,,,,,,09/10,,"O2 (UHP, 47L, 99.999%)",,,,20,,15,0,0,0,0,0,,0,,,,
,,,,,,거래처별 합계,,,,,,124,,,102,,0,0,0,0,,0,,,,
,,,,,,총합계,,,,,,"3,088",,,"5,624,594",,"1,394,171,232","139,417,123","1,533,588,355","616,049,771",,"4,493,770,527",,,,
2026-09-17 오전 10:48:46,,,,,,,,,,,,,,,,,,,,,,,,,,
,,,,,,,,,,,,,,,,,,,,,,,,,,
,,,,,,,,,,,,,,,,,,,,,,,,,,
,,,,,,,,,,,,,,,,,,,,,,,,,,
,,,,,,,,,,,,,,,,,,,,,,,,,,