거래처,가스,,,용기검사,,거래처명 :,매출일,,품목명,,,,입고량,,출고량,단가,매출액,세액,합계액,입금액,미수금,잔액,비고,신일가스(주) 화성공장,,
,,,,,,,,,,,,,,,,,,,,,,,,,,
,,,,,,,,,,,,,,,,,,,,,,,,,,
Z대유스틸,,,,,,,,,[이월미수액],,,,,,,,,,,,"220,525","220,525",,,,
,,,,,,거래처별 합계,,,,,,0,,,0,,0,0,0,0,,"220,525",,,,
가스코아산(대창),,,,,,,,,[이월미수액],,,,,,,,,,,,"330,000","330,000",,,,
가스코아산(대창),,,,,,,08/14,,입금 (가스매출),,,,0,,0,0,0,0,0,"330,000",,"-330,000",,,,
가스코아산(대창),,,,,,,08/19,,"Ar (UHP, 47L, 99.999%)",,,,14,,10,"30,000","300,000","30,000","330,000",0,,"330,000",,,,
,,,,,,거래처별 합계,,,,,,14,,,10,,"300,000","30,000","330,000","330,000",,"330,000",,,,
가스코아산(아래스가스),,,,,,,,,[이월미수액],,,,,,,,,,,,"1,045,000","1,045,000",,,,
가스코아산(아래스가스),,,,,,,08/14,,입금 (가스매출),,,,0,,0,0,0,0,0,"1,045,000",,"-1,045,000",,,,
,,,,,,거래처별 합계,,,,,,0,,,0,,0,0,0,"1,045,000",,0,,,,
가스코아산(아론),,,,,,,08/11,,기화기 (20Nm3/Hr),,,,0,,1,0,0,0,0,0,,0,,,,
가스코아산(아론),,,,,,,08/11,,"N2 (LGC, 175L)",,,,0,,1,"55,000","55,000","5,500","60,500",0,,"60,500",,,,
,,,,,,거래처별 합계,,,,,,0,,,2,,"55,000","5,500","60,500",0,,"60,500",,,,
가스코아산(에스에프에이),,,,,,,,,[이월미수액],,,,,,,,,,,,"-88,000","-88,000",,,,
가스코아산(에스에프에이),,,,,,,08/04,,"Ar (UHP, 47L, 99.999%)",,,,2,,0,"40,000",0,0,0,0,,0,,,,
가스코아산(에스에프에이),,,,,,,08/04,,C2H2 (3kg),,,,2,,0,"60,000",0,0,0,0,,0,,,,
가스코아산(에스에프에이),,,,,,,08/04,,C2H4 (일반),,,,1,,0,"60,000",0,0,0,0,,0,,,,
가스코아산(에스에프에이),,,,,,,08/04,,"N2 (UHP, 99.999%)",,,,1,,0,"30,000",0,0,0,0,,0,,,,
가스코아산(에스에프에이),,,,,,,08/12,,"N2 (공업용, 40L)",,,,2,,2,"6,500","13,000","1,300","14,300",0,,"14,300",,,,
가스코아산(에스에프에이),,,,,,,08/14,,입금 (가스매출),,,,0,,0,0,0,0,0,"-88,000",,"88,000",,,,
,,,,,,거래처별 합계,,,,,,8,,,2,,"13,000","1,300","14,300","-88,000",,"14,300",,,,
가스코아산(하나이엔지),,,,,,,,,[이월미수액],,,,,,,,,,,,"844,800","844,800",,,,
가스코아산(하나이엔지),,,,,,,08/04,,"CO2 (공업용, 20kg)",,,,1,,0,"20,000",0,0,0,0,,0,,,,
가스코아산(하나이엔지),,,,,,,08/04,,"CO2 (공업용, 40kg)",,,,1,,1,"40,000","40,000","4,000","44,000",0,,"44,000",,,,
가스코아산(하나이엔지),,,,,,,08/04,,"O2 (공업용, 40L)",,,,0,,2,"12,000","24,000","2,400","26,400",0,,"26,400",,,,
가스코아산(하나이엔지),,,,,,,08/11,,"CO2 (공업용, 40kg)",,,,1,,1,"40,000","40,000","4,000","44,000",0,,"44,000",,,,
가스코아산(하나이엔지),,,,,,,08/11,,"O2 (공업용, 40L)",,,,1,,1,"12,000","12,000","1,200","13,200",0,,"13,200",,,,
가스코아산(하나이엔지),,,,,,,08/14,,입금 (가스매출),,,,0,,0,0,0,0,0,"844,800",,"-844,800",,,,
가스코아산(하나이엔지),,,,,,,08/18,,"CO2 (공업용, 40kg)",,,,5,,5,"40,000","200,000","20,000","220,000",0,,"220,000",,,,
,,,,,,거래처별 합계,,,,,,9,,,10,,"316,000","31,600","347,600","844,800",,"347,600",,,,
가스코아산.,,,,,,,,,[이월미수액],,,,,,,,,,,,"316,600,207","316,600,207",,,,
가스코아산.,,,,,,,08/01,,"Ar (kg, Bulk)",,,,0,,"3,798",460,"1,747,080","174,708","1,921,788",0,,"1,921,788",,,,
가스코아산.,,,,,,,08/01,,"Ar (kg, Bulk)",,,,0,,"11,900",515,"6,128,500","612,850","6,741,350",0,,"6,741,350",동희,,,
가스코아산.,,,,,,,08/01,,"CO2 (kg, Bulk)",,,,0,,"19,160",220,"4,215,200","421,520","4,636,720",0,,"4,636,720",가스켐,,,
가스코아산.,,,,,,,08/03,,"CO2 (kg, Bulk)",,,,0,,"20,640",220,"4,540,800","454,080","4,994,880",0,,"4,994,880",당진가스,,,
가스코아산.,,,,,,,08/03,,"CO2 (kg, Bulk)",,,,0,,"5,770",250,"1,442,500","144,250","1,586,750",0,,"1,586,750",알가-2공장,,,
가스코아산.,,,,,,,08/03,,"N2 (kg, Bulk)",,,,0,,"3,912",175,"684,600","68,460","753,060",0,,"753,060",엘티씨에이엠,,,
가스코아산.,,,,,,,08/04,,"CO2 (kg, Bulk)",,,,0,,"20,800",220,"4,576,000","457,600","5,033,600",0,,"5,033,600",가스켐,,,
가스코아산.,,,,,,,08/04,,"CO2 (kg, Bulk)",,,,0,,"20,380",220,"4,483,600","448,360","4,931,960",0,,"4,931,960",당진가스,,,
가스코아산.,,,,,,,08/04,,"CO2 (kg, Bulk)",,,,0,,"4,830",250,"1,207,500","120,750","1,328,250",0,,"1,328,250",그린플러스,,,
가스코아산.,,,,,,,08/04,,"CO2 (kg, Bulk)",,,,0,,"6,809",250,"1,702,250","170,225","1,872,475",0,,"1,872,475",거흥-1공장,,,
가스코아산.,,,,,,,08/04,,"CO2 (kg, Bulk)",,,,0,,"5,010",250,"1,252,500","125,250","1,377,750",0,,"1,377,750",거흥-2공장,,,
가스코아산.,,,,,,,08/04,,"CO2 (kg, Bulk)",,,,0,,"4,487",250,"1,121,750","112,175","1,233,925",0,,"1,233,925",청림에너지,,,
가스코아산.,,,,,,,08/04,,"CO2 (kg, Bulk)",,,,0,,"2,910",250,"727,500","72,750","800,250",0,,"800,250",알가-1공장,,,
가스코아산.,,,,,,,08/04,,"N2 (kg, Bulk)",,,,0,,"2,310",175,"404,250","40,425","444,675",0,,"444,675",HK머트리얼즈,,,
가스코아산.,,,,,,,08/05,,"Ar (kg, Bulk)",,,,0,,"3,536",515,"1,821,040","182,104","2,003,144",0,,"2,003,144",유미코아-3공장,,,
가스코아산.,,,,,,,08/05,,"Ar (kg, Bulk)",,,,0,,"3,990",515,"2,054,850","205,485","2,260,335",0,,"2,260,335",공진산업,,,
가스코아산.,,,,,,,08/05,,"CO2 (kg, Bulk)",,,,0,,"3,000",250,"750,000","75,000","825,000",0,,"825,000",휴스템,,,
가스코아산.,,,,,,,08/05,,"CO2 (kg, Bulk)",,,,0,,"19,040",220,"4,188,800","418,880","4,607,680",0,,"4,607,680",당진가스,,,
가스코아산.,,,,,,,08/05,,"CO2 (kg, Bulk)",,,,0,,"19,300",220,"4,246,000","424,600","4,670,600",0,,"4,670,600",가스켐솔루션,,,
가스코아산.,,,,,,,08/05,,"CO2 (kg, Bulk)",,,,0,,"5,623",230,"1,293,290","129,329","1,422,619",0,,"1,422,619",,,,
가스코아산.,,,,,,,08/05,,"N2 (kg, Bulk)",,,,0,,"9,003",160,"1,440,480","144,048","1,584,528",0,,"1,584,528",,,,
가스코아산.,,,,,,,08/05,,"N2 (kg, Bulk)",,,,0,,"4,226",175,"739,550","73,955","813,505",0,,"813,505",파인디앤씨,,,
가스코아산.,,,,,,,08/06,,"Ar (kg, Bulk)",,,,0,,"5,701",460,"2,622,460","262,246","2,884,706",0,,"2,884,706",,,,
가스코아산.,,,,,,,08/06,,"Ar (kg, Bulk)",,,,0,,"4,906",515,"2,526,590","252,659","2,779,249",0,,"2,779,249",풍기산업 초도,,,
가스코아산.,,,,,,,08/06,,"Ar (kg, Bulk)",,,,0,,"5,675",470,"2,667,250","266,725","2,933,975",0,,"2,933,975",KS테크,,,
가스코아산.,,,,,,,08/06,,"CO2 (kg, Bulk)",,,,0,,"3,519",250,"879,750","87,975","967,725",0,,"967,725",디에스씨-영인,,,
가스코아산.,,,,,,,08/06,,"CO2 (kg, Bulk)",,,,0,,"5,352",250,"1,338,000","133,800","1,471,800",0,,"1,471,800",풍기산업 초도,,,
가스코아산.,,,,,,,08/06,,"CO2 (kg, Bulk)",,,,0,,"20,700",220,"4,554,000","455,400","5,009,400",0,,"5,009,400",가스켐,,,
가스코아산.,,,,,,,08/06,,"CO2 (kg, Bulk)",,,,0,,"12,790",220,"2,813,800","281,380","3,095,180",0,,"3,095,180",유진산업가스,,,
가스코아산.,,,,,,,08/06,,"N2 (kg, Bulk)",,,,0,,"2,560",175,"448,000","44,800","492,800",0,,"492,800",유안이엔지,,,
가스코아산.,,,,,,,08/06,,"O2 (kg, Bulk)",,,,0,,"3,059",180,"550,620","55,062","605,682",0,,"605,682",주성이엔지,,,
가스코아산.,,,,,,,08/07,,"Ar (kg, Bulk)",,,,0,,"2,504",415,"1,039,160","103,916","1,143,076",0,,"1,143,076",일신정밀,,,
가스코아산.,,,,,,,08/07,,"Ar (kg, Bulk)",,,,0,,"2,504",515,"1,289,560","128,956","1,418,516",0,,"1,418,516",씨에스,,,
가스코아산.,,,,,,,08/07,,"N2 (kg, Bulk)",,,,0,,"16,931",160,"2,708,960","270,896","2,979,856",0,,"2,979,856",KS테크,,,
가스코아산.,,,,,,,08/07,,"O2 (kg, Bulk)",,,,0,,"7,115",155,"1,102,825","110,283","1,213,108",0,,"1,213,108",,,,
가스코아산.,,,,,,,08/08,,"CO2 (kg, Bulk)",,,,0,,"4,901",270,"1,323,270","132,327","1,455,597",0,,"1,455,597",스퀴즈맥주-춘천,,,
가스코아산.,,,,,,,08/09,,"CO2 (kg, Bulk)",,,,0,,"20,730",220,"4,560,600","456,060","5,016,660",0,,"5,016,660",가스켐,,,
가스코아산.,,,,,,,08/09,,"CO2 (kg, Bulk)",,,,0,,"6,005",250,"1,501,250","150,125","1,651,375",0,,"1,651,375",에프알디,,,
가스코아산.,,,,,,,08/10,,"Ar (kg, Bulk)",,,,0,,"15,005",460,"6,902,300","690,230","7,592,530",0,,"7,592,530",,,,
가스코아산.,,,,,,,08/10,,"Ar (kg, Bulk)",,,,0,,"8,440",505,"4,262,200","426,220","4,688,420",0,,"4,688,420",성우하이텍,,,
가스코아산.,,,,,,,08/10,,"CO2 (kg, Bulk)",,,,0,,"2,810",250,"702,500","70,250","772,750",0,,"772,750",에이원알폼,,,
가스코아산.,,,,,,,08/10,,"CO2 (kg, Bulk)",,,,0,,"16,250",220,"3,575,000","357,500","3,932,500",0,,"3,932,500",유진산업가스,,,
가스코아산.,,,,,,,08/10,,"CO2 (kg, Bulk)",,,,0,,"19,290",220,"4,243,800","424,380","4,668,180",0,,"4,668,180",당진가스,,,
가스코아산.,,,,,,,08/10,,"CO2 (kg, Bulk)",,,,0,,"2,502",250,"625,500","62,550","688,050",0,,"688,050",동원F&B,,,
가스코아산.,,,,,,,08/10,,"N2 (kg, Bulk)",,,,0,,"4,503",160,"720,480","72,048","792,528",0,,"792,528",일신정밀,,,
가스코아산.,,,,,,,08/11,,"Ar (kg, Bulk)",,,,0,,"4,131",515,"2,127,465","212,747","2,340,212",0,,"2,340,212",씨에스,,,
가스코아산.,,,,,,,08/11,,"Ar (kg, Bulk)",,,,0,,"9,480",515,"4,882,200","488,220","5,370,420",0,,"5,370,420",동희,,,
가스코아산.,,,,,,,08/11,,"Ar (kg, Bulk)",,,,0,,"3,919",515,"2,018,285","201,829","2,220,114",0,,"2,220,114",인디켐,,,
가스코아산.,,,,,,,08/11,,"CO2 (kg, Bulk)",,,,0,,"12,680",250,"3,170,000","317,000","3,487,000",0,,"3,487,000",성우하이텍,,,
가스코아산.,,,,,,,08/11,,"CO2 (kg, Bulk)",,,,0,,"2,590",250,"647,500","64,750","712,250",0,,"712,250",동희,,,
가스코아산.,,,,,,,08/11,,"CO2 (kg, Bulk)",,,,0,,"4,552",250,"1,138,000","113,800","1,251,800",0,,"1,251,800",조양산업,,,
가스코아산.,,,,,,,08/11,,"CO2 (kg, Bulk)",,,,0,,"8,070",230,"1,856,100","185,610","2,041,710",0,,"2,041,710",,,,
가스코아산.,,,,,,,08/11,,"CO2 (kg, Bulk)",,,,0,,"20,700",220,"4,554,000","455,400","5,009,400",0,,"5,009,400",가스켐,,,
가스코아산.,,,,,,,08/11,,"CO2 (kg, Bulk)",,,,0,,"20,700",220,"4,554,000","455,400","5,009,400",0,,"5,009,400",당진가스,,,
가스코아산.,,,,,,,08/11,,"CO2 (kg, Bulk)",,,,0,,"3,289",250,"822,250","82,225","904,475",0,,"904,475",동호오토,,,
가스코아산.,,,,,,,08/11,,"CO2 (kg, Bulk)",,,,0,,"1,596",250,"399,000","39,900","438,900",0,,"438,900",프라코,,,
가스코아산.,,,,,,,08/11,,"CO2 (kg, Bulk)",,,,0,,"9,861",250,"2,465,250","246,525","2,711,775",0,,"2,711,775",국가산업가스,,,
가스코아산.,,,,,,,08/11,,"N2 (kg, Bulk)",,,,0,,"3,303",175,"578,025","57,803","635,828",0,,"635,828",HK머트리얼즈,,,
가스코아산.,,,,,,,08/11,,"N2 (kg, Bulk)",,,,0,,"4,323",175,"756,525","75,653","832,178",0,,"832,178",에프알디,,,
가스코아산.,,,,,,,08/11,,"N2 (kg, Bulk)",,,,0,,"2,744",175,"480,200","48,020","528,220",0,,"528,220",KC인더스트리,,,
가스코아산.,,,,,,,08/11,,"N2 (kg, Bulk)",,,,0,,"3,100",175,"542,500","54,250","596,750",0,,"596,750",엘티씨에이엠,,,
가스코아산.,,,,,,,08/11,,"O2 (kg, Bulk)",,,,0,,"4,197",180,"755,460","75,546","831,006",0,,"831,006",BH산업,,,
가스코아산.,,,,,,,08/11,,"O2 (kg, Bulk)",,,,0,,"3,930",250,"982,500","98,250","1,080,750",0,,"1,080,750",동은스틸,,,
가스코아산.,,,,,,,08/11,,"O2 (kg, Bulk)",,,,0,,"3,656",180,"658,080","65,808","723,888",0,,"723,888",승진기계-석문,,,
가스코아산.,,,,,,,08/11,,"O2 (kg, Bulk)",,,,0,,"3,318",160,"530,880","53,088","583,968",0,,"583,968",일신정밀,,,
가스코아산.,,,,,,,08/12,,"Ar (kg, Bulk)",,,,0,,"3,583",515,"1,845,245","184,525","2,029,770",0,,"2,029,770",유미코아-1공장,,,
가스코아산.,,,,,,,08/12,,"CO2 (kg, Bulk)",,,,0,,"19,540",220,"4,298,800","429,880","4,728,680",0,,"4,728,680",당진가스,,,
가스코아산.,,,,,,,08/12,,"CO2 (kg, Bulk)",,,,0,,"20,660",220,"4,545,200","454,520","4,999,720",0,,"4,999,720",가스켐,,,
가스코아산.,,,,,,,08/12,,"CO2 (kg, Bulk)",,,,0,,"18,910",220,"4,160,200","416,020","4,576,220",0,,"4,576,220",가스켐솔루션,,,
가스코아산.,,,,,,,08/12,,"CO2 (kg, Bulk)",,,,0,,"2,588",250,"647,000","64,700","711,700",0,,"711,700",오텍,,,
가스코아산.,,,,,,,08/12,,"CO2 (kg, Bulk)",,,,0,,"8,870",250,"2,217,500","221,750","2,439,250",0,,"2,439,250",코리아휠,,,
가스코아산.,,,,,,,08/12,,"CO2 (kg, Bulk)",,,,0,,"4,191",250,"1,047,750","104,775","1,152,525",0,,"1,152,525",아침보령,,,
가스코아산.,,,,,,,08/12,,"CO2 (kg, Bulk)",,,,0,,"15,102",250,"3,775,500","377,550","4,153,050",0,,"4,153,050",KS테크,,,
가스코아산.,,,,,,,08/12,,"CO2 (kg, Bulk)",,,,0,,"5,408",250,"1,352,000","135,200","1,487,200",0,,"1,487,200",대일공업,,,
가스코아산.,,,,,,,08/12,,"N2 (kg, Bulk)",,,,0,,"3,609",175,"631,575","63,158","694,733",0,,"694,733",인디켐,,,
가스코아산.,,,,,,,08/12,,"N2 (kg, Bulk)",,,,0,,"7,501",160,"1,200,160","120,016","1,320,176",0,,"1,320,176",,,,
가스코아산.,,,,,,,08/12,,"N2 (kg, Bulk)",,,,0,,"5,979",197,"1,177,863","117,786","1,295,649",0,,"1,295,649",퓨얼셀-신인천,,,
가스코아산.,,,,,,,08/13,,"Ar (kg, Bulk)",,,,0,,"4,005",515,"2,062,575","206,258","2,268,833",0,,"2,268,833",디에스씨-2공장,,,
가스코아산.,,,,,,,08/13,,"Ar (kg, Bulk)",,,,0,,"8,880",505,"4,484,400","448,440","4,932,840",0,,"4,932,840",성우하이텍,,,
가스코아산.,,,,,,,08/13,,"Ar (kg, Bulk)",,,,0,,"4,185",515,"2,155,275","215,528","2,370,803",0,,"2,370,803",국제이엔지,,,
가스코아산.,,,,,,,08/13,,"CO2 (kg, Bulk)",,,,0,,"17,500",250,"4,375,000","437,500","4,812,500",0,,"4,812,500",중부산업가스,,,
가스코아산.,,,,,,,08/13,,"CO2 (kg, Bulk)",,,,0,,"4,310",250,"1,077,500","107,750","1,185,250",0,,"1,185,250",동양특수주강,,,
가스코아산.,,,,,,,08/13,,"CO2 (kg, Bulk)",,,,0,,"3,220",250,"805,000","80,500","885,500",0,,"885,500",하스코,,,
가스코아산.,,,,,,,08/13,,"CO2 (kg, Bulk)",,,,0,,"4,811",250,"1,202,750","120,275","1,323,025",0,,"1,323,025",디에스씨-영인,,,
가스코아산.,,,,,,,08/13,,"CO2 (kg, Bulk)",,,,0,,"4,322",250,"1,080,500","108,050","1,188,550",0,,"1,188,550",디에스씨-2공장,,,
가스코아산.,,,,,,,08/13,,"N2 (kg, Bulk)",,,,0,,"4,626",175,"809,550","80,955","890,505",0,,"890,505",충남테크노,,,
가스코아산.,,,,,,,08/13,,"O2 (kg, Bulk)",,,,0,,"3,166",180,"569,880","56,988","626,868",0,,"626,868",주성이엔지,,,
가스코아산.,,,,,,,08/13,,"O2 (kg, Bulk)",,,,0,,"13,804",155,"2,139,620","213,962","2,353,582",0,,"2,353,582",,,,
가스코아산.,,,,,,,08/14,,입금 (가스매출),,,,0,,0,0,0,0,0,"316,600,207",,"-316,600,207",,,,
가스코아산.,,,,,,,08/14,,"Ar (kg, Bulk)",,,,0,,"2,909",415,"1,207,235","120,724","1,327,959",0,,"1,327,959",일신정밀,,,
가스코아산.,,,,,,,08/14,,"Ar (kg, Bulk)",,,,0,,"9,250",515,"4,763,750","476,375","5,240,125",0,,"5,240,125",동희,,,
가스코아산.,,,,,,,08/14,,"Ar (kg, Bulk)",,,,0,,"4,008",515,"2,064,120","206,412","2,270,532",0,,"2,270,532",유안이엔지,,,
가스코아산.,,,,,,,08/14,,"Ar (kg, Bulk)",,,,0,,"4,730",515,"2,435,950","243,595","2,679,545",0,,"2,679,545",호원오토,,,
가스코아산.,,,,,,,08/14,,"Ar (kg, Bulk)",,,,0,,"5,221",470,"2,453,870","245,387","2,699,257",0,,"2,699,257",KS테크,,,
가스코아산.,,,,,,,08/14,,"Ar (kg, Bulk)",,,,0,,"3,505",515,"1,805,075","180,508","1,985,583",0,,"1,985,583",시에스,,,
가스코아산.,,,,,,,08/14,,"Ar (kg, Bulk)",,,,0,,"10,005",460,"4,602,300","460,230","5,062,530",0,,"5,062,530",,,,
가스코아산.,,,,,,,08/14,,"CO2 (kg, Bulk)",,,,0,,"3,913",250,"978,250","97,825","1,076,075",0,,"1,076,075",대일공업,,,
가스코아산.,,,,,,,08/14,,"CO2 (kg, Bulk)",,,,0,,"21,000",250,"5,250,000","525,000","5,775,000",0,,"5,775,000",한화,,,
가스코아산.,,,,,,,08/14,,"CO2 (kg, Bulk)",,,,0,,"19,900",220,"4,378,000","437,800","4,815,800",0,,"4,815,800",당진가스,,,
가스코아산.,,,,,,,08/14,,"CO2 (kg, Bulk)",,,,0,,"4,255",250,"1,063,750","106,375","1,170,125",0,,"1,170,125",디에스씨-1공장,,,
가스코아산.,,,,,,,08/14,,"CO2 (UHP, 20kg, 99.995%)",,,,0,,1,"35,000","35,000","3,500","38,500",0,,"38,500",,,,
가스코아산.,,,,,,,08/14,,"Mix (UHP, CO 4% + CO2 8% + He 28% + N2 Bal)",,,,0,,10,"270,000","2,700,000","270,000","2,970,000",0,,"2,970,000",,,,
가스코아산.,,,,,,,08/14,,"Mix (UHP, H2 0.15% + CO 5% + CO2 14% + N2 18% + He Bal)",,,,0,,20,"270,000","5,400,000","540,000","5,940,000",0,,"5,940,000",,,,
가스코아산.,,,,,,,08/15,,"Ar (kg, Bulk)",,,,0,,"8,860",515,"4,562,900","456,290","5,019,190",0,,"5,019,190",동희,,,
가스코아산.,,,,,,,08/15,,"Ar (kg, Bulk)",,,,0,,"8,590",505,"4,337,950","433,795","4,771,745",0,,"4,771,745",성우하이텍,,,
가스코아산.,,,,,,,08/16,,"CO2 (kg, Bulk)",,,,0,,"4,812",250,"1,203,000","120,300","1,323,300",0,,"1,323,300",일신정밀,,,
가스코아산.,,,,,,,08/16,,"CO2 (kg, Bulk)",,,,0,,"20,730",220,"4,560,600","456,060","5,016,660",0,,"5,016,660",가스켐,,,
가스코아산.,,,,,,,08/17,,"CO2 (kg, Bulk)",,,,0,,"5,184",250,"1,296,000","129,600","1,425,600",0,,"1,425,600",대일공업,,,
가스코아산.,,,,,,,08/17,,"CO2 (kg, Bulk)",,,,0,,"4,620",250,"1,155,000","115,500","1,270,500",0,,"1,270,500",오텍,,,
가스코아산.,,,,,,,08/17,,"N2 (kg, Bulk)",,,,0,,"14,380",160,"2,300,800","230,080","2,530,880",0,,"2,530,880",KS테크,,,
가스코아산.,,,,,,,08/17,,"N2 (kg, Bulk)",,,,0,,"6,044",175,"1,057,700","105,770","1,163,470",0,,"1,163,470",SFA,,,
가스코아산.,,,,,,,08/18,,"CO2 (kg, Bulk)",,,,0,,"20,610",220,"4,534,200","453,420","4,987,620",0,,"4,987,620",가스켐,,,
가스코아산.,,,,,,,08/18,,"CO2 (kg, Bulk)",,,,0,,"20,140",220,"4,430,800","443,080","4,873,880",0,,"4,873,880",당진가스,,,
가스코아산.,,,,,,,08/18,,"CO2 (kg, Bulk)",,,,0,,"19,940",220,"4,386,800","438,680","4,825,480",0,,"4,825,480",당진가스,,,
,,,,,,거래처별 합계,,,,,,0,,,"935,732",,"258,268,028","25,826,803","284,094,831","316,600,207",,"284,094,830",,,,
가스테크코리아,,,,,,,,,[이월미수액],,,,,,,,,,,,"778,835","778,835",,,,
가스테크코리아,,,,,,,08/14,,입금 (가스매출),,,,0,,0,0,0,0,0,"778,835",,"-778,835",7월 거래분,,,
,,,,,,거래처별 합계,,,,,,0,,,0,,0,0,0,"778,835",,0,,,,
가스텍(고려신소재),,,,,,,,,[이월미수액],,,,,,,,,,,,"1,995,840","1,995,840",,,,
,,,,,,거래처별 합계,,,,,,0,,,0,,0,0,0,0,,"1,995,840",,,,
가스텍(대흥정공),,,,,,,,,[이월미수액],,,,,,,,,,,,"80,850,352","80,850,352",,,,
,,,,,,거래처별 합계,,,,,,0,,,0,,0,0,0,0,,"80,850,352",,,,
가스텍(미성르호봇),,,,,,,,,[이월미수액],,,,,,,,,,,,"2,960,914","2,960,914",,,,
,,,,,,거래처별 합계,,,,,,0,,,0,,0,0,0,0,,"2,960,914",,,,
가스텍(인천),,,,,,,,,[이월미수액],,,,,,,,,,,,"535,081,575","535,081,575",,,,
,,,,,,거래처별 합계,,,,,,0,,,0,,0,0,0,0,,"535,081,575",,,,
경민산업,,,,,,,,,[이월미수액],,,,,,,,,,,,"2,576,778","2,576,778",,,,
경민산업,,,,,,,08/10,,입금 (가스매출),,,,0,,0,0,0,0,0,"616,840",,"-616,840",6월 거래분,,,
경민산업,,,,,,,08/10,,입금 (가스매출),,,,0,,0,0,0,0,0,"257,840",,"-257,840",5월 거래분,,,
,,,,,,거래처별 합계,,,,,,0,,,0,,0,0,0,"874,680",,"1,702,098",,,,
고려대한가스,,,,,,,,,[이월미수액],,,,,,,,,,,,"8,584,735","8,584,735",,,,
고려대한가스,,,,,,,08/11,,"Ar (UHP, 47L, 99.999%)",,,,9,,0,"20,000",0,0,0,0,,0,,,,
고려대한가스,,,,,,,08/11,,"CO2 (kg, Bulk)",,,,0,,"4,000",290,"1,160,000","116,000","1,276,000",0,,"1,276,000",,,,
고려대한가스,,,,,,,08/11,,"He (UHP, 47L, 99.999%)",,,,12,,0,"330,000",0,0,0,0,,0,,,,
고려대한가스,,,,,,,08/11,,"Mix (UHP, CO2 1.7% + N2 23.4% + He Bal)",,,,3,,0,"330,000",0,0,0,0,,0,,,,
고려대한가스,,,,,,,08/12,,"Ar (UHP, 47L, 99.999%)",,,,0,,3,"20,000","60,000","6,000","66,000",0,,"66,000",,,,
고려대한가스,,,,,,,08/12,,"N2 (kg, Bulk)",,,,0,,"3,600",175,"630,000","63,000","693,000",0,,"693,000",유진산업,,,
고려대한가스,,,,,,,08/19,,"Ar (UHP, 47L, 99.999%)",,,,2,,2,"20,000","40,000","4,000","44,000",0,,"44,000",,,,
,,,,,,거래처별 합계,,,,,,26,,,"7,605",,"1,890,000","189,000","2,079,000",0,,"10,663,735",,,,
공도(한일가스충전소),,,,,,,,,[이월미수액],,,,,,,,,,,,"447,440","447,440",,,,
,,,,,,거래처별 합계,,,,,,0,,,0,,0,0,0,0,,"447,440",,,,
공도.,,,,,,,,,[이월미수액],,,,,,,,,,,,"3,716,438","3,716,438",,,,
,,,,,,거래처별 합계,,,,,,0,,,0,,0,0,0,0,,"3,716,438",,,,
공성기계,,,,,,,,,[이월미수액],,,,,,,,,,,,"176,000","176,000",,,,
공성기계,,,,,,,08/10,,입금 (가스매출),,,,0,,0,0,0,0,0,"176,000",,"-176,000",7월 거래분,,,
,,,,,,거래처별 합계,,,,,,0,,,0,,0,0,0,"176,000",,0,,,,
국제산업가스,,,,,,,,,[이월미수액],,,,,,,,,,,,"9,116,910","9,116,910",,,,
국제산업가스,,,,,,,08/06,,"CO2 (kg, Bulk)",,,,0,,"21,096",290,"6,117,840","611,784","6,729,624",0,,"6,729,624",,,,
,,,,,,거래처별 합계,,,,,,0,,,"21,096",,"6,117,840","611,784","6,729,624",0,,"15,846,534",,,,
다올이앤씨 주식회사,,,,,,,,,[이월미수액],,,,,,,,,,,,"1,974,830","1,974,830",,,,
,,,,,,거래처별 합계,,,,,,0,,,0,,0,0,0,0,,"1,974,830",,,,
단일시스켐,,,,,,,,,[이월미수액],,,,,,,,,,,,"4,870,800","4,870,800",,,,
,,,,,,거래처별 합계,,,,,,0,,,0,,0,0,0,0,,"4,870,800",,,,
대성가스텍,,,,,,,,,[이월미수액],,,,,,,,,,,,"89,349,313","89,349,313",,,,
대성가스텍,,,,,,,08/07,,"CO2 (kg, Bulk)",,,,0,,"2,130",240,"511,200","51,120","562,320",0,,"562,320",5353,,,
대성가스텍,,,,,,,08/07,,"CO2 (kg, Bulk)",,,,0,,"15,000",230,"3,450,000","345,000","3,795,000",0,,"3,795,000",5353,,,
대성가스텍,,,,,,,08/12,,"Ar (UHP, 47L, 99.999%)",,,,7,,8,"22,869","182,952","18,295","201,247",0,,"201,247",,,,
대성가스텍,,,,,,,08/13,,Air (UHP),,,,3,,3,"39,325","117,975","11,798","129,773",0,,"129,773",,,,
대성가스텍,,,,,,,08/13,,"Ar (UHP, 47L, 99.999%)",,,,12,,11,"22,869","251,559","25,156","276,715",0,,"276,715",,,,
대성가스텍,,,,,,,08/13,,"Mix (UHP, CO2 1.7% + N2 23.4% + He Bal)",,,,2,,3,"280,000","840,000","84,000","924,000",0,,"924,000",,,,
대성가스텍,,,,,,,08/13,,"Mix (UHP, CO2 3.14% + N2 31.41% + He Bal)",,,,1,,0,0,0,0,0,0,,0,,,,
대성가스텍,,,,,,,08/13,,"N2 (UHP, 99.999%)",,,,7,,19,"19,360","367,840","36,784","404,624",0,,"404,624",,,,
,,,,,,거래처별 합계,,,,,,32,,,"17,174",,"5,721,526","572,153","6,293,679",0,,"95,642,992",,,,
대성스틸,,,,,,,,,[이월미수액],,,,,,,,,,,,"705,705","705,705",,,,
,,,,,,거래처별 합계,,,,,,0,,,0,,0,0,0,0,,"705,705",,,,
대성플랜트,,,,,,,,,[이월미수액],,,,,,,,,,,,"1,993,420","1,993,420",,,,
대성플랜트,,,,,,,08/04,,"CO2 (공업용, 40kg)",,,,5,,5,"33,000","165,000","16,500","181,500",0,,"181,500",,,,
대성플랜트,,,,,,,08/05,,LPG (50kg),,,,3,,0,"137,500",0,0,0,0,,0,,,,
대성플랜트,,,,,,,08/10,,"CO2 (공업용, 40kg)",,,,6,,4,"33,000","132,000","13,200","145,200",0,,"145,200",,,,
대성플랜트,,,,,,,08/10,,LPG (20kg),,,,0,,3,"55,000","165,000","16,500","181,500",0,,"181,500",,,,
대성플랜트,,,,,,,08/10,,"O2 (LGC, 175L, 고압용)",,,,1,,0,"77,050",0,0,0,0,,0,,,,
대성플랜트,,,,,,,08/13,,"CO2 (공업용, 40kg)",,,,3,,3,"33,000","99,000","9,900","108,900",0,,"108,900",,,,
대성플랜트,,,,,,,08/13,,"O2 (LGC, 175L, 고압용)",,,,1,,2,"77,050","154,100","15,410","169,510",0,,"169,510",,,,
대성플랜트,,,,,,,08/19,,"CO2 (공업용, 40kg)",,,,12,,13,"33,000","429,000","42,900","471,900",0,,"471,900",,,,
,,,,,,거래처별 합계,,,,,,31,,,30,,"1,144,100","114,410","1,258,510",0,,"3,251,930",,,,
대영가스상사,,,,,,,,,[이월미수액],,,,,,,,,,,,"16,777,860","16,777,860",,,,
대영가스상사,,,,,,,08/03,,용기검사 (일반),,,,1,,1,"44,300","44,300","4,430","48,730",0,,"48,730",O2,,,
대영가스상사,,,,,,,08/03,,Air (UHP),,,,3,,0,"35,000",0,0,0,0,,0,,,,
대영가스상사,,,,,,,08/03,,Ar (일반),,,,5,,9,"13,000","117,000","11,700","128,700",0,,"128,700",,,,
대영가스상사,,,,,,,08/03,,"Ar (UHP, 47L, 99.999%)",,,,1,,0,"35,000",0,0,0,0,,0,,,,
대영가스상사,,,,,,,08/03,,"CO2 (공업용, 20kg)",,,,4,,0,"11,000",0,0,0,0,,0,,,,
대영가스상사,,,,,,,08/03,,"CO2 (공업용, 40kg)",,,,1,,0,"22,000",0,0,0,0,,0,,,,
대영가스상사,,,,,,,08/03,,"N2 (공업용, 40L)",,,,10,,11,"4,000","44,000","4,400","48,400",0,,"48,400",,,,
대영가스상사,,,,,,,08/03,,"N2 (UHP, 99.999%)",,,,4,,0,"23,000",0,0,0,0,,0,,,,
대영가스상사,,,,,,,08/03,,"O2 (공업용, 40L)",,,,11,,11,"4,000","44,000","4,400","48,400",0,,"48,400",,,,
대영가스상사,,,,,,,08/04,,Air (UHP),,,,1,,0,"35,000",0,0,0,0,,0,,,,
대영가스상사,,,,,,,08/04,,Ar (일반),,,,4,,4,"13,000","52,000","5,200","57,200",0,,"57,200",,,,
대영가스상사,,,,,,,08/04,,"Ar (LGC, 175L)",,,,1,,1,"155,000","155,000","15,500","170,500",0,,"170,500",,,,
대영가스상사,,,,,,,08/04,,"CO2 (공업용, 20kg)",,,,1,,0,"11,000",0,0,0,0,,0,,,,
대영가스상사,,,,,,,08/04,,"N2 (공업용, 40L)",,,,8,,6,"4,000","24,000","2,400","26,400",0,,"26,400",,,,
대영가스상사,,,,,,,08/04,,"N2 (LGC, 175L)",,,,1,,1,"35,000","35,000","3,500","38,500",0,,"38,500",,,,
대영가스상사,,,,,,,08/04,,"N2 (UHP, 99.999%)",,,,2,,0,"23,000",0,0,0,0,,0,,,,
대영가스상사,,,,,,,08/04,,"O2 (공업용, 40L)",,,,4,,4,"4,000","16,000","1,600","17,600",0,,"17,600",,,,
대영가스상사,,,,,,,08/05,,"CO2 (공업용, 20kg)",,,,0,,10,"11,000","110,000","11,000","121,000",0,,"121,000",,,,
대영가스상사,,,,,,,08/05,,"O2 (공업용, 40L)",,,,0,,4,"4,000","16,000","1,600","17,600",0,,"17,600",,,,
대영가스상사,,,,,,,08/05,,"O2 (LGC, 175L) ",,,,2,,2,"35,000","70,000","7,000","77,000",0,,"77,000",,,,
대영가스상사,,,,,,,08/06,,Ar (일반),,,,1,,0,"13,000",0,0,0,0,,0,,,,
대영가스상사,,,,,,,08/06,,"Ar (LGC, 175L)",,,,1,,1,"155,000","155,000","15,500","170,500",0,,"170,500",,,,
대영가스상사,,,,,,,08/06,,"CO2 (공업용, 40kg)",,,,6,,3,"22,000","66,000","6,600","72,600",0,,"72,600",,,,
대영가스상사,,,,,,,08/06,,"N2 (LGC, 175L)",,,,0,,1,"35,000","35,000","3,500","38,500",0,,"38,500",,,,
대영가스상사,,,,,,,08/06,,"O2 (공업용, 40L)",,,,4,,4,"4,000","16,000","1,600","17,600",0,,"17,600",,,,
대영가스상사,,,,,,,08/06,,"O2 (LGC, 175L) ",,,,0,,1,"35,000","35,000","3,500","38,500",0,,"38,500",,,,
대영가스상사,,,,,,,08/07,,용기검사 (일반),,,,2,,2,"44,300","88,600","8,860","97,460",0,,"97,460","AR 1, CO2 20kg 1",,,
대영가스상사,,,,,,,08/07,,Ar (일반),,,,10,,4,"13,000","52,000","5,200","57,200",0,,"57,200",,,,
대영가스상사,,,,,,,08/07,,"Ar (LGC, 175L)",,,,1,,1,"155,000","155,000","15,500","170,500",0,,"170,500",,,,
대영가스상사,,,,,,,08/07,,"CO2 (공업용, 20kg)",,,,15,,6,"11,000","66,000","6,600","72,600",0,,"72,600",,,,
대영가스상사,,,,,,,08/07,,"CO2 (공업용, 40kg)",,,,4,,0,"22,000",0,0,0,0,,0,,,,
대영가스상사,,,,,,,08/07,,"O2 (공업용, 40L)",,,,3,,5,"4,000","20,000","2,000","22,000",0,,"22,000",,,,
대영가스상사,,,,,,,08/07,,"O2 (LGC, 175L) ",,,,1,,0,"35,000",0,0,0,0,,0,,,,
대영가스상사,,,,,,,08/10,,용기검사 (일반),,,,2,,2,"44,300","88,600","8,860","97,460",0,,"97,460","O2 1, CO2 20kg 1",,,
대영가스상사,,,,,,,08/10,,입금 (가스매출),,,,0,,0,0,0,0,0,"16,777,860",,"-16,777,860",7월 거래분,,,
대영가스상사,,,,,,,08/10,,Ar (일반),,,,16,,9,"13,000","117,000","11,700","128,700",0,,"128,700",,,,
대영가스상사,,,,,,,08/10,,"CO2 (공업용, 20kg)",,,,17,,15,"11,000","165,000","16,500","181,500",0,,"181,500",,,,
대영가스상사,,,,,,,08/10,,"CO2 (공업용, 40kg)",,,,3,,7,"22,000","154,000","15,400","169,400",0,,"169,400",,,,
대영가스상사,,,,,,,08/10,,"N2 (공업용, 40L)",,,,5,,10,"4,000","40,000","4,000","44,000",0,,"44,000",,,,
대영가스상사,,,,,,,08/10,,"O2 (공업용, 40L)",,,,23,,16,"4,000","64,000","6,400","70,400",0,,"70,400",,,,
대영가스상사,,,,,,,08/11,,용기검사 (일반),,,,2,,2,"44,300","88,600","8,860","97,460",0,,"97,460","O2 1, CO2 20kg 1",,,
대영가스상사,,,,,,,08/11,,Ar (일반),,,,8,,3,"13,000","39,000","3,900","42,900",0,,"42,900",,,,
대영가스상사,,,,,,,08/11,,"CO2 (공업용, 20kg)",,,,9,,9,"11,000","99,000","9,900","108,900",0,,"108,900",,,,
대영가스상사,,,,,,,08/11,,"N2 (공업용, 40L)",,,,3,,3,"4,000","12,000","1,200","13,200",0,,"13,200",,,,
대영가스상사,,,,,,,08/11,,"N2 (UHP, 99.999%)",,,,0,,2,"23,000","46,000","4,600","50,600",0,,"50,600",,,,
대영가스상사,,,,,,,08/11,,"O2 (공업용, 40L)",,,,5,,0,"4,000",0,0,0,0,,0,,,,
대영가스상사,,,,,,,08/11,,"O2 (LGC, 175L) ",,,,0,,2,"35,000","70,000","7,000","77,000",0,,"77,000",,,,
대영가스상사,,,,,,,08/12,,용기검사 (일반),,,,5,,5,"44,300","221,500","22,150","243,650",0,,"243,650","O2 2, N2 1, AR 2",,,
대영가스상사,,,,,,,08/12,,Air (UHP),,,,2,,2,"35,000","70,000","7,000","77,000",0,,"77,000",,,,
대영가스상사,,,,,,,08/12,,Ar (일반),,,,15,,19,"13,000","247,000","24,700","271,700",0,,"271,700",,,,
대영가스상사,,,,,,,08/12,,"CO2 (공업용, 20kg)",,,,2,,5,"11,000","55,000","5,500","60,500",0,,"60,500",,,,
대영가스상사,,,,,,,08/12,,"CO2 (공업용, 40kg)",,,,2,,2,"22,000","44,000","4,400","48,400",0,,"48,400",,,,
대영가스상사,,,,,,,08/12,,"N2 (공업용, 40L)",,,,6,,3,"4,000","12,000","1,200","13,200",0,,"13,200",,,,
대영가스상사,,,,,,,08/12,,"N2 (LGC, 175L)",,,,2,,2,"35,000","70,000","7,000","77,000",0,,"77,000",,,,
대영가스상사,,,,,,,08/12,,"O2 (공업용, 40L)",,,,21,,21,"4,000","84,000","8,400","92,400",0,,"92,400",,,,
대영가스상사,,,,,,,08/12,,"O2 (LGC, 175L) ",,,,2,,0,"35,000",0,0,0,0,,0,,,,
대영가스상사,,,,,,,08/13,,용기검사 (일반),,,,3,,3,"44,300","132,900","13,290","146,190",0,,"146,190","O2 2, CO2 20kg 1",,,
대영가스상사,,,,,,,08/13,,Ar (일반),,,,3,,6,"13,000","78,000","7,800","85,800",0,,"85,800",,,,
대영가스상사,,,,,,,08/13,,"Ar (LGC, 175L)",,,,1,,1,"155,000","155,000","15,500","170,500",0,,"170,500",,,,
대영가스상사,,,,,,,08/13,,"Ar (UHP, 47L, 99.999%)",,,,1,,0,"35,000",0,0,0,0,,0,,,,
대영가스상사,,,,,,,08/13,,"CO2 (공업용, 20kg)",,,,1,,6,"11,000","66,000","6,600","72,600",0,,"72,600",,,,
대영가스상사,,,,,,,08/13,,"CO2 (공업용, 40kg)",,,,5,,2,"22,000","44,000","4,400","48,400",0,,"48,400",,,,
대영가스상사,,,,,,,08/13,,"N2 (공업용, 40L)",,,,1,,5,"4,000","20,000","2,000","22,000",0,,"22,000",,,,
대영가스상사,,,,,,,08/13,,"N2 (UHP, 99.999%)",,,,2,,1,"23,000","23,000","2,300","25,300",0,,"25,300",,,,
대영가스상사,,,,,,,08/13,,"N2 (UHP, 99.999%)",,,,2,,0,"23,000",0,0,0,0,,0,,,,
대영가스상사,,,,,,,08/13,,"O2 (공업용, 40L)",,,,10,,14,"4,000","56,000","5,600","61,600",0,,"61,600",,,,
대영가스상사,,,,,,,08/13,,"O2 (LGC, 175L) ",,,,0,,1,"35,000","35,000","3,500","38,500",0,,"38,500",,,,
대영가스상사,,,,,,,08/14,,Air (UHP),,,,0,,4,"35,000","140,000","14,000","154,000",0,,"154,000",,,,
대영가스상사,,,,,,,08/14,,Ar (일반),,,,2,,3,"13,000","39,000","3,900","42,900",0,,"42,900",,,,
대영가스상사,,,,,,,08/14,,"Ar (LGC, 175L)",,,,1,,1,"155,000","155,000","15,500","170,500",0,,"170,500",,,,
대영가스상사,,,,,,,08/14,,"CO2 (공업용, 20kg)",,,,6,,0,"11,000",0,0,0,0,,0,,,,
대영가스상사,,,,,,,08/14,,"N2 (공업용, 40L)",,,,4,,3,"4,000","12,000","1,200","13,200",0,,"13,200",,,,
대영가스상사,,,,,,,08/14,,"N2 (LGC, 175L)",,,,0,,1,"35,000","35,000","3,500","38,500",0,,"38,500",,,,
대영가스상사,,,,,,,08/14,,"N2 (UHP, 99.999%)",,,,0,,4,"23,000","92,000","9,200","101,200",0,,"101,200",,,,
대영가스상사,,,,,,,08/14,,"O2 (공업용, 40L)",,,,10,,11,"4,000","44,000","4,400","48,400",0,,"48,400",,,,
대영가스상사,,,,,,,08/18,,기화기 (20Nm3/Hr),,,,0,,2,0,0,0,0,0,,0,,,,
대영가스상사,,,,,,,08/18,,용기검사 (일반),,,,1,,1,"44,300","44,300","4,430","48,730",0,,"48,730",O2,,,
대영가스상사,,,,,,,08/18,,Air (UHP),,,,2,,0,"35,000",0,0,0,0,,0,,,,
대영가스상사,,,,,,,08/18,,Ar (일반),,,,12,,16,"13,000","208,000","20,800","228,800",0,,"228,800",,,,
대영가스상사,,,,,,,08/18,,"CO2 (공업용, 20kg)",,,,0,,4,"11,000","44,000","4,400","48,400",0,,"48,400",,,,
대영가스상사,,,,,,,08/18,,"CO2 (공업용, 40kg)",,,,6,,3,"22,000","66,000","6,600","72,600",0,,"72,600",,,,
대영가스상사,,,,,,,08/18,,"N2 (공업용, 40L)",,,,7,,9,"4,000","36,000","3,600","39,600",0,,"39,600",,,,
대영가스상사,,,,,,,08/18,,"N2 (LGC, 175L)",,,,0,,1,"35,000","35,000","3,500","38,500",0,,"38,500",,,,
대영가스상사,,,,,,,08/18,,"N2 (LGC, 175L, 고압용)",,,,1,,2,"35,000","70,000","7,000","77,000",0,,"77,000",,,,
대영가스상사,,,,,,,08/18,,"O2 (공업용, 40L)",,,,17,,12,"4,000","48,000","4,800","52,800",0,,"52,800",,,,
대영가스상사,,,,,,,08/18,,"O2 (LGC, 175L) ",,,,1,,1,"35,000","35,000","3,500","38,500",0,,"38,500",,,,
대영가스상사,,,,,,,08/19,,용기검사 (일반),,,,1,,1,"44,300","44,300","4,430","48,730",0,,"48,730",O2,,,
대영가스상사,,,,,,,08/19,,Air (UHP),,,,6,,8,"35,000","280,000","28,000","308,000",0,,"308,000",,,,
대영가스상사,,,,,,,08/19,,Ar (일반),,,,11,,4,"13,000","52,000","5,200","57,200",0,,"57,200",,,,
대영가스상사,,,,,,,08/19,,"Ar (UHP, 47L, 99.999%)",,,,2,,2,"35,000","70,000","7,000","77,000",0,,"77,000",,,,
대영가스상사,,,,,,,08/19,,"CO2 (공업용, 20kg)",,,,27,,30,"11,000","330,000","33,000","363,000",0,,"363,000",,,,
대영가스상사,,,,,,,08/19,,"CO2 (공업용, 40kg)",,,,2,,6,"22,000","132,000","13,200","145,200",0,,"145,200",,,,
대영가스상사,,,,,,,08/19,,"N2 (UHP, 99.999%)",,,,2,,3,"23,000","69,000","6,900","75,900",0,,"75,900",,,,
대영가스상사,,,,,,,08/19,,"O2 (공업용, 40L)",,,,7,,14,"4,000","56,000","5,600","61,600",0,,"61,600",,,,
,,,,,,거래처별 합계,,,,,,419,,,416,,"5,949,100","594,910","6,544,010","16,777,860",,"6,544,010",,,,
대진에스에이,,,,,,,,,[이월미수액],,,,,,,,,,,,"2,614,700","2,614,700",,,,
대진에스에이,,,,,,,08/06,,입금 (가스매출),,,,0,,0,0,0,0,0,"848,320",,"-848,320",5월 거래분,,,
대진에스에이,,,,,,,08/07,,"N2 (kg, Bulk)",,,,0,,"3,372",200,"674,400","67,440","741,840",0,,"741,840",,,,
,,,,,,거래처별 합계,,,,,,0,,,"3,372",,"674,400","67,440","741,840","848,320",,"2,508,220",,,,
대한산업가스,,,,,,,,,[이월미수액],,,,,,,,,,,,"26,913,469","26,913,469",,,,
대한산업가스,,,,,,,08/03,,"CO2 (kg, Bulk)",,,,0,,"1,920",245,"470,400","47,040","517,440",0,,"517,440",덕신하우징,,,
대한산업가스,,,,,,,08/10,,"Ar (kg, Bulk)",,,,0,,"4,948",530,"2,622,440","262,244","2,884,684",0,,"2,884,684",,,,
대한산업가스,,,,,,,08/11,,"CO2 (kg, Bulk)",,,,0,,"10,071",245,"2,467,395","246,740","2,714,135",0,,"2,714,135",,,,
대한산업가스,,,,,,,08/12,,"CO2 (kg, Bulk)",,,,0,,"4,620",245,"1,131,900","113,190","1,245,090",0,,"1,245,090",덕신하우징,,,
,,,,,,거래처별 합계,,,,,,0,,,"21,559",,"6,692,135","669,214","7,361,349",0,,"34,274,818",,,,
대한특수가스,,,,,,,,,[이월미수액],,,,,,,,,,,,"60,643,506","60,643,506",,,,
대한특수가스,,,,,,,08/03,,"CO2 (kg, Bulk)",,,,0,,"11,213",290,"3,251,770","325,177","3,576,947",0,,"3,576,947",,,,
대한특수가스,,,,,,,08/05,,입금 (가스매출),,,,0,,0,0,0,0,0,"25,462,261",,"-25,462,261",6월 거래분,,,
대한특수가스,,,,,,,08/06,,"CO2 (kg, Bulk)",,,,0,,"9,488",290,"2,751,520","275,152","3,026,672",0,,"3,026,672",,,,
대한특수가스,,,,,,,08/10,,"CO2 (kg, Bulk)",,,,0,,"6,955",290,"2,016,950","201,695","2,218,645",0,,"2,218,645",,,,
대한특수가스,,,,,,,08/12,,"Ar (kg, Bulk)",,,,0,,"7,006",490,"3,432,940","343,294","3,776,234",0,,"3,776,234",,,,
대한특수가스,,,,,,,08/13,,"CO2 (kg, Bulk)",,,,0,,"10,888",290,"3,157,520","315,752","3,473,272",0,,"3,473,272",,,,
,,,,,,거래처별 합계,,,,,,0,,,"45,550",,"14,610,700","1,461,070","16,071,770","25,462,261",,"51,253,015",,,,
대현엔지니어링,,,,,,,,,[이월미수액],,,,,,,,,,,,"3,223,440","3,223,440",,,,
대현엔지니어링,,,,,,,08/05,,"CO2 (공업용, 40kg)",,,,3,,3,"41,800","125,400","12,540","137,940",0,,"137,940",,,,
대현엔지니어링,,,,,,,08/10,,"CO2 (공업용, 40kg)",,,,3,,3,"41,800","125,400","12,540","137,940",0,,"137,940",,,,
대현엔지니어링,,,,,,,08/10,,"O2 (공업용, 40L)",,,,4,,4,"19,800","79,200","7,920","87,120",0,,"87,120",,,,
대현엔지니어링,,,,,,,08/14,,"CO2 (공업용, 40kg)",,,,4,,4,"41,800","167,200","16,720","183,920",0,,"183,920",,,,
대현엔지니어링,,,,,,,08/14,,"O2 (공업용, 40L)",,,,2,,2,"19,800","39,600","3,960","43,560",0,,"43,560",,,,
,,,,,,거래처별 합계,,,,,,16,,,16,,"536,800","53,680","590,480",0,,"3,813,920",,,,
대흥샤링,,,,,,,,,[이월미수액],,,,,,,,,,,,"4,287,910","4,287,910",,,,
대흥샤링,,,,,,,08/07,,"N2 (kg, Bulk)",,,,0,,"3,460",230,"795,800","79,580","875,380",0,,"875,380",,,,
대흥샤링,,,,,,,08/17,,"N2 (kg, Bulk)",,,,0,,"4,500",230,"1,035,000","103,500","1,138,500",0,,"1,138,500",,,,
,,,,,,거래처별 합계,,,,,,0,,,"7,960",,"1,830,800","183,080","2,013,880",0,,"6,301,790",,,,
대흥정공.,,,,,,,,,[이월미수액],,,,,,,,,,,,"15,114,660","15,114,660",,,,
대흥정공.,,,,,,,08/13,,"Ar (kg, Bulk)",,,,0,,"3,380",600,"2,028,000","202,800","2,230,800",0,,"2,230,800",,,,
,,,,,,거래처별 합계,,,,,,0,,,"3,380",,"2,028,000","202,800","2,230,800",0,,"17,345,460",,,,
덕양가스(당진),,,,,,,,,[이월미수액],,,,,,,,,,,,"24,377,760","24,377,760",,,,
덕양가스(당진),,,,,,,08/06,,"CO2 (kg, Bulk)",,,,0,,"17,000",240,"4,080,000","408,000","4,488,000",0,,"4,488,000",5196,,,
덕양가스(당진),,,,,,,08/10,,"CO2 (kg, Bulk)",,,,0,,"18,620",240,"4,468,800","446,880","4,915,680",0,,"4,915,680",5196,,,
덕양가스(당진),,,,,,,08/11,,"CO2 (kg, Bulk)",,,,0,,"18,910",240,"4,538,400","453,840","4,992,240",0,,"4,992,240",5196,,,
덕양가스(당진),,,,,,,08/12,,"CO2 (kg, Bulk)",,,,0,,"16,980",240,"4,075,200","407,520","4,482,720",0,,"4,482,720",5222,,,
덕양가스(당진),,,,,,,08/13,,"CO2 (kg, Bulk)",,,,0,,"17,070",240,"4,096,800","409,680","4,506,480",0,,"4,506,480",5222,,,
덕양가스(당진),,,,,,,08/14,,"CO2 (kg, Bulk)",,,,0,,"17,260",240,"4,142,400","414,240","4,556,640",0,,"4,556,640",5196,,,
,,,,,,거래처별 합계,,,,,,0,,,"105,840",,"25,401,600","2,540,160","27,941,760",0,,"52,319,520",,,,
동아기술(구.동아플랜트),,,,,,,,,[이월미수액],,,,,,,,,,,,"566,280","566,280",,,,
동아기술(구.동아플랜트),,,,,,,08/06,,Ar (일반),,,,5,,5,"26,400","132,000","13,200","145,200",0,,"145,200",,,,
,,,,,,거래처별 합계,,,,,,5,,,5,,"132,000","13,200","145,200",0,,"711,480",,,,
두산판금,,,,,,,,,[이월미수액],,,,,,,,,,,,"28,405,432","28,405,432",,,,
두산판금,,,,,,,08/04,,"N2 (liter, Bulk)",,,,0,,"1,943",220,"427,460","42,746","470,206",0,,"470,206","1,570kg",,,
두산판금,,,,,,,08/05,,Ar (일반),,,,19,,9,"17,600","158,400","15,840","174,240",0,,"174,240",,,,
두산판금,,,,,,,08/07,,Ar (일반),,,,21,,21,"17,600","369,600","36,960","406,560",0,,"406,560",,,,
두산판금,,,,,,,08/07,,"N2 (liter, Bulk)",,,,0,,"2,315",220,"509,300","50,930","560,230",0,,"560,230","1,870kg",,,
두산판금,,,,,,,08/10,,Ar (일반),,,,25,,13,"17,600","228,800","22,880","251,680",0,,"251,680",,,,
두산판금,,,,,,,08/10,,"O2 (LGC, 175L, 고압용)",,,,1,,1,"58,300","58,300","5,830","64,130",0,,"64,130",,,,
두산판금,,,,,,,08/11,,입금 (가스매출),,,,0,,0,0,0,0,0,"12,065,482",,"-12,065,482",6월 거래분,,,
두산판금,,,,,,,08/11,,"N2 (liter, Bulk)",,,,0,,"3,714",220,"817,080","81,708","898,788",0,,"898,788","3,000kg",,,
두산판금,,,,,,,08/12,,Ar (일반),,,,30,,25,"17,600","440,000","44,000","484,000",0,,"484,000",,,,
두산판금,,,,,,,08/12,,"O2 (LGC, 175L, 고압용)",,,,1,,1,"58,300","58,300","5,830","64,130",0,,"64,130",,,,
두산판금,,,,,,,08/14,,Ar (일반),,,,19,,43,"17,600","756,800","75,680","832,480",0,,"832,480",,,,
두산판금,,,,,,,08/14,,"N2 (liter, Bulk)",,,,0,,"5,274",220,"1,160,280","116,028","1,276,308",0,,"1,276,308","4,260kg",,,
두산판금,,,,,,,08/18,,"N2 (liter, Bulk)",,,,0,,"4,952",220,"1,089,440","108,944","1,198,384",0,,"1,198,384","4,000kg",,,
두산판금,,,,,,,08/19,,Ar (일반),,,,34,,20,"17,600","352,000","35,200","387,200",0,,"387,200",,,,
두산판금,,,,,,,08/19,,"CO2 (공업용, 20kg)",,,,5,,1,"22,700","22,700","2,270","24,970",0,,"24,970",,,,
,,,,,,거래처별 합계,,,,,,155,,,"18,332",,"6,448,460","644,846","7,093,306","12,065,482",,"23,433,256",,,,
두영에스티,,,,,,,,,[이월미수액],,,,,,,,,,,,"2,890,360","2,890,360",,,,
두영에스티,,,,,,,08/12,,"N2 (kg, Bulk)",,,,0,,"2,950",290,"855,500","85,550","941,050",0,,"941,050",,,,
,,,,,,거래처별 합계,,,,,,0,,,"2,950",,"855,500","85,550","941,050",0,,"3,831,410",,,,
드림레이저,,,,,,,,,[이월미수액],,,,,,,,,,,,"11,660,039","11,660,039",,,,
드림레이저,,,,,,,08/03,,"N2 (kg, Bulk)",,,,0,,"3,950",300,"1,185,000","118,500","1,303,500",0,,"1,303,500",,,,
드림레이저,,,,,,,08/05,,입금 (가스매출),,,,0,,0,0,0,0,0,"4,839,082",,"-4,839,082",6월 거래분,,,
드림레이저,,,,,,,08/05,,"He (UHP, 47L, 99.999%)",,,,1,,1,"400,000","400,000","40,000","440,000",0,,"440,000",,,,
드림레이저,,,,,,,08/05,,"O2 (LGC, 175L, 고압용)",,,,1,,2,"75,075","150,150","15,015","165,165",0,,"165,165",,,,
드림레이저,,,,,,,08/14,,"N2 (kg, Bulk)",,,,0,,"4,000",300,"1,200,000","120,000","1,320,000",0,,"1,320,000",,,,
,,,,,,거래처별 합계,,,,,,2,,,"7,953",,"2,935,150","293,515","3,228,665","4,839,082",,"10,049,622",,,,
드림맥,,,,,,,,,[이월미수액],,,,,,,,,,,,"16,502,915","16,502,915",,,,
드림맥,,,,,,,08/07,,Ar (일반),,,,5,,5,"24,000","120,000","12,000","132,000",0,,"132,000",,,,
드림맥,,,,,,,08/10,,Ar (일반),,,,3,,3,"24,000","72,000","7,200","79,200",0,,"79,200",,,,
드림맥,,,,,,,08/10,,"O2 (LGC, 175L) ",,,,1,,1,"73,500","73,500","7,350","80,850",0,,"80,850",,,,
드림맥,,,,,,,08/12,,Ar (일반),,,,5,,5,"24,000","120,000","12,000","132,000",0,,"132,000",,,,
드림맥,,,,,,,08/13,,"N2 (liter, Bulk)",,,,0,,"4,734",300,"1,420,200","142,020","1,562,220",0,,"1,562,220","3,824kg",,,
드림맥,,,,,,,08/14,,Ar (일반),,,,5,,5,"24,000","120,000","12,000","132,000",0,,"132,000",,,,
드림맥,,,,,,,08/14,,"O2 (LGC, 175L) ",,,,1,,1,"73,500","73,500","7,350","80,850",0,,"80,850",,,,
드림맥,,,,,,,08/19,,Ar (일반),,,,2,,6,"24,000","144,000","14,400","158,400",0,,"158,400",,,,
드림맥,,,,,,,08/19,,"Ar (일반, 10.2L)",,,,1,,0,"9,450",0,0,0,0,,0,,,,
드림맥,,,,,,,08/19,,"He (UHP, 47L, 99.999%)",,,,1,,1,"425,000","425,000","42,500","467,500",0,,"467,500",,,,
드림맥,,,,,,,08/19,,"O2 (LGC, 175L) ",,,,1,,1,"73,500","73,500","7,350","80,850",0,,"80,850",,,,
,,,,,,거래처별 합계,,,,,,25,,,"4,762",,"2,641,700","264,170","2,905,870",0,,"19,408,785",,,,
디아이이앤티,,,,,,,,,[이월미수액],,,,,,,,,,,,"1,706,100","1,706,100",,,,
,,,,,,거래처별 합계,,,,,,0,,,0,,0,0,0,0,,"1,706,100",,,,
디에스텍,,,,,,,,,[이월미수액],,,,,,,,,,,,"33,038,926","33,038,926",,,,
디에스텍,,,,,,,08/03,,Ar (일반),,,,30,,14,"13,200","184,800","18,480","203,280",0,,"203,280",,,,
디에스텍,,,,,,,08/03,,Mix (H2 3% + Ar Bal),,,,1,,0,"18,100",0,0,0,0,,0,,,,
디에스텍,,,,,,,08/03,,"N2 (공업용, 40L)",,,,4,,0,"5,200",0,0,0,0,,0,,,,
디에스텍,,,,,,,08/03,,"O2 (공업용, 40L)",,,,32,,0,"5,200",0,0,0,0,,0,,,,
디에스텍,,,,,,,08/03,,"O2 (LGC, 175L) ",,,,15,,15,"41,150","617,250","61,725","678,975",0,,"678,975",,,,
디에스텍,,,,,,,08/04,,Ar (일반),,,,1,,30,"13,200","396,000","39,600","435,600",0,,"435,600",,,,
디에스텍,,,,,,,08/04,,"CO2 (kg, Bulk)",,,,0,,"6,050",315,"1,905,750","190,575","2,096,325",0,,"2,096,325",한양정밀,,,
디에스텍,,,,,,,08/04,,"N2 (공업용, 40L)",,,,5,,16,"5,200","83,200","8,320","91,520",0,,"91,520",,,,
디에스텍,,,,,,,08/04,,"O2 (공업용, 40L)",,,,0,,32,"5,200","166,400","16,640","183,040",0,,"183,040",,,,
디에스텍,,,,,,,08/04,,"O2 (LGC, 175L) ",,,,7,,2,"41,150","82,300","8,230","90,530",0,,"90,530",,,,
디에스텍,,,,,,,08/05,,Ar (일반),,,,5,,1,"13,200","13,200","1,320","14,520",0,,"14,520",,,,
디에스텍,,,,,,,08/05,,"O2 (공업용, 40L)",,,,6,,0,"5,200",0,0,0,0,,0,,,,
디에스텍,,,,,,,08/05,,"O2 (LGC, 175L) ",,,,7,,6,"41,150","246,900","24,690","271,590",0,,"271,590",,,,
디에스텍,,,,,,,08/06,,Ar (일반),,,,16,,0,"13,200",0,0,0,0,,0,,,,
디에스텍,,,,,,,08/06,,"Mix (UHP, CO 4% + CO2 8% + He 28% + N2 Bal)",,,,0,,1,"392,700","392,700","39,270","431,970",0,,"431,970",,,,
디에스텍,,,,,,,08/06,,"N2 (공업용, 40L)",,,,4,,0,"5,200",0,0,0,0,,0,,,,
디에스텍,,,,,,,08/06,,"N2 (kg, Bulk)",,,,0,,"3,720",239,"889,080","88,908","977,988",0,,"977,988",메가로봇,,,
디에스텍,,,,,,,08/06,,"N2 (kg, Bulk)",,,,0,,"3,560",239,"850,840","85,084","935,924",0,,"935,924",HK,,,
디에스텍,,,,,,,08/06,,"O2 (공업용, 40L)",,,,13,,6,"5,200","31,200","3,120","34,320",0,,"34,320",,,,
디에스텍,,,,,,,08/06,,"O2 (LGC, 175L) ",,,,9,,6,"41,150","246,900","24,690","271,590",0,,"271,590",,,,
디에스텍,,,,,,,08/07,,Ar (일반),,,,12,,21,"13,200","277,200","27,720","304,920",0,,"304,920",,,,
디에스텍,,,,,,,08/07,,"CO2 (kg, Bulk)",,,,0,,"3,770",315,"1,187,550","118,755","1,306,305",0,,"1,306,305",송산기업,,,
디에스텍,,,,,,,08/07,,"N2 (공업용, 40L)",,,,2,,0,"5,200",0,0,0,0,,0,,,,
디에스텍,,,,,,,08/07,,"O2 (공업용, 40L)",,,,1,,13,"5,200","67,600","6,760","74,360",0,,"74,360",,,,
디에스텍,,,,,,,08/07,,"O2 (LGC, 175L) ",,,,2,,11,"41,150","452,650","45,265","497,915",0,,"497,915",,,,
디에스텍,,,,,,,08/10,,Ar (일반),,,,10,,12,"13,200","158,400","15,840","174,240",0,,"174,240",,,,
디에스텍,,,,,,,08/10,,Mix (CO2 20% + Ar Bal),,,,0,,9,"13,200","118,800","11,880","130,680",0,,"130,680",,,,
디에스텍,,,,,,,08/10,,"N2 (공업용, 40L)",,,,1,,11,"5,200","57,200","5,720","62,920",0,,"62,920",,,,
디에스텍,,,,,,,08/10,,"N2 (kg, Bulk)",,,,0,,"4,500",239,"1,075,500","107,550","1,183,050",0,,"1,183,050",BK테크,,,
디에스텍,,,,,,,08/10,,"O2 (공업용, 40L)",,,,17,,0,"5,200",0,0,0,0,,0,,,,
디에스텍,,,,,,,08/10,,"O2 (LGC, 175L) ",,,,18,,13,"41,150","534,950","53,495","588,445",0,,"588,445",,,,
디에스텍,,,,,,,08/11,,Ar (일반),,,,11,,10,"13,200","132,000","13,200","145,200",0,,"145,200",,,,
디에스텍,,,,,,,08/11,,"O2 (공업용, 40L)",,,,9,,18,"5,200","93,600","9,360","102,960",0,,"102,960",,,,
디에스텍,,,,,,,08/11,,"O2 (LGC, 175L) ",,,,13,,6,"41,150","246,900","24,690","271,590",0,,"271,590",,,,
디에스텍,,,,,,,08/11,,"O2 (LGC, 175L) ",,,,0,,1,0,0,0,0,0,,0,미검공병출고,,,
디에스텍,,,,,,,08/12,,Ar (일반),,,,36,,11,"13,200","145,200","14,520","159,720",0,,"159,720",,,,
디에스텍,,,,,,,08/12,,"CO2 (kg, Bulk)",,,,0,,"3,959",315,"1,247,085","124,709","1,371,794",0,,"1,371,794",델리치푸드,,,
디에스텍,,,,,,,08/12,,Mix (CO2 20% + Ar Bal),,,,6,,0,"13,200",0,0,0,0,,0,,,,
디에스텍,,,,,,,08/12,,Mix (H2 3% + Ar Bal),,,,11,,0,"18,100",0,0,0,0,,0,,,,
디에스텍,,,,,,,08/12,,"N2 (kg, Bulk)",,,,0,,"3,627",239,"866,853","86,685","953,538",0,,"953,538",부성산업,,,
디에스텍,,,,,,,08/12,,"O2 (공업용, 40L)",,,,24,,9,"5,200","46,800","4,680","51,480",0,,"51,480",,,,
디에스텍,,,,,,,08/12,,"O2 (LGC, 175L) ",,,,2,,11,"41,150","452,650","45,265","497,915",0,,"497,915",,,,
디에스텍,,,,,,,08/13,,Ar (일반),,,,14,,36,"13,200","475,200","47,520","522,720",0,,"522,720",,,,
디에스텍,,,,,,,08/13,,Mix (H2 3% + Ar Bal),,,,0,,12,"18,100","217,200","21,720","238,920",0,,"238,920",,,,
디에스텍,,,,,,,08/13,,"N2 (공업용, 40L)",,,,11,,1,"5,200","5,200",520,"5,720",0,,"5,720",,,,
디에스텍,,,,,,,08/13,,"O2 (공업용, 40L)",,,,7,,24,"5,200","124,800","12,480","137,280",0,,"137,280",,,,
디에스텍,,,,,,,08/13,,"O2 (LGC, 175L) ",,,,9,,2,"41,150","82,300","8,230","90,530",0,,"90,530",,,,
디에스텍,,,,,,,08/14,,Ar (일반),,,,14,,14,"13,200","184,800","18,480","203,280",0,,"203,280",,,,
디에스텍,,,,,,,08/14,,"CO2 (kg, Bulk)",,,,0,,"7,477",315,"2,355,255","235,526","2,590,781",0,,"2,590,781",,,,
디에스텍,,,,,,,08/14,,Mix (CO2 20% + Ar Bal),,,,8,,6,"13,200","79,200","7,920","87,120",0,,"87,120",,,,
디에스텍,,,,,,,08/14,,"N2 (공업용, 40L)",,,,8,,0,"5,200",0,0,0,0,,0,,,,
디에스텍,,,,,,,08/14,,"O2 (LGC, 175L) ",,,,3,,12,"41,150","493,800","49,380","543,180",0,,"543,180",,,,
디에스텍,,,,,,,08/18,,Ar (일반),,,,10,,14,"13,200","184,800","18,480","203,280",0,,"203,280",,,,
디에스텍,,,,,,,08/18,,Mix (CO2 20% + Ar Bal),,,,0,,1,0,0,0,0,0,,0,미검공병출고,,,
디에스텍,,,,,,,08/18,,"N2 (공업용, 40L)",,,,9,,15,"5,200","78,000","7,800","85,800",0,,"85,800",,,,
디에스텍,,,,,,,08/18,,"O2 (공업용, 40L)",,,,10,,7,"5,200","36,400","3,640","40,040",0,,"40,040",,,,
디에스텍,,,,,,,08/18,,"O2 (LGC, 175L) ",,,,15,,12,"41,150","493,800","49,380","543,180",0,,"543,180",,,,
디에스텍,,,,,,,08/19,,Ar (일반),,,,17,,10,"13,200","132,000","13,200","145,200",0,,"145,200",,,,
디에스텍,,,,,,,08/19,,Mix (CO2 20% + Ar Bal),,,,0,,7,"13,200","92,400","9,240","101,640",0,,"101,640",,,,
디에스텍,,,,,,,08/19,,"N2 (공업용, 40L)",,,,7,,13,"5,200","67,600","6,760","74,360",0,,"74,360",,,,
디에스텍,,,,,,,08/19,,"O2 (공업용, 40L)",,,,12,,10,"5,200","52,000","5,200","57,200",0,,"57,200",,,,
디에스텍,,,,,,,08/19,,"O2 (LGC, 175L) ",,,,15,,6,"41,150","246,900","24,690","271,590",0,,"271,590",,,,
,,,,,,거래처별 합계,,,,,,499,,,"37,150",,"18,669,113","1,866,911","20,536,024",0,,"53,574,950",,,,
디자인비무(구.이랜드서비스),,,,,,,,,[이월미수액],,,,,,,,,,,,"415,800","415,800",,,,
디자인비무(구.이랜드서비스),,,,,,,08/07,,Ar (일반),,,,5,,5,"31,500","157,500","15,750","173,250",0,,"173,250",,,,
,,,,,,거래처별 합계,,,,,,5,,,5,,"157,500","15,750","173,250",0,,"589,050",,,,
디케이가스,,,,,,,,,[이월미수액],,,,,,,,,,,,"902,660","902,660",,,,
디케이가스,,,,,,,08/03,,입금 (가스매출),,,,0,,0,0,0,0,0,"902,660",,"-902,660",7월 거래분,,,
,,,,,,거래처별 합계,,,,,,0,,,0,,0,0,0,"902,660",,0,,,,
라쿨 주식회사(구.신정우),,,,,,,,,[이월미수액],,,,,,,,,,,,"35,026,156","35,026,156",,,,
라쿨 주식회사(구.신정우),,,,,,,08/07,,C2H2 (3kg),,,,2,,2,"69,000","138,000","13,800","151,800",0,,"151,800",,,,
라쿨 주식회사(구.신정우),,,,,,,08/07,,"CO2 (공업용, 40kg)",,,,10,,10,"25,300","253,000","25,300","278,300",0,,"278,300",,,,
라쿨 주식회사(구.신정우),,,,,,,08/07,,"LPG (kg, Bulk)",,,,0,,"2,440","1,439","3,512,136","351,214","3,863,350",0,,"3,863,350",,,,
라쿨 주식회사(구.신정우),,,,,,,08/07,,Mix (CO2 20% + Ar Bal),,,,7,,7,"19,900","139,300","13,930","153,230",0,,"153,230",,,,
라쿨 주식회사(구.신정우),,,,,,,08/10,,"Ar (kg, Bulk)",,,,0,,"2,167",615,"1,332,705","133,271","1,465,976",0,,"1,465,976",,,,
라쿨 주식회사(구.신정우),,,,,,,08/11,,C2H2 (3kg),,,,1,,1,"69,000","69,000","6,900","75,900",0,,"75,900",,,,
라쿨 주식회사(구.신정우),,,,,,,08/11,,Mix (CO2 20% + Ar Bal),,,,8,,8,"19,900","159,200","15,920","175,120",0,,"175,120",,,,
라쿨 주식회사(구.신정우),,,,,,,08/11,,"O2 (공업용, 40L)",,,,1,,1,"9,900","9,900",990,"10,890",0,,"10,890",,,,
라쿨 주식회사(구.신정우),,,,,,,08/13,,"CO2 (공업용, 40kg)",,,,5,,5,"25,300","126,500","12,650","139,150",0,,"139,150",,,,
라쿨 주식회사(구.신정우),,,,,,,08/13,,Mix (CO2 20% + Ar Bal),,,,9,,9,"19,900","179,100","17,910","197,010",0,,"197,010",,,,
라쿨 주식회사(구.신정우),,,,,,,08/18,,Ar (일반),,,,2,,2,"21,800","43,600","4,360","47,960",0,,"47,960",,,,
라쿨 주식회사(구.신정우),,,,,,,08/18,,"CO2 (공업용, 40kg)",,,,5,,5,"25,300","126,500","12,650","139,150",0,,"139,150",,,,
라쿨 주식회사(구.신정우),,,,,,,08/18,,Mix (CO2 20% + Ar Bal),,,,11,,10,"19,900","199,000","19,900","218,900",0,,"218,900",,,,
라쿨 주식회사(구.신정우),,,,,,,08/18,,"O2 (공업용, 40L)",,,,1,,1,"9,900","9,900",990,"10,890",0,,"10,890",,,,
,,,,,,거래처별 합계,,,,,,62,,,"4,668",,"6,297,841","629,784","6,927,625",0,,"41,953,781",,,,
마스터엔지니어링,,,,,,,,,[이월미수액],,,,,,,,,,,,"1,556,170","1,556,170",,,,
마스터엔지니어링,,,,,,,08/03,,Ar (일반),,,,1,,4,"18,100","72,400","7,240","79,640",0,,"79,640",,,,
마스터엔지니어링,,,,,,,08/03,,"CO2 (공업용, 20kg)",,,,2,,2,"13,700","27,400","2,740","30,140",0,,"30,140",,,,
마스터엔지니어링,,,,,,,08/03,,"N2 (LGC, 175L, 고압용)",,,,1,,2,"66,500","133,000","13,300","146,300",0,,"146,300",,,,
마스터엔지니어링,,,,,,,08/07,,Ar (일반),,,,2,,2,"18,100","36,200","3,620","39,820",0,,"39,820",,,,
마스터엔지니어링,,,,,,,08/07,,"CO2 (공업용, 20kg)",,,,1,,1,"13,700","13,700","1,370","15,070",0,,"15,070",,,,
마스터엔지니어링,,,,,,,08/07,,"O2 (공업용, 40L)",,,,1,,1,"9,200","9,200",920,"10,120",0,,"10,120",,,,
마스터엔지니어링,,,,,,,08/12,,Ar (일반),,,,4,,1,"18,100","18,100","1,810","19,910",0,,"19,910",,,,
마스터엔지니어링,,,,,,,08/12,,"O2 (공업용, 40L)",,,,1,,1,"9,200","9,200",920,"10,120",0,,"10,120",,,,
마스터엔지니어링,,,,,,,08/14,,Ar (일반),,,,4,,4,"18,100","72,400","7,240","79,640",0,,"79,640",,,,
마스터엔지니어링,,,,,,,08/19,,Ar (일반),,,,4,,4,"18,100","72,400","7,240","79,640",0,,"79,640",,,,
마스터엔지니어링,,,,,,,08/19,,"N2 (LGC, 175L, 고압용)",,,,2,,2,"66,500","133,000","13,300","146,300",0,,"146,300",,,,
마스터엔지니어링,,,,,,,08/19,,"O2 (공업용, 40L)",,,,1,,1,"9,200","9,200",920,"10,120",0,,"10,120",,,,
,,,,,,거래처별 합계,,,,,,24,,,25,,"606,200","60,620","666,820",0,,"2,222,990",,,,
명성코리아테크놀러지,,,,,,,,,[이월미수액],,,,,,,,,,,,"6,208,763","6,208,763",,,,
명성코리아테크놀러지,,,,,,,08/01,,장비 임대,,,,0,,1,"300,000","300,000","30,000","330,000",0,,"330,000",,,,
명성코리아테크놀러지,,,,,,,08/11,,"N2 (kg, Bulk)",,,,0,,"3,500",361,"1,263,500","126,350","1,389,850",0,,"1,389,850",,,,
,,,,,,거래처별 합계,,,,,,0,,,"3,501",,"1,563,500","156,350","1,719,850",0,,"7,928,613",,,,
명인ENG,,,,,,,,,[이월미수액],,,,,,,,,,,,"118,580","118,580",,,,
명인ENG,,,,,,,08/14,,LPG (20kg),,,,1,,1,"60,000","60,000","6,000","66,000",0,,"66,000",,,,
명인ENG,,,,,,,08/14,,"O2 (공업용, 40L)",,,,2,,2,"11,000","22,000","2,200","24,200",0,,"24,200",,,,
,,,,,,거래처별 합계,,,,,,3,,,3,,"82,000","8,200","90,200",0,,"208,780",,,,
모베이스전자,,,,,,,,,[이월미수액],,,,,,,,,,,,"5,123,536","5,123,536",,,,
모베이스전자,,,,,,,08/18,,"N2 (liter, Bulk)",,,,0,,"6,651",215,"1,429,965","142,997","1,572,962",0,,"1,572,962","5,373kg",,,
,,,,,,거래처별 합계,,,,,,0,,,"6,651",,"1,429,965","142,997","1,572,962",0,,"6,696,498",,,,
모소디엔엠(구.한성포장),,,,,,,,,[이월미수액],,,,,,,,,,,,"24,007,984","24,007,984",,,,
모소디엔엠(구.한성포장),,,,,,,08/08,,"CO2 (kg, Bulk)",,,,0,,"20,310",260,"5,280,600","528,060","5,808,660",0,,"5,808,660",1979,,,
,,,,,,거래처별 합계,,,,,,0,,,"20,310",,"5,280,600","528,060","5,808,660",0,,"29,816,644",,,,
무한상사,,,,,,,,,[이월미수액],,,,,,,,,,,,"183,320,599","183,320,599",,,,
무한상사,,,,,,,08/01,,"CO2 (kg, Bulk)",,,,0,,"21,209",250,"5,302,250","530,225","5,832,475",0,,"5,832,475",,,,
무한상사,,,,,,,08/02,,"CO2 (kg, Bulk)",,,,0,,"21,683",250,"5,420,750","542,075","5,962,825",0,,"5,962,825",,,,
무한상사,,,,,,,08/02,,"CO2 (kg, Bulk)",,,,0,,"19,869",250,"4,967,250","496,725","5,463,975",0,,"5,463,975",,,,
무한상사,,,,,,,08/05,,"CO2 (kg, Bulk)",,,,0,,"21,255",250,"5,313,750","531,375","5,845,125",0,,"5,845,125",,,,
무한상사,,,,,,,08/05,,"CO2 (kg, Bulk)",,,,0,,"21,730",250,"5,432,500","543,250","5,975,750",0,,"5,975,750",,,,
무한상사,,,,,,,08/06,,"CO2 (kg, Bulk)",,,,0,,"21,680",250,"5,420,000","542,000","5,962,000",0,,"5,962,000",,,,
무한상사,,,,,,,08/08,,"CO2 (kg, Bulk)",,,,0,,"21,020",250,"5,255,000","525,500","5,780,500",0,,"5,780,500",,,,
무한상사,,,,,,,08/09,,"CO2 (kg, Bulk)",,,,0,,"21,264",250,"5,316,000","531,600","5,847,600",0,,"5,847,600",,,,
무한상사,,,,,,,08/09,,"CO2 (kg, Bulk)",,,,0,,"20,946",250,"5,236,500","523,650","5,760,150",0,,"5,760,150",,,,
무한상사,,,,,,,08/10,,입금 (가스매출),,,,0,,0,0,0,0,0,"71,256,174",,"-71,256,174",6월 거래분,,,
무한상사,,,,,,,08/11,,"CO2 (kg, Bulk)",,,,0,,"19,826",250,"4,956,500","495,650","5,452,150",0,,"5,452,150",,,,
무한상사,,,,,,,08/12,,"CO2 (kg, Bulk)",,,,0,,"21,546",250,"5,386,500","538,650","5,925,150",0,,"5,925,150",,,,
무한상사,,,,,,,08/16,,"CO2 (kg, Bulk)",,,,0,,"21,721",250,"5,430,250","543,025","5,973,275",0,,"5,973,275",,,,
,,,,,,거래처별 합계,,,,,,0,,,"253,749",,"63,437,250","6,343,725","69,780,975","71,256,174",,"181,845,400",,,,
보성엔지니어링(구.신세계),,,,,,,,,[이월미수액],,,,,,,,,,,,"6,196,023","6,196,023",,,,
보성엔지니어링(구.신세계),,,,,,,08/01,,입금 (가스매출),,,,0,,0,0,0,0,0,"2,196,023",,"-2,196,023",제이피에스테크 입금,,,
,,,,,,거래처별 합계,,,,,,0,,,0,,0,0,0,"2,196,023",,"4,000,000",,,,
부경가스텍,,,,,,,,,[이월미수액],,,,,,,,,,,,"9,429,251","9,429,251",,,,
부경가스텍,,,,,,,08/03,,"N2 (kg, Bulk)",,,,0,,"7,385",188,"1,388,380","138,838","1,527,218",0,,"1,527,218",부경열처리,,,
부경가스텍,,,,,,,08/10,,입금 (가스매출),,,,0,,0,0,0,0,0,"4,730,343",,"-4,730,343",6월 거래분,,,
부경가스텍,,,,,,,08/12,,"N2 (kg, Bulk)",,,,0,,"8,224",188,"1,546,112","154,611","1,700,723",0,,"1,700,723",부경열처리,,,
,,,,,,거래처별 합계,,,,,,0,,,"15,609",,"2,934,492","293,449","3,227,941","4,730,343",,"7,926,849",,,,
부림가스,,,,,,,,,[이월미수액],,,,,,,,,,,,"3,223,000","3,223,000",,,,
부림가스,,,,,,,08/04,,"Ar (UHP, 47L, 99.999%)",,,,10,,10,"24,600","246,000","24,600","270,600",0,,"270,600",,,,
부림가스,,,,,,,08/10,,"Ar (UHP, 47L, 99.999%)",,,,11,,10,"24,600","246,000","24,600","270,600",0,,"270,600",,,,
부림가스,,,,,,,08/10,,"He (UHP, 47L, 99.999%)",,,,1,,0,"320,000",0,0,0,0,,0,,,,
부림가스,,,,,,,08/12,,입금 (가스매출),,,,0,,0,0,0,0,0,"561,110",,"-561,110",,,,
부림가스,,,,,,,08/12,,입금 (용기검사),,,,0,,0,0,0,0,0,"341,110",,"-341,110",,,,
부림가스,,,,,,,08/12,,입금 (용기검사),,,,0,,0,0,0,0,0,"377,520",,"-377,520",,,,
부림가스,,,,,,,08/19,,Air (UHP),,,,4,,2,"36,750","73,500","7,350","80,850",0,,"80,850",,,,
부림가스,,,,,,,08/19,,"Ar (UHP, 47L, 99.999%)",,,,10,,10,"24,600","246,000","24,600","270,600",0,,"270,600",,,,
부림가스,,,,,,,08/19,,"N2 (UHP, 99.999%)",,,,3,,7,"22,600","158,200","15,820","174,020",0,,"174,020",,,,
,,,,,,거래처별 합계,,,,,,39,,,39,,"969,700","96,970","1,066,670","1,279,740",,"3,009,930",,,,
부성스틸,,,,,,,,,[이월미수액],,,,,,,,,,,,"2,796,536","2,796,536",,,,
,,,,,,거래처별 합계,,,,,,0,,,0,,0,0,0,0,,"2,796,536",,,,
비엘티(구.에스앤케이),,,,,,,,,[이월미수액],,,,,,,,,,,,"4,157,703","4,157,703",,,,
비엘티(구.에스앤케이),,,,,,,08/03,,입금 (가스매출),,,,0,,0,0,0,0,0,"4,157,703",,"-4,157,703",7월 거래분,,,
비엘티(구.에스앤케이),,,,,,,08/06,,"N2 (kg, Bulk)",,,,0,,"2,350",170,"399,500","39,950","439,450",0,,"439,450",,,,
비엘티(구.에스앤케이),,,,,,,08/07,,"CO2 (공업용, 40kg)",,,,5,,5,"22,000","110,000","11,000","121,000",0,,"121,000",,,,
비엘티(구.에스앤케이),,,,,,,08/07,,"O2 (LGC, 175L) ",,,,1,,1,"40,000","40,000","4,000","44,000",0,,"44,000",,,,
비엘티(구.에스앤케이),,,,,,,08/10,,"Ar (LGC, 175L)",,,,2,,2,"100,000","200,000","20,000","220,000",0,,"220,000",,,,
비엘티(구.에스앤케이),,,,,,,08/14,,"N2 (kg, Bulk)",,,,0,,"3,000",170,"510,000","51,000","561,000",0,,"561,000",,,,
비엘티(구.에스앤케이),,,,,,,08/19,,"Ar (LGC, 175L)",,,,1,,1,"100,000","100,000","10,000","110,000",0,,"110,000",,,,
비엘티(구.에스앤케이),,,,,,,08/19,,"O2 (LGC, 175L) ",,,,1,,1,"40,000","40,000","4,000","44,000",0,,"44,000",,,,
,,,,,,거래처별 합계,,,,,,10,,,"5,360",,"1,399,500","139,950","1,539,450","4,157,703",,"1,539,450",,,,
삼보동양,,,,,,,,,[이월미수액],,,,,,,,,,,,"4,930,310","4,930,310",,,,
삼보동양,,,,,,,08/05,,Ar (일반),,,,6,,6,"14,900","89,400","8,940","98,340",0,,"98,340",,,,
삼보동양,,,,,,,08/05,,"CO2 (공업용, 40kg)",,,,6,,6,"24,000","144,000","14,400","158,400",0,,"158,400",,,,
삼보동양,,,,,,,08/07,,Ar (일반),,,,2,,2,"14,900","29,800","2,980","32,780",0,,"32,780",,,,
삼보동양,,,,,,,08/07,,"CO2 (공업용, 20kg)",,,,3,,3,"12,000","36,000","3,600","39,600",0,,"39,600",,,,
삼보동양,,,,,,,08/07,,"CO2 (공업용, 40kg)",,,,6,,6,"24,000","144,000","14,400","158,400",0,,"158,400",,,,
삼보동양,,,,,,,08/12,,Ar (일반),,,,5,,5,"14,900","74,500","7,450","81,950",0,,"81,950",,,,
삼보동양,,,,,,,08/12,,"CO2 (공업용, 20kg)",,,,6,,6,"12,000","72,000","7,200","79,200",0,,"79,200",,,,
삼보동양,,,,,,,08/12,,"CO2 (공업용, 40kg)",,,,4,,4,"24,000","96,000","9,600","105,600",0,,"105,600",,,,
삼보동양,,,,,,,08/19,,Ar (일반),,,,2,,2,"14,900","29,800","2,980","32,780",0,,"32,780",,,,
삼보동양,,,,,,,08/19,,"CO2 (공업용, 20kg)",,,,5,,5,"12,000","60,000","6,000","66,000",0,,"66,000",,,,
삼보동양,,,,,,,08/19,,"CO2 (공업용, 40kg)",,,,8,,8,"24,000","192,000","19,200","211,200",0,,"211,200",,,,
,,,,,,거래처별 합계,,,,,,53,,,53,,"967,500","96,750","1,064,250",0,,"5,994,560",,,,
삼성가스,,,,,,,,,[이월미수액],,,,,,,,,,,,"11,409,127","11,409,127",,,,
삼성가스,,,,,,,08/10,,입금 (가스매출),,,,0,,0,0,0,0,0,"11,409,127",,"-11,409,127",7월 거래분,,,
삼성가스,,,,,,,08/12,,"CO2 (kg, Bulk)",,,,0,,"9,762",280,"2,733,360","273,336","3,006,696",0,,"3,006,696",,,,
삼성가스,,,,,,,08/12,,"O2 (kg, Bulk)",,,,0,,"8,100",165,"1,336,500","133,650","1,470,150",0,,"1,470,150",,,,
,,,,,,거래처별 합계,,,,,,0,,,"17,862",,"4,069,860","406,986","4,476,846","11,409,127",,"4,476,846",,,,
삼정가스공업,,,,,,,,,[이월미수액],,,,,,,,,,,,"19,246,920","19,246,920",,,,
삼정가스공업,,,,,,,08/06,,"CO2 (kg, Bulk)",,,,0,,"20,690",280,"5,793,200","579,320","6,372,520",0,,"6,372,520",공주,,,
삼정가스공업,,,,,,,08/12,,"CO2 (kg, Bulk)",,,,0,,"21,290",280,"5,961,200","596,120","6,557,320",0,,"6,557,320",,,,
,,,,,,거래처별 합계,,,,,,0,,,"41,980",,"11,754,400","1,175,440","12,929,840",0,,"32,176,760",,,,
서원플랜트(태성이엔지),,,,,,,,,[이월미수액],,,,,,,,,,,,"2,319,310","2,319,310",,,,
,,,,,,거래처별 합계,,,,,,0,,,0,,0,0,0,0,,"2,319,310",,,,
세광산업1공장,,,,,,,,,[이월미수액],,,,,,,,,,,,"1,133,000","1,133,000",,,,
세광산업1공장,,,,,,,08/05,,Ar (일반),,,,4,,4,"29,000","116,000","11,600","127,600",0,,"127,600",,,,
세광산업1공장,,,,,,,08/10,,Ar (일반),,,,6,,6,"29,000","174,000","17,400","191,400",0,,"191,400",,,,
세광산업1공장,,,,,,,08/12,,Ar (일반),,,,6,,6,"29,000","174,000","17,400","191,400",0,,"191,400",,,,
세광산업1공장,,,,,,,08/12,,"CO2 (공업용, 40kg)",,,,1,,1,"35,000","35,000","3,500","38,500",0,,"38,500",,,,
세광산업1공장,,,,,,,08/14,,Ar (일반),,,,5,,0,"29,000",0,0,0,0,,0,,,,
세광산업1공장,,,,,,,08/14,,"O2 (공업용, 40L)",,,,1,,0,"17,000",0,0,0,0,,0,,,,
,,,,,,거래처별 합계,,,,,,23,,,17,,"499,000","49,900","548,900",0,,"1,681,900",,,,
세종산업가스,,,,,,,,,[이월미수액],,,,,,,,,,,,"34,336,235","34,336,235",,,,
세종산업가스,,,,,,,08/03,,"N2 (kg, Bulk)",,,,0,,"4,600",202,"929,200","92,920","1,022,120",0,,"1,022,120",SPC,,,
세종산업가스,,,,,,,08/04,,"N2 (kg, Bulk)",,,,0,,"3,370",202,"680,740","68,074","748,814",0,,"748,814",SPC,,,
세종산업가스,,,,,,,08/05,,"CO2 (kg, Bulk)",,,,0,,"5,313",320,"1,700,160","170,016","1,870,176",0,,"1,870,176",상일테크,,,
세종산업가스,,,,,,,08/05,,"CO2 (kg, Bulk)",,,,0,,"3,120",320,"998,400","99,840","1,098,240",0,,"1,098,240",경원정밀,,,
세종산업가스,,,,,,,08/05,,"CO2 (kg, Bulk)",,,,0,,"7,131",280,"1,996,680","199,668","2,196,348",0,,"2,196,348",세종가스켐,,,
세종산업가스,,,,,,,08/05,,"N2 (kg, Bulk)",,,,0,,"1,400",202,"282,800","28,280","311,080",0,,"311,080",SPC,,,
세종산업가스,,,,,,,08/10,,"N2 (kg, Bulk)",,,,0,,"3,700",202,"747,400","74,740","822,140",0,,"822,140",SPC,,,
세종산업가스,,,,,,,08/11,,"N2 (kg, Bulk)",,,,0,,"6,638",202,"1,340,876","134,088","1,474,964",0,,"1,474,964",SPC,,,
세종산업가스,,,,,,,08/12,,입금 (가스매출),,,,0,,0,0,0,0,0,"34,336,236",,"-34,336,236",7월 거래분,,,
세종산업가스,,,,,,,08/13,,"N2 (kg, Bulk)",,,,0,,"8,013",202,"1,618,626","161,863","1,780,489",0,,"1,780,489",SPC,,,
세종산업가스,,,,,,,08/19,,"N2 (kg, Bulk)",,,,0,,"3,020",202,"610,040","61,004","671,044",0,,"671,044",SPC,,,
,,,,,,거래처별 합계,,,,,,0,,,"46,305",,"10,904,922","1,090,492","11,995,414","34,336,236",,"11,995,414",,,,
세진가스A,,,,,,,,,[이월미수액],,,,,,,,,,,,"5,922,400","5,922,400",,,,
,,,,,,거래처별 합계,,,,,,0,,,0,,0,0,0,0,,"5,922,400",,,,
세진가스텍(매크로드)구.태경,,,,,,,,,[이월미수액],,,,,,,,,,,,"143,000","143,000",,,,
,,,,,,거래처별 합계,,,,,,0,,,0,,0,0,0,0,,"143,000",,,,
세진가스텍(명성중공업),,,,,,,,,[이월미수액],,,,,,,,,,,,"2,246,772","2,246,772",,,,
세진가스텍(명성중공업),,,,,,,08/06,,"CO2 (공업용, 40kg)",,,,3,,3,"16,800","50,400","5,040","55,440",0,,"55,440",,,,
세진가스텍(명성중공업),,,,,,,08/06,,"O2 (LGC, 175L, 고압용)",,,,2,,2,"58,500","117,000","11,700","128,700",0,,"128,700",,,,
세진가스텍(명성중공업),,,,,,,08/18,,"O2 (LGC, 175L, 고압용)",,,,2,,2,"58,500","117,000","11,700","128,700",0,,"128,700",,,,
,,,,,,거래처별 합계,,,,,,7,,,7,,"284,400","28,440","312,840",0,,"2,559,612",,,,
세진가스텍(성호에스엔비),,,,,,,,,[이월미수액],,,,,,,,,,,,"-20,787","-20,787",,,,
,,,,,,거래처별 합계,,,,,,0,,,0,,0,0,0,0,,"-20,787",,,,
세진가스텍(세양H&S),,,,,,,,,[이월미수액],,,,,,,,,,,,"2,529,560","2,529,560",,,,
세진가스텍(세양H&S),,,,,,,08/07,,Ar (일반),,,,3,,3,"19,200","57,600","5,760","63,360",0,,"63,360",,,,
세진가스텍(세양H&S),,,,,,,08/07,,"CO2 (공업용, 20kg)",,,,2,,2,"8,900","17,800","1,780","19,580",0,,"19,580",,,,
세진가스텍(세양H&S),,,,,,,08/07,,"O2 (LGC, 175L) ",,,,0,,1,"58,500","58,500","5,850","64,350",0,,"64,350",,,,
세진가스텍(세양H&S),,,,,,,08/07,,"O2 (LGC, 175L, 고압용)",,,,1,,0,"58,500",0,0,0,0,,0,,,,
세진가스텍(세양H&S),,,,,,,08/10,,Ar (일반),,,,3,,3,"19,200","57,600","5,760","63,360",0,,"63,360",,,,
세진가스텍(세양H&S),,,,,,,08/10,,"O2 (LGC, 175L, 고압용)",,,,1,,1,"58,500","58,500","5,850","64,350",0,,"64,350",,,,
세진가스텍(세양H&S),,,,,,,08/12,,Ar (일반),,,,4,,4,"19,200","76,800","7,680","84,480",0,,"84,480",,,,
세진가스텍(세양H&S),,,,,,,08/14,,Ar (일반),,,,4,,7,"19,200","134,400","13,440","147,840",0,,"147,840",,,,
세진가스텍(세양H&S),,,,,,,08/14,,"CO2 (공업용, 20kg)",,,,1,,1,"8,900","8,900",890,"9,790",0,,"9,790",,,,
세진가스텍(세양H&S),,,,,,,08/19,,Ar (일반),,,,8,,5,"19,200","96,000","9,600","105,600",0,,"105,600",,,,
세진가스텍(세양H&S),,,,,,,08/19,,"CO2 (공업용, 20kg)",,,,2,,2,"8,900","17,800","1,780","19,580",0,,"19,580",,,,
세진가스텍(세양H&S),,,,,,,08/19,,"O2 (LGC, 175L) ",,,,1,,0,"58,500",0,0,0,0,,0,,,,
세진가스텍(세양H&S),,,,,,,08/19,,"O2 (LGC, 175L, 고압용)",,,,1,,2,"58,500","117,000","11,700","128,700",0,,"128,700",,,,
,,,,,,거래처별 합계,,,,,,31,,,31,,"700,900","70,090","770,990",0,,"3,300,550",,,,
세진가스텍(세종기공),,,,,,,,,[이월미수액],,,,,,,,,,,,"180,180","180,180",,,,
세진가스텍(세종기공),,,,,,,08/19,,Ar (일반),,,,2,,2,"18,200","36,400","3,640","40,040",0,,"40,040",,,,
,,,,,,거래처별 합계,,,,,,2,,,2,,"36,400","3,640","40,040",0,,"220,220",,,,
승우산업,,,,,,,,,[이월미수액],,,,,,,,,,,,"4,736,160","4,736,160",,,,
승우산업,,,,,,,08/03,,입금 (가스매출),,,,0,,0,0,0,0,0,"2,205,500",,"-2,205,500",6월 거래분,,,
승우산업,,,,,,,08/04,,Ar (일반),,,,1,,1,"27,000","27,000","2,700","29,700",0,,"29,700",,,,
승우산업,,,,,,,08/04,,"O2 (LGC, 175L) ",,,,1,,0,"80,000",0,0,0,0,,0,,,,
승우산업,,,,,,,08/04,,"O2 (LGC, 175L, 고압용)",,,,0,,1,"80,000","80,000","8,000","88,000",0,,"88,000",,,,
승우산업,,,,,,,08/14,,"N2 (kg, Bulk)",,,,0,,"3,011",385,"1,159,235","115,924","1,275,159",0,,"1,275,159",,,,
,,,,,,거래처별 합계,,,,,,2,,,"3,013",,"1,266,235","126,624","1,392,859","2,205,500",,"3,923,518",,,,
신아기계,,,,,,,,,[이월미수액],,,,,,,,,,,,"1,013,540","1,013,540",,,,
신아기계,,,,,,,08/04,,Ar (일반),,,,1,,1,"30,000","30,000","3,000","33,000",0,,"33,000",,,,
신아기계,,,,,,,08/07,,LPG (20kg),,,,1,,1,"55,000","55,000","5,500","60,500",0,,"60,500",,,,
,,,,,,거래처별 합계,,,,,,2,,,2,,"85,000","8,500","93,500",0,,"1,107,040",,,,
씨에스가스텍,,,,,,,,,[이월미수액],,,,,,,,,,,,"19,777,450","19,777,450",,,,
씨에스가스텍,,,,,,,08/01,,"CO2 (kg, Bulk)",,,,0,,"20,750",240,"4,980,000","498,000","5,478,000",0,,"5,478,000",,,,
씨에스가스텍,,,,,,,08/13,,"CO2 (kg, Bulk)",,,,0,,"15,220",240,"3,652,800","365,280","4,018,080",0,,"4,018,080",2023,,,
,,,,,,거래처별 합계,,,,,,0,,,"35,970",,"8,632,800","863,280","9,496,080",0,,"29,273,530",,,,
아이스푸드앤바인(구.바인컴퍼니),,,,,,,,,[이월미수액],,,,,,,,,,,,"241,989,550","241,989,550",,,,
아이스푸드앤바인(구.바인컴퍼니),,,,,,,08/01,,"CO2 (kg, Bulk)",,,,0,,"21,682",250,"5,420,500","542,050","5,962,550",0,,"5,962,550",,,,
아이스푸드앤바인(구.바인컴퍼니),,,,,,,08/01,,"CO2 (kg, Bulk)",,,,0,,"19,848",250,"4,962,000","496,200","5,458,200",0,,"5,458,200",,,,
아이스푸드앤바인(구.바인컴퍼니),,,,,,,08/02,,"CO2 (kg, Bulk)",,,,0,,"21,252",250,"5,313,000","531,300","5,844,300",0,,"5,844,300",,,,
아이스푸드앤바인(구.바인컴퍼니),,,,,,,08/03,,"CO2 (kg, Bulk)",,,,0,,"19,166",250,"4,791,500","479,150","5,270,650",0,,"5,270,650",,,,
아이스푸드앤바인(구.바인컴퍼니),,,,,,,08/03,,"CO2 (kg, Bulk)",,,,0,,"19,916",250,"4,979,000","497,900","5,476,900",0,,"5,476,900",,,,
아이스푸드앤바인(구.바인컴퍼니),,,,,,,08/04,,"CO2 (kg, Bulk)",,,,0,,"19,854",250,"4,963,500","496,350","5,459,850",0,,"5,459,850",,,,
아이스푸드앤바인(구.바인컴퍼니),,,,,,,08/04,,"CO2 (kg, Bulk)",,,,0,,"15,772",250,"3,943,000","394,300","4,337,300",0,,"4,337,300",,,,
아이스푸드앤바인(구.바인컴퍼니),,,,,,,08/05,,"CO2 (kg, Bulk)",,,,0,,"21,843",250,"5,460,750","546,075","6,006,825",0,,"6,006,825",,,,
아이스푸드앤바인(구.바인컴퍼니),,,,,,,08/06,,"CO2 (kg, Bulk)",,,,0,,"21,281",250,"5,320,250","532,025","5,852,275",0,,"5,852,275",,,,
아이스푸드앤바인(구.바인컴퍼니),,,,,,,08/06,,"CO2 (kg, Bulk)",,,,0,,"21,219",250,"5,304,750","530,475","5,835,225",0,,"5,835,225",,,,
아이스푸드앤바인(구.바인컴퍼니),,,,,,,08/06,,"CO2 (kg, Bulk)",,,,0,,"19,921",250,"4,980,250","498,025","5,478,275",0,,"5,478,275",,,,
아이스푸드앤바인(구.바인컴퍼니),,,,,,,08/06,,"CO2 (kg, Bulk)",,,,0,,"21,680",250,"5,420,000","542,000","5,962,000",0,,"5,962,000",,,,
아이스푸드앤바인(구.바인컴퍼니),,,,,,,08/07,,"CO2 (kg, Bulk)",,,,0,,"21,680",250,"5,420,000","542,000","5,962,000",0,,"5,962,000",,,,
아이스푸드앤바인(구.바인컴퍼니),,,,,,,08/07,,"CO2 (kg, Bulk)",,,,0,,"21,118",250,"5,279,500","527,950","5,807,450",0,,"5,807,450",,,,
아이스푸드앤바인(구.바인컴퍼니),,,,,,,08/07,,"CO2 (kg, Bulk)",,,,0,,"21,780",250,"5,445,000","544,500","5,989,500",0,,"5,989,500",,,,
아이스푸드앤바인(구.바인컴퍼니),,,,,,,08/08,,"CO2 (kg, Bulk)",,,,0,,"21,407",250,"5,351,750","535,175","5,886,925",0,,"5,886,925",,,,
아이스푸드앤바인(구.바인컴퍼니),,,,,,,08/09,,"CO2 (kg, Bulk)",,,,0,,"21,445",250,"5,361,250","536,125","5,897,375",0,,"5,897,375",,,,
아이스푸드앤바인(구.바인컴퍼니),,,,,,,08/10,,입금 (가스매출),,,,0,,0,0,0,0,0,"241,989,550",,"-241,989,550",7월 거래분,,,
아이스푸드앤바인(구.바인컴퍼니),,,,,,,08/10,,"CO2 (kg, Bulk)",,,,0,,"19,000",250,"4,750,000","475,000","5,225,000",0,,"5,225,000",,,,
아이스푸드앤바인(구.바인컴퍼니),,,,,,,08/10,,"CO2 (kg, Bulk)",,,,0,,"20,053",250,"5,013,250","501,325","5,514,575",0,,"5,514,575",,,,
아이스푸드앤바인(구.바인컴퍼니),,,,,,,08/11,,"CO2 (kg, Bulk)",,,,0,,"19,005",250,"4,751,250","475,125","5,226,375",0,,"5,226,375",,,,
아이스푸드앤바인(구.바인컴퍼니),,,,,,,08/12,,"CO2 (kg, Bulk)",,,,0,,"21,234",250,"5,308,500","530,850","5,839,350",0,,"5,839,350",,,,
아이스푸드앤바인(구.바인컴퍼니),,,,,,,08/12,,"CO2 (kg, Bulk)",,,,0,,"21,061",250,"5,265,250","526,525","5,791,775",0,,"5,791,775",,,,
아이스푸드앤바인(구.바인컴퍼니),,,,,,,08/12,,"CO2 (kg, Bulk)",,,,0,,"17,300",250,"4,325,000","432,500","4,757,500",0,,"4,757,500",,,,
아이스푸드앤바인(구.바인컴퍼니),,,,,,,08/13,,"CO2 (kg, Bulk)",,,,0,,"19,870",250,"4,967,500","496,750","5,464,250",0,,"5,464,250",,,,
아이스푸드앤바인(구.바인컴퍼니),,,,,,,08/13,,"CO2 (kg, Bulk)",,,,0,,"18,500",250,"4,625,000","462,500","5,087,500",0,,"5,087,500",,,,
아이스푸드앤바인(구.바인컴퍼니),,,,,,,08/13,,"CO2 (kg, Bulk)",,,,0,,"21,580",250,"5,395,000","539,500","5,934,500",0,,"5,934,500",,,,
아이스푸드앤바인(구.바인컴퍼니),,,,,,,08/14,,"CO2 (kg, Bulk)",,,,0,,"21,214",250,"5,303,500","530,350","5,833,850",0,,"5,833,850",,,,
아이스푸드앤바인(구.바인컴퍼니),,,,,,,08/14,,"CO2 (kg, Bulk)",,,,0,,"18,000",250,"4,500,000","450,000","4,950,000",0,,"4,950,000",,,,
아이스푸드앤바인(구.바인컴퍼니),,,,,,,08/15,,"CO2 (kg, Bulk)",,,,0,,"19,837",250,"4,959,250","495,925","5,455,175",0,,"5,455,175",,,,
아이스푸드앤바인(구.바인컴퍼니),,,,,,,08/15,,"CO2 (kg, Bulk)",,,,0,,"21,278",250,"5,319,500","531,950","5,851,450",0,,"5,851,450",,,,
아이스푸드앤바인(구.바인컴퍼니),,,,,,,08/17,,"CO2 (kg, Bulk)",,,,0,,"21,184",250,"5,296,000","529,600","5,825,600",0,,"5,825,600",,,,
,,,,,,거래처별 합계,,,,,,0,,,"629,980",,"157,495,000","15,749,500","173,244,500","241,989,550",,"173,244,500",,,,
에니스,,,,,,,,,[이월미수액],,,,,,,,,,,,"145,227,225","145,227,225",,,,
에니스,,,,,,,08/03,,"CO2 (kg, Bulk)",,,,0,,"21,095",250,"5,273,750","527,375","5,801,125",0,,"5,801,125",,,,
에니스,,,,,,,08/03,,"CO2 (kg, Bulk)",,,,0,,"21,620",250,"5,405,000","540,500","5,945,500",0,,"5,945,500",,,,
에니스,,,,,,,08/05,,"CO2 (kg, Bulk)",,,,0,,"19,915",250,"4,978,750","497,875","5,476,625",0,,"5,476,625",,,,
에니스,,,,,,,08/07,,"CO2 (kg, Bulk)",,,,0,,"21,775",250,"5,443,750","544,375","5,988,125",0,,"5,988,125",,,,
에니스,,,,,,,08/10,,"CO2 (kg, Bulk)",,,,0,,"21,061",250,"5,265,250","526,525","5,791,775",0,,"5,791,775",,,,
에니스,,,,,,,08/11,,"CO2 (kg, Bulk)",,,,0,,"19,908",250,"4,977,000","497,700","5,474,700",0,,"5,474,700",,,,
에니스,,,,,,,08/12,,"CO2 (kg, Bulk)",,,,0,,"21,740",250,"5,435,000","543,500","5,978,500",0,,"5,978,500",,,,
에니스,,,,,,,08/12,,"CO2 (kg, Bulk)",,,,0,,"19,961",250,"4,990,250","499,025","5,489,275",0,,"5,489,275",,,,
에니스,,,,,,,08/13,,"CO2 (kg, Bulk)",,,,0,,"19,891",250,"4,972,750","497,275","5,470,025",0,,"5,470,025",,,,
에니스,,,,,,,08/14,,"CO2 (kg, Bulk)",,,,0,,"21,208",250,"5,302,000","530,200","5,832,200",0,,"5,832,200",,,,
에니스,,,,,,,08/16,,"CO2 (kg, Bulk)",,,,0,,"21,670",250,"5,417,500","541,750","5,959,250",0,,"5,959,250",,,,
,,,,,,거래처별 합계,,,,,,0,,,"229,844",,"57,461,000","5,746,100","63,207,100",0,,"208,434,325",,,,
에스앤디 주식회사,,,,,,,,,[이월미수액],,,,,,,,,,,,"9,919,305","9,919,305",,,,
,,,,,,거래처별 합계,,,,,,0,,,0,,0,0,0,0,,"9,919,305",,,,
에스앤케이.,,,,,,,,,[이월미수액],,,,,,,,,,,,"8,667,373","8,667,373",,,,
에스앤케이.,,,,,,,08/03,,입금 (가스매출),,,,0,,0,0,0,0,0,"8,667,373",,"-8,667,373",7월 거래분,,,
에스앤케이.,,,,,,,08/13,,"N2 (kg, Bulk)",,,,0,,"4,698",280,"1,315,440","131,544","1,446,984",0,,"1,446,984",,,,
,,,,,,거래처별 합계,,,,,,0,,,"4,698",,"1,315,440","131,544","1,446,984","8,667,373",,"1,446,984",,,,
에스에이치코리아,,,,,,,08/18,,"N2 (kg, Bulk)",,,,0,,"6,000",173,"1,038,000","103,800","1,141,800",0,,"1,141,800",,,,
,,,,,,거래처별 합계,,,,,,0,,,"6,000",,"1,038,000","103,800","1,141,800",0,,"1,141,800",,,,
에어퍼스트,,,,,,,,,[이월미수액],,,,,,,,,,,,"21,629,916","21,629,916",,,,
,,,,,,거래처별 합계,,,,,,0,,,0,,0,0,0,0,,"21,629,916",,,,
에이원의료기산업,,,,,,,,,[이월미수액],,,,,,,,,,,,"2,032,800","2,032,800",,,,
에이원의료기산업,,,,,,,08/11,,Ar (일반),,,,1,,1,"43,000","43,000","4,300","47,300",0,,"47,300",,,,
에이원의료기산업,,,,,,,08/11,,"CO2 (공업용, 40kg)",,,,7,,6,"43,000","258,000","25,800","283,800",0,,"283,800",,,,
에이원의료기산업,,,,,,,08/13,,"CO2 (공업용, 40kg)",,,,3,,3,"43,000","129,000","12,900","141,900",0,,"141,900",,,,
에이원의료기산업,,,,,,,08/18,,"CO2 (공업용, 40kg)",,,,7,,7,"43,000","301,000","30,100","331,100",0,,"331,100",,,,
,,,,,,거래처별 합계,,,,,,18,,,17,,"731,000","73,100","804,100",0,,"2,836,900",,,,
에이치엘비생명과학,,,,,,,,,[이월미수액],,,,,,,,,,,,"33,924,000","33,924,000",,,,
,,,,,,거래처별 합계,,,,,,0,,,0,,0,0,0,0,,"33,924,000",,,,
에이치이엠씨,,,,,,,,,[이월미수액],,,,,,,,,,,,"2,079,000","2,079,000",,,,
에이치이엠씨,,,,,,,08/07,,"N2 (UHP, 99.999%)",,,,3,,3,"80,000","240,000","24,000","264,000",0,,"264,000",,,,
,,,,,,거래처별 합계,,,,,,3,,,3,,"240,000","24,000","264,000",0,,"2,343,000",,,,
엔케이철강,,,,,,,,,[이월미수액],,,,,,,,,,,,"771,100","771,100",,,,
엔케이철강,,,,,,,08/10,,"O2 (kg, Bulk)",,,,0,,"3,045",200,"609,000","60,900","669,900",0,,"669,900",,,,
,,,,,,거래처별 합계,,,,,,0,,,"3,045",,"609,000","60,900","669,900",0,,"1,441,000",,,,
엔투,,,,,,,,,[이월미수액],,,,,,,,,,,,"158,620","158,620",,,,
엔투,,,,,,,08/03,,Ar (일반),,,,3,,3,"16,600","49,800","4,980","54,780",0,,"54,780",,,,
엔투,,,,,,,08/04,,입금 (가스매출),,,,0,,0,0,0,0,0,"158,620",,"-158,620",7월 거래분,,,
엔투,,,,,,,08/14,,Ar (일반),,,,3,,2,"16,600","33,200","3,320","36,520",0,,"36,520",,,,
,,,,,,거래처별 합계,,,,,,6,,,5,,"83,000","8,300","91,300","158,620",,"91,300",,,,
엔티에스(김포),,,,,,,,,[이월미수액],,,,,,,,,,,,"623,700","623,700",,,,
,,,,,,거래처별 합계,,,,,,0,,,0,,0,0,0,0,,"623,700",,,,
엘에스와이산업가스,,,,,,,,,[이월미수액],,,,,,,,,,,,"188,546,182","188,546,182",,,,
엘에스와이산업가스,,,,,,,08/04,,"O2 (kg, Bulk)",,,,0,,"10,330",155,"1,601,150","160,115","1,761,265",0,,"1,761,265",,,,
엘에스와이산업가스,,,,,,,08/05,,"CO2 (kg, Bulk)",,,,0,,"21,550",250,"5,387,500","538,750","5,926,250",0,,"5,926,250",,,,
엘에스와이산업가스,,,,,,,08/05,,"N2 (kg, Bulk)",,,,0,,"10,000",160,"1,600,000","160,000","1,760,000",0,,"1,760,000",,,,
엘에스와이산업가스,,,,,,,08/07,,"O2 (kg, Bulk)",,,,0,,"11,201",155,"1,736,155","173,616","1,909,771",0,,"1,909,771",,,,
엘에스와이산업가스,,,,,,,08/11,,"O2 (kg, Bulk)",,,,0,,"10,491",155,"1,626,105","162,611","1,788,716",0,,"1,788,716",,,,
엘에스와이산업가스,,,,,,,08/12,,"N2 (kg, Bulk)",,,,0,,"9,500",160,"1,520,000","152,000","1,672,000",0,,"1,672,000",,,,
엘에스와이산업가스,,,,,,,08/13,,"Ar (kg, Bulk)",,,,0,,"16,050",460,"7,383,000","738,300","8,121,300",0,,"8,121,300",,,,
엘에스와이산업가스,,,,,,,08/14,,"N2 (kg, Bulk)",,,,0,,"2,621",175,"458,675","45,868","504,543",0,,"504,543",에이비솔루션,,,
엘에스와이산업가스,,,,,,,08/14,,"O2 (kg, Bulk)",,,,0,,"14,154",155,"2,193,870","219,387","2,413,257",0,,"2,413,257",,,,
엘에스와이산업가스,,,,,,,08/15,,"CO2 (kg, Bulk)",,,,0,,"20,840",250,"5,210,000","521,000","5,731,000",0,,"5,731,000",,,,
엘에스와이산업가스,,,,,,,08/19,,"N2 (kg, Bulk)",,,,0,,"7,150",160,"1,144,000","114,400","1,258,400",0,,"1,258,400",,,,
,,,,,,거래처별 합계,,,,,,0,,,"133,887",,"29,860,455","2,986,046","32,846,501",0,,"221,392,683",,,,
엠에스동민특수가스,,,,,,,,,[이월미수액],,,,,,,,,,,,"5,167,517","5,167,517",,,,
엠에스동민특수가스,,,,,,,08/03,,"N2 (kg, Bulk)",,,,0,,"4,530",222,"1,005,660","100,566","1,106,226",0,,"1,106,226",제우스-마도,,,
엠에스동민특수가스,,,,,,,08/07,,"N2 (kg, Bulk)",,,,0,,"3,300",222,"732,600","73,260","805,860",0,,"805,860",제우스-마도,,,
엠에스동민특수가스,,,,,,,08/10,,"N2 (kg, Bulk)",,,,0,,"3,250",222,"721,500","72,150","793,650",0,,"793,650",제우스-안녕,,,
엠에스동민특수가스,,,,,,,08/14,,"N2 (kg, Bulk)",,,,0,,"4,096",222,"909,312","90,931","1,000,243",0,,"1,000,243",제우스-마도,,,
,,,,,,거래처별 합계,,,,,,0,,,"15,176",,"3,369,072","336,907","3,705,979",0,,"8,873,496",,,,
엠제이쿼츠,,,,,,,,,[이월미수액],,,,,,,,,,,,"4,629,240","4,629,240",,,,
,,,,,,거래처별 합계,,,,,,0,,,0,,0,0,0,0,,"4,629,240",,,,
영신방재,,,,,,,,,[이월미수액],,,,,,,,,,,,"6,174,740","6,174,740",,,,
영신방재,,,,,,,08/03,,Ar (일반),,,,1,,0,"29,900",0,0,0,0,,0,,,,
영신방재,,,,,,,08/03,,"O2 (공업용, 40L)",,,,0,,1,"11,000","11,000","1,100","12,100",0,,"12,100",,,,
영신방재,,,,,,,08/05,,입금 (가스매출),,,,0,,0,0,0,0,0,"1,588,070",,"-1,588,070",5월 거래분,,,
영신방재,,,,,,,08/14,,"N2 (kg, Bulk)",,,,0,,"3,380",310,"1,047,800","104,780","1,152,580",0,,"1,152,580",,,,
,,,,,,거래처별 합계,,,,,,1,,,"3,381",,"1,058,800","105,880","1,164,680","1,588,070",,"5,751,350",,,,
영신에프엔씨,,,,,,,,,[이월미수액],,,,,,,,,,,,"5,516,500","5,516,500",,,,
영신에프엔씨,,,,,,,08/10,,입금 (가스매출),,,,0,,0,0,0,0,0,"1,720,620",,"-1,720,620",5월 거래분,,,
영신에프엔씨,,,,,,,08/10,,"N2 (kg, Bulk)",,,,0,,"4,100",300,"1,230,000","123,000","1,353,000",0,,"1,353,000",,,,
영신에프엔씨,,,,,,,08/14,,Ar (일반),,,,1,,0,"24,700",0,0,0,0,,0,,,,
영신에프엔씨,,,,,,,08/14,,"CO2 (공업용, 20kg)",,,,1,,0,0,0,0,0,0,,0,,,,
영신에프엔씨,,,,,,,08/14,,LPG (20kg),,,,1,,0,"58,800",0,0,0,0,,0,,,,
영신에프엔씨,,,,,,,08/14,,"N2 (공업용, 40L)",,,,3,,0,0,0,0,0,0,,0,,,,
영신에프엔씨,,,,,,,08/14,,"O2 (공업용, 40L)",,,,1,,0,"9,000",0,0,0,0,,0,,,,
,,,,,,거래처별 합계,,,,,,7,,,"4,100",,"1,230,000","123,000","1,353,000","1,720,620",,"5,148,880",,,,
영신코아스,,,,,,,,,[이월미수액],,,,,,,,,,,,"3,302,640","3,302,640",,,,
영신코아스,,,,,,,08/05,,Ar (일반),,,,3,,3,"24,700","74,100","7,410","81,510",0,,"81,510",,,,
영신코아스,,,,,,,08/05,,"CO2 (공업용, 40kg)",,,,1,,1,"21,400","21,400","2,140","23,540",0,,"23,540",,,,
영신코아스,,,,,,,08/05,,"N2 (LGC, 175L, 고압용)",,,,3,,2,"53,500","107,000","10,700","117,700",0,,"117,700",,,,
영신코아스,,,,,,,08/10,,입금 (가스매출),,,,0,,0,0,0,0,0,"814,990",,"-814,990",5월 거래분,,,
영신코아스,,,,,,,08/10,,Ar (일반),,,,3,,3,"24,700","74,100","7,410","81,510",0,,"81,510",,,,
영신코아스,,,,,,,08/10,,"N2 (LGC, 175L, 고압용)",,,,1,,2,"53,500","107,000","10,700","117,700",0,,"117,700",,,,
영신코아스,,,,,,,08/14,,Ar (일반),,,,6,,6,"24,700","148,200","14,820","163,020",0,,"163,020",,,,
영신코아스,,,,,,,08/14,,"N2 (LGC, 175L, 고압용)",,,,2,,2,"53,500","107,000","10,700","117,700",0,,"117,700",,,,
,,,,,,거래처별 합계,,,,,,19,,,19,,"638,800","63,880","702,680","814,990",,"3,190,330",,,,
예성이엔지(아산),,,,,,,,,[이월미수액],,,,,,,,,,,,"4,432,725","4,432,725",,,,
,,,,,,거래처별 합계,,,,,,0,,,0,,0,0,0,0,,"4,432,725",,,,
용역운송(OB맥주-신비오),,,,,,,,,[이월미수액],,,,,,,,,,,,"2,833,380","2,833,380",,,,
용역운송(OB맥주-신비오),,,,,,,08/04,,운송비 (운반비 CO2),,,,0,,"21,900",60,"1,314,000","131,400","1,445,400",0,,"1,445,400","21,890kg-OB이천",,,
용역운송(OB맥주-신비오),,,,,,,08/05,,운송비 (운반비 CO2),,,,0,,"21,370",60,"1,282,200","128,220","1,410,420",0,,"1,410,420","20,950kg-OB 이천",,,
,,,,,,거래처별 합계,,,,,,0,,,"43,270",,"2,596,200","259,620","2,855,820",0,,"5,689,200",,,,
용역운송(쿠팡-신비오케미컬),,,,,,,08/07,,운송비 (운반비 CO2),,,,0,,"20,790",35,"727,650","72,765","800,415",0,,"800,415","쿠팡(20,880kg)",,,
용역운송(쿠팡-신비오케미컬),,,,,,,08/08,,운송비 (운반비 CO2),,,,0,,"20,750",35,"726,250","72,625","798,875",0,,"798,875","쿠팡(21,110kg)",,,
용역운송(쿠팡-신비오케미컬),,,,,,,08/08,,운송비 (운반비 CO2),,,,0,,"21,020",35,"735,700","73,570","809,270",0,,"809,270","쿠팡(21,410kg)",,,
용역운송(쿠팡-신비오케미컬),,,,,,,08/09,,운송비 (운반비 CO2),,,,0,,"21,600",35,"756,000","75,600","831,600",0,,"831,600","쿠팡(21,950kg)",,,
용역운송(쿠팡-신비오케미컬),,,,,,,08/10,,운송비 (운반비 CO2),,,,0,,"20,620",35,"721,700","72,170","793,870",0,,"793,870","쿠팡(20,650kg)",,,
용역운송(쿠팡-신비오케미컬),,,,,,,08/11,,운송비 (운반비 CO2),,,,0,,"21,160",35,"740,600","74,060","814,660",0,,"814,660","쿠팡(21,580kg)",,,
용역운송(쿠팡-신비오케미컬),,,,,,,08/12,,운송비 (운반비 CO2),,,,0,,"21,220",35,"742,700","74,270","816,970",0,,"816,970","쿠팡(21,580kg)",,,
용역운송(쿠팡-신비오케미컬),,,,,,,08/13,,운송비 (운반비 CO2),,,,0,,"20,980",35,"734,300","73,430","807,730",0,,"807,730","21,130",,,
용역운송(쿠팡-신비오케미컬),,,,,,,08/14,,운송비 (운반비 CO2),,,,0,,"20,650",35,"722,750","72,275","795,025",0,,"795,025","20,720",,,
용역운송(쿠팡-신비오케미컬),,,,,,,08/15,,운송비 (운반비 CO2),,,,0,,"20,930",35,"732,550","73,255","805,805",0,,"805,805","21,350",,,
용역운송(쿠팡-신비오케미컬),,,,,,,08/15,,운송비 (운반비 CO2),,,,0,,"19,770",35,"691,950","69,195","761,145",0,,"761,145","(19,830kg)",,,
용역운송(쿠팡-신비오케미컬),,,,,,,08/16,,운송비 (운반비 CO2),,,,0,,"21,010",35,"735,350","73,535","808,885",0,,"808,885","쿠팡(21,330kg)",,,
,,,,,,거래처별 합계,,,,,,0,,,"250,500",,"8,767,500","876,750","9,644,250",0,,"9,644,250",,,,
우창산업건설(주),,,,,,,,,[이월미수액],,,,,,,,,,,,"7,953,616","7,953,616",,,,
우창산업건설(주),,,,,,,08/05,,"CO2 (공업용, 40kg)",,,,10,,10,"30,360","303,600","30,360","333,960",0,,"333,960",,,,
우창산업건설(주),,,,,,,08/05,,"O2 (공업용, 40L)",,,,7,,11,"7,500","82,500","8,250","90,750",0,,"90,750",,,,
우창산업건설(주),,,,,,,08/10,,"CO2 (공업용, 40kg)",,,,10,,10,"30,360","303,600","30,360","333,960",0,,"333,960",,,,
우창산업건설(주),,,,,,,08/10,,"O2 (공업용, 40L)",,,,4,,5,"7,500","37,500","3,750","41,250",0,,"41,250",,,,
우창산업건설(주),,,,,,,08/14,,입금 (가스매출),,,,0,,0,0,0,0,0,"4,586,780",,"-4,586,780",6월 거래분,,,
우창산업건설(주),,,,,,,08/19,,"CO2 (공업용, 40kg)",,,,10,,7,"30,360","212,520","21,252","233,772",0,,"233,772",,,,
,,,,,,거래처별 합계,,,,,,41,,,43,,"939,720","93,972","1,033,692","4,586,780",,"4,400,528",,,,
원이엔지,,,,,,,,,[이월미수액],,,,,,,,,,,,"2,818,050","2,818,050",,,,
원이엔지,,,,,,,08/03,,"CO2 (공업용, 40kg)",,,,4,,4,"35,000","140,000","14,000","154,000",0,,"154,000",,,,
원이엔지,,,,,,,08/03,,"O2 (공업용, 40L)",,,,1,,1,"15,000","15,000","1,500","16,500",0,,"16,500",,,,
원이엔지,,,,,,,08/05,,Ar (일반),,,,1,,1,"28,000","28,000","2,800","30,800",0,,"30,800",,,,
원이엔지,,,,,,,08/05,,"CO2 (공업용, 40kg)",,,,2,,2,"35,000","70,000","7,000","77,000",0,,"77,000",,,,
원이엔지,,,,,,,08/10,,Ar (일반),,,,2,,2,"28,000","56,000","5,600","61,600",0,,"61,600",,,,
원이엔지,,,,,,,08/10,,"CO2 (공업용, 40kg)",,,,2,,2,"35,000","70,000","7,000","77,000",0,,"77,000",,,,
원이엔지,,,,,,,08/10,,"O2 (공업용, 40L)",,,,2,,2,"15,000","30,000","3,000","33,000",0,,"33,000",,,,
원이엔지,,,,,,,08/12,,"CO2 (공업용, 40kg)",,,,2,,2,"35,000","70,000","7,000","77,000",0,,"77,000",,,,
원이엔지,,,,,,,08/19,,"CO2 (공업용, 40kg)",,,,2,,2,"35,000","70,000","7,000","77,000",0,,"77,000",,,,
원이엔지,,,,,,,08/19,,"O2 (공업용, 40L)",,,,1,,1,"15,000","15,000","1,500","16,500",0,,"16,500",,,,
,,,,,,거래처별 합계,,,,,,19,,,19,,"564,000","56,400","620,400",0,,"3,438,450",,,,
위드산업조명,,,,,,,,,[이월미수액],,,,,,,,,,,,"619,300","619,300",,,,
위드산업조명,,,,,,,08/11,,Mix (CO2 20% + Ar Bal),,,,2,,2,"24,000","48,000","4,800","52,800",0,,"52,800",,,,
위드산업조명,,,,,,,08/18,,Ar (일반),,,,2,,2,"29,000","58,000","5,800","63,800",0,,"63,800",,,,
위드산업조명,,,,,,,08/18,,Mix (CO2 20% + Ar Bal),,,,3,,3,"24,000","72,000","7,200","79,200",0,,"79,200",,,,
,,,,,,거래처별 합계,,,,,,7,,,7,,"178,000","17,800","195,800",0,,"815,100",,,,
유니온가스,,,,,,,,,[이월미수액],,,,,,,,,,,,"10,343,498","10,343,498",,,,
유니온가스,,,,,,,08/10,,입금 (가스매출),,,,0,,0,0,0,0,0,"10,343,498",,"-10,343,498",7월 거래분,,,
유니온가스,,,,,,,08/14,,"CO2 (kg, Bulk)",,,,0,,"8,817",290,"2,556,930","255,693","2,812,623",0,,"2,812,623",,,,
,,,,,,거래처별 합계,,,,,,0,,,"8,817",,"2,556,930","255,693","2,812,623","10,343,498",,"2,812,623",,,,
유엔씨테크,,,,,,,,,[이월미수액],,,,,,,,,,,,"7,602,095","7,602,095",,,,
유엔씨테크,,,,,,,08/03,,Ar (일반),,,,4,,4,"23,100","92,400","9,240","101,640",0,,"101,640",,,,
유엔씨테크,,,,,,,08/03,,Mix (H2 5% + N2 Bal),,,,6,,0,"16,500",0,0,0,0,,0,,,,
유엔씨테크,,,,,,,08/03,,"O2 (공업용, 40L)",,,,3,,3,"12,705","38,115","3,812","41,927",0,,"41,927",,,,
유엔씨테크,,,,,,,08/05,,Ar (일반),,,,3,,3,"23,100","69,300","6,930","76,230",0,,"76,230",,,,
유엔씨테크,,,,,,,08/05,,"Ar (LGC, 175L)",,,,1,,1,"242,550","242,550","24,255","266,805",0,,"266,805",,,,
유엔씨테크,,,,,,,08/05,,Mix (H2 5% + N2 Bal),,,,2,,16,"16,500","264,000","26,400","290,400",0,,"290,400",,,,
유엔씨테크,,,,,,,08/05,,"O2 (공업용, 40L)",,,,1,,1,"12,705","12,705","1,271","13,976",0,,"13,976",,,,
유엔씨테크,,,,,,,08/07,,Ar (일반),,,,7,,7,"23,100","161,700","16,170","177,870",0,,"177,870",,,,
유엔씨테크,,,,,,,08/07,,Mix (H2 5% + N2 Bal),,,,5,,0,"16,500",0,0,0,0,,0,,,,
유엔씨테크,,,,,,,08/07,,"N2 (공업용, 40L)",,,,4,,4,"12,705","50,820","5,082","55,902",0,,"55,902",,,,
유엔씨테크,,,,,,,08/07,,"O2 (공업용, 40L)",,,,3,,3,"12,705","38,115","3,812","41,927",0,,"41,927",,,,
유엔씨테크,,,,,,,08/10,,Ar (일반),,,,4,,4,"23,100","92,400","9,240","101,640",0,,"101,640",,,,
유엔씨테크,,,,,,,08/10,,LPG (20kg),,,,1,,1,"55,000","55,000","5,500","60,500",0,,"60,500",,,,
유엔씨테크,,,,,,,08/10,,Mix (H2 5% + N2 Bal),,,,2,,0,"16,500",0,0,0,0,,0,,,,
유엔씨테크,,,,,,,08/10,,"N2 (공업용, 40L)",,,,3,,3,"12,705","38,115","3,812","41,927",0,,"41,927",,,,
유엔씨테크,,,,,,,08/10,,"O2 (공업용, 40L)",,,,1,,1,"12,705","12,705","1,271","13,976",0,,"13,976",,,,
유엔씨테크,,,,,,,08/12,,Ar (일반),,,,5,,5,"23,100","115,500","11,550","127,050",0,,"127,050",,,,
유엔씨테크,,,,,,,08/12,,"Ar (LGC, 175L)",,,,1,,1,"242,550","242,550","24,255","266,805",0,,"266,805",,,,
유엔씨테크,,,,,,,08/12,,"N2 (공업용, 40L)",,,,3,,3,"12,705","38,115","3,812","41,927",0,,"41,927",,,,
유엔씨테크,,,,,,,08/12,,"O2 (공업용, 40L)",,,,3,,3,"12,705","38,115","3,812","41,927",0,,"41,927",,,,
유엔씨테크,,,,,,,08/14,,Ar (일반),,,,7,,12,"23,100","277,200","27,720","304,920",0,,"304,920",,,,
유엔씨테크,,,,,,,08/14,,Mix (H2 5% + N2 Bal),,,,6,,0,"16,500",0,0,0,0,,0,,,,
유엔씨테크,,,,,,,08/14,,"N2 (공업용, 40L)",,,,1,,1,"12,705","12,705","1,271","13,976",0,,"13,976",,,,
유엔씨테크,,,,,,,08/14,,"O2 (공업용, 40L)",,,,5,,5,"12,705","63,525","6,353","69,878",0,,"69,878",,,,
유엔씨테크,,,,,,,08/15,,입금 (가스매출),,,,0,,0,0,0,0,0,"4,897,112",,"-4,897,112",7월 거래분,,,
유엔씨테크,,,,,,,08/19,,Ar (일반),,,,10,,13,"23,100","300,300","30,030","330,330",0,,"330,330",,,,
유엔씨테크,,,,,,,08/19,,"Ar (LGC, 175L)",,,,1,,1,"242,550","242,550","24,255","266,805",0,,"266,805",,,,
유엔씨테크,,,,,,,08/19,,LPG (20kg),,,,2,,2,"55,000","110,000","11,000","121,000",0,,"121,000",,,,
유엔씨테크,,,,,,,08/19,,Mix (H2 5% + N2 Bal),,,,6,,16,"16,500","264,000","26,400","290,400",0,,"290,400",,,,
유엔씨테크,,,,,,,08/19,,"N2 (공업용, 40L)",,,,5,,5,"12,705","63,525","6,353","69,878",0,,"69,878",,,,
유엔씨테크,,,,,,,08/19,,"O2 (공업용, 40L)",,,,3,,5,"12,705","63,525","6,353","69,878",0,,"69,878",,,,
,,,,,,거래처별 합계,,,,,,108,,,123,,"2,999,535","299,954","3,299,489","4,897,112",,"6,004,472",,,,
유진화학(안중),,,,,,,,,[이월미수액],,,,,,,,,,,,"968,000","968,000",,,,
,,,,,,거래처별 합계,,,,,,0,,,0,,0,0,0,0,,"968,000",,,,
유한가스화학(주),,,,,,,,,[이월미수액],,,,,,,,,,,,"4,336,816","4,336,816",,,,
유한가스화학(주),,,,,,,08/07,,"N2 (kg, Bulk)",,,,0,,"7,040",160,"1,126,400","112,640","1,239,040",0,,"1,239,040",,,,
유한가스화학(주),,,,,,,08/19,,"N2 (kg, Bulk)",,,,0,,"6,550",160,"1,048,000","104,800","1,152,800",0,,"1,152,800",,,,
,,,,,,거래처별 합계,,,,,,0,,,"13,590",,"2,174,400","217,440","2,391,840",0,,"6,728,656",,,,
유한에프앤디(구.유한산업),,,,,,,,,[이월미수액],,,,,,,,,,,,"118,034,400","118,034,400",,,,
,,,,,,거래처별 합계,,,,,,0,,,0,,0,0,0,0,,"118,034,400",,,,
윤익스디티에스,,,,,,,,,[이월미수액],,,,,,,,,,,,"149,808,450","149,808,450",,,,
윤익스디티에스,,,,,,,08/02,,"CO2 (kg, Bulk)",,,,0,,"21,158",250,"5,289,500","528,950","5,818,450",0,,"5,818,450",,,,
윤익스디티에스,,,,,,,08/03,,"CO2 (kg, Bulk)",,,,0,,"21,116",250,"5,279,000","527,900","5,806,900",0,,"5,806,900",,,,
윤익스디티에스,,,,,,,08/04,,"CO2 (kg, Bulk)",,,,0,,"21,127",250,"5,281,750","528,175","5,809,925",0,,"5,809,925",,,,
윤익스디티에스,,,,,,,08/05,,"CO2 (kg, Bulk)",,,,0,,"21,780",250,"5,445,000","544,500","5,989,500",0,,"5,989,500",,,,
윤익스디티에스,,,,,,,08/06,,"CO2 (kg, Bulk)",,,,0,,"12,041",250,"3,010,250","301,025","3,311,275",0,,"3,311,275",,,,
윤익스디티에스,,,,,,,08/06,,"CO2 (kg, Bulk)",,,,0,,"21,215",250,"5,303,750","530,375","5,834,125",0,,"5,834,125",,,,
윤익스디티에스,,,,,,,08/07,,"CO2 (kg, Bulk)",,,,0,,"21,174",250,"5,293,500","529,350","5,822,850",0,,"5,822,850",,,,
윤익스디티에스,,,,,,,08/07,,"CO2 (kg, Bulk)",,,,0,,"17,715",250,"4,428,750","442,875","4,871,625",0,,"4,871,625",,,,
윤익스디티에스,,,,,,,08/09,,"CO2 (kg, Bulk)",,,,0,,"21,028",250,"5,257,000","525,700","5,782,700",0,,"5,782,700",,,,
윤익스디티에스,,,,,,,08/10,,"CO2 (kg, Bulk)",,,,0,,"21,674",250,"5,418,500","541,850","5,960,350",0,,"5,960,350",,,,
윤익스디티에스,,,,,,,08/10,,"CO2 (kg, Bulk)",,,,0,,"21,158",250,"5,289,500","528,950","5,818,450",0,,"5,818,450",,,,
윤익스디티에스,,,,,,,08/11,,"CO2 (kg, Bulk)",,,,0,,"21,153",250,"5,288,250","528,825","5,817,075",0,,"5,817,075",,,,
윤익스디티에스,,,,,,,08/11,,"CO2 (kg, Bulk)",,,,0,,"21,017",250,"5,254,250","525,425","5,779,675",0,,"5,779,675",,,,
윤익스디티에스,,,,,,,08/12,,"CO2 (kg, Bulk)",,,,0,,"21,244",250,"5,311,000","531,100","5,842,100",0,,"5,842,100",,,,
윤익스디티에스,,,,,,,08/13,,"CO2 (kg, Bulk)",,,,0,,"21,536",250,"5,384,000","538,400","5,922,400",0,,"5,922,400",,,,
윤익스디티에스,,,,,,,08/14,,"CO2 (kg, Bulk)",,,,0,,"19,958",250,"4,989,500","498,950","5,488,450",0,,"5,488,450",,,,
윤익스디티에스,,,,,,,08/17,,"CO2 (kg, Bulk)",,,,0,,"19,935",250,"4,983,750","498,375","5,482,125",0,,"5,482,125",,,,
,,,,,,거래처별 합계,,,,,,0,,,"346,029",,"86,507,250","8,650,725","95,157,975",0,,"244,966,425",,,,
일광잉크페인트,,,,,,,,,[이월미수액],,,,,,,,,,,,"3,100,570","3,100,570",,,,
일광잉크페인트,,,,,,,08/05,,"N2 (kg, Bulk)",,,,0,,"4,000",355,"1,420,000","142,000","1,562,000",0,,"1,562,000",,,,
일광잉크페인트,,,,,,,08/14,,입금 (가스매출),,,,0,,0,0,0,0,0,"3,100,570",,"-3,100,570",7월 거래분,,,
,,,,,,거래처별 합계,,,,,,0,,,"4,000",,"1,420,000","142,000","1,562,000","3,100,570",,"1,562,000",,,,
일영랩,,,,,,,,,[이월미수액],,,,,,,,,,,,"1,641,000","1,641,000",,,,
일영랩,,,,,,,08/18,,"Ar (UHP, 47L, 99.999%)",,,,8,,6,"70,000","420,000","42,000","462,000",0,,"462,000",,,,
일영랩,,,,,,,08/18,,"He (UHP, 47L, 99.999%)",,,,1,,1,"450,000","450,000","45,000","495,000",0,,"495,000",,,,
일영랩,,,,,,,08/18,,"N2 (UHP, 99.999%)",,,,1,,0,"70,000",0,0,0,0,,0,,,,
,,,,,,거래처별 합계,,,,,,10,,,7,,"870,000","87,000","957,000",0,,"2,598,000",,,,
재원인더스트리,,,,,,,,,[이월미수액],,,,,,,,,,,,"301,070","301,070",,,,
,,,,,,거래처별 합계,,,,,,0,,,0,,0,0,0,0,,"301,070",,,,
정도레이저,,,,,,,,,[이월미수액],,,,,,,,,,,,"975,381","975,381",,,,
,,,,,,거래처별 합계,,,,,,0,,,0,,0,0,0,0,,"975,381",,,,
정아유압,,,,,,,,,[이월미수액],,,,,,,,,,,,"1,870,110","1,870,110",,,,
정아유압,,,,,,,08/05,,입금 (가스매출),,,,0,,0,0,0,0,0,"1,022,230",,"-1,022,230",7월 거래분,,,
정아유압,,,,,,,08/10,,Ar (일반),,,,3,,3,"18,800","56,400","5,640","62,040",0,,"62,040",,,,
정아유압,,,,,,,08/14,,Ar (일반),,,,4,,4,"18,800","75,200","7,520","82,720",0,,"82,720",,,,
정아유압,,,,,,,08/14,,Mix (CO2 20% + Ar Bal),,,,4,,4,"18,800","75,200","7,520","82,720",0,,"82,720",,,,
정아유압,,,,,,,08/14,,"O2 (공업용, 40L)",,,,1,,1,"12,900","12,900","1,290","14,190",0,,"14,190",,,,
,,,,,,거래처별 합계,,,,,,12,,,12,,"219,700","21,970","241,670","1,022,230",,"1,089,550",,,,
제원산업,,,,,,,,,[이월미수액],,,,,,,,,,,,"6,774,570","6,774,570",,,,
제원산업,,,,,,,08/07,,"Ar (LGC, 175L)",,,,1,,1,"270,000","270,000","27,000","297,000",0,,"297,000",,,,
제원산업,,,,,,,08/10,,"Ar (LGC, 175L)",,,,1,,1,"270,000","270,000","27,000","297,000",0,,"297,000",,,,
제원산업,,,,,,,08/10,,"CO2 (공업용, 20kg)",,,,1,,1,"15,000","15,000","1,500","16,500",0,,"16,500",,,,
제원산업,,,,,,,08/10,,"CO2 (공업용, 40kg)",,,,2,,2,"30,000","60,000","6,000","66,000",0,,"66,000",,,,
제원산업,,,,,,,08/14,,"Ar (LGC, 175L)",,,,1,,1,"270,000","270,000","27,000","297,000",0,,"297,000",,,,
제원산업,,,,,,,08/14,,"CO2 (공업용, 40kg)",,,,3,,3,"30,000","90,000","9,000","99,000",0,,"99,000",,,,
제원산업,,,,,,,08/14,,"O2 (공업용, 40L)",,,,1,,1,"15,000","15,000","1,500","16,500",0,,"16,500",,,,
제원산업,,,,,,,08/19,,"Ar (LGC, 175L)",,,,2,,2,"270,000","540,000","54,000","594,000",0,,"594,000",,,,
제원산업,,,,,,,08/19,,"CO2 (공업용, 40kg)",,,,2,,3,"30,000","90,000","9,000","99,000",0,,"99,000",,,,
제원산업,,,,,,,08/19,,"O2 (공업용, 40L)",,,,2,,2,"15,000","30,000","3,000","33,000",0,,"33,000",,,,
,,,,,,거래처별 합계,,,,,,16,,,17,,"1,650,000","165,000","1,815,000",0,,"8,589,570",,,,
제이아이금속,,,,,,,08/05,,"Ar (kg, Bulk)",,,,0,,"9,750",0,0,0,0,0,,0,,,,
,,,,,,거래처별 합계,,,,,,0,,,"9,750",,0,0,0,0,,0,,,,
제이와이스틸,,,,,,,,,[이월미수액],,,,,,,,,,,,"1,619,887","1,619,887",,,,
제이와이스틸,,,,,,,08/10,,"O2 (kg, Bulk)",,,,0,,"3,432",385,"1,321,320","132,132","1,453,452",0,,"1,453,452",,,,
,,,,,,거래처별 합계,,,,,,0,,,"3,432",,"1,321,320","132,132","1,453,452",0,,"3,073,339",,,,
제이케이지산업가스(구.서진산업가스),,,,,,,,,[이월미수액],,,,,,,,,,,,"30,690,116","30,690,116",,,,
제이케이지산업가스(구.서진산업가스),,,,,,,08/04,,"O2 (kg, Bulk)",,,,0,,"14,374",165,"2,371,710","237,171","2,608,881",0,,"2,608,881",,,,
제이케이지산업가스(구.서진산업가스),,,,,,,08/13,,"CO2 (kg, Bulk)",,,,0,,"21,250",300,"6,375,000","637,500","7,012,500",0,,"7,012,500",,,,
,,,,,,거래처별 합계,,,,,,0,,,"35,624",,"8,746,710","874,671","9,621,381",0,,"40,311,497",,,,
제티아,,,,,,,,,[이월미수액],,,,,,,,,,,,"1,463,000","1,463,000",,,,
제티아,,,,,,,08/11,,Ar (일반),,,,6,,6,"19,000","114,000","11,400","125,400",0,,"125,400",,,,
제티아,,,,,,,08/11,,Mix (H2 5% + Ar Bal),,,,4,,4,"19,000","76,000","7,600","83,600",0,,"83,600",,,,
제티아,,,,,,,08/13,,Ar (일반),,,,5,,5,"19,000","95,000","9,500","104,500",0,,"104,500",,,,
제티아,,,,,,,08/13,,Mix (H2 5% + Ar Bal),,,,2,,2,"19,000","38,000","3,800","41,800",0,,"41,800",,,,
제티아,,,,,,,08/18,,Ar (일반),,,,4,,6,"19,000","114,000","11,400","125,400",0,,"125,400",,,,
제티아,,,,,,,08/18,,Mix (H2 5% + Ar Bal),,,,4,,4,"19,000","76,000","7,600","83,600",0,,"83,600",,,,
,,,,,,거래처별 합계,,,,,,25,,,27,,"513,000","51,300","564,300",0,,"2,027,300",,,,
중원산업가스,,,,,,,,,[이월미수액],,,,,,,,,,,,"10,608,345","10,608,345",,,,
,,,,,,거래처별 합계,,,,,,0,,,0,,0,0,0,0,,"10,608,345",,,,
지앤티테크,,,,,,,,,[이월미수액],,,,,,,,,,,,"2,417,684","2,417,684",,,,
지앤티테크,,,,,,,08/10,,입금 (가스매출),,,,0,,0,0,0,0,0,"1,970,538",,"-1,970,538",7월 거래분,,,
,,,,,,거래처별 합계,,,,,,0,,,0,,0,0,0,"1,970,538",,"447,146",,,,
지엠레이저,,,,,,,,,[이월미수액],,,,,,,,,,,,"5,673,272","5,673,272",,,,
지엠레이저,,,,,,,08/05,,입금 (가스매출),,,,0,,0,0,0,0,0,"2,387,924",,"-2,387,924",6월 거래분,,,
지엠레이저,,,,,,,08/13,,"N2 (kg, Bulk)",,,,0,,"4,295",170,"730,150","73,015","803,165",0,,"803,165",,,,
,,,,,,거래처별 합계,,,,,,0,,,"4,295",,"730,150","73,015","803,165","2,387,924",,"4,088,513",,,,
지윤주식회사,,,,,,,,,[이월미수액],,,,,,,,,,,,"7,296,003","7,296,003",,,,
지윤주식회사,,,,,,,08/03,,입금 (가스매출),,,,0,,0,0,0,0,0,"3,569,643",,"-3,569,643",6월 거래분,,,
지윤주식회사,,,,,,,08/06,,"CO2 (kg, Bulk)",,,,0,,"3,792",300,"1,137,600","113,760","1,251,360",0,,"1,251,360",,,,
,,,,,,거래처별 합계,,,,,,0,,,"3,792",,"1,137,600","113,760","1,251,360","3,569,643",,"4,977,720",,,,
지현이엔지,,,,,,,08/07,,"O2 (LGC, 175L) ",,,,0,,1,"84,000","84,000","8,400","92,400",0,,"92,400",,,,
지현이엔지,,,,,,,08/07,,"O2 (LGC, 175L, 고압용)",,,,1,,0,"84,000",0,0,0,0,,0,,,,
지현이엔지,,,,,,,08/19,,"CO2 (공업용, 40kg)",,,,3,,2,"45,000","90,000","9,000","99,000",0,,"99,000",,,,
지현이엔지,,,,,,,08/19,,"O2 (공업용, 40L)",,,,3,,2,"15,000","30,000","3,000","33,000",0,,"33,000",,,,
,,,,,,거래처별 합계,,,,,,7,,,5,,"204,000","20,400","224,400",0,,"224,400",,,,
진성테크원,,,,,,,,,[이월미수액],,,,,,,,,,,,"2,360,600","2,360,600",,,,
진성테크원,,,,,,,08/04,,"CO2 (공업용, 40kg)",,,,1,,0,"36,000",0,0,0,0,,0,,,,
진성테크원,,,,,,,08/04,,"O2 (LGC, 175L, 고압용)",,,,3,,3,"70,000","210,000","21,000","231,000",0,,"231,000",,,,
진성테크원,,,,,,,08/05,,입금 (가스매출),,,,0,,0,0,0,0,0,"1,700,600",,"-1,700,600",6월 거래분,,,
진성테크원,,,,,,,08/11,,"CO2 (공업용, 40kg)",,,,2,,2,"36,000","72,000","7,200","79,200",0,,"79,200",,,,
진성테크원,,,,,,,08/11,,"O2 (LGC, 175L) ",,,,1,,0,"70,000",0,0,0,0,,0,,,,
진성테크원,,,,,,,08/11,,"O2 (LGC, 175L, 고압용)",,,,0,,1,"70,000","70,000","7,000","77,000",0,,"77,000",,,,
진성테크원,,,,,,,08/19,,"CO2 (공업용, 40kg)",,,,3,,3,"36,000","108,000","10,800","118,800",0,,"118,800",,,,
진성테크원,,,,,,,08/19,,"O2 (LGC, 175L) ",,,,0,,2,"70,000","140,000","14,000","154,000",0,,"154,000",,,,
진성테크원,,,,,,,08/19,,"O2 (LGC, 175L, 고압용)",,,,2,,0,"70,000",0,0,0,0,,0,,,,
,,,,,,거래처별 합계,,,,,,12,,,11,,"600,000","60,000","660,000","1,700,600",,"1,320,000",,,,
진양비지엠텍,,,,,,,,,[이월미수액],,,,,,,,,,,,"1,293,930","1,293,930",,,,
진양비지엠텍,,,,,,,08/04,,"CO2 (공업용, 40kg)",,,,5,,5,"41,000","205,000","20,500","225,500",0,,"225,500",,,,
진양비지엠텍,,,,,,,08/04,,"O2 (LGC, 175L) ",,,,1,,0,"116,500",0,0,0,0,,0,,,,
진양비지엠텍,,,,,,,08/04,,"O2 (LGC, 175L, 고압용)",,,,0,,1,"116,500","116,500","11,650","128,150",0,,"128,150",,,,
진양비지엠텍,,,,,,,08/11,,"CO2 (공업용, 40kg)",,,,2,,2,"41,000","82,000","8,200","90,200",0,,"90,200",,,,
진양비지엠텍,,,,,,,08/13,,"CO2 (공업용, 20kg)",,,,1,,1,"20,500","20,500","2,050","22,550",0,,"22,550",,,,
진양비지엠텍,,,,,,,08/13,,"CO2 (공업용, 40kg)",,,,1,,1,"41,000","41,000","4,100","45,100",0,,"45,100",,,,
진양비지엠텍,,,,,,,08/13,,"O2 (LGC, 175L) ",,,,1,,1,"116,500","116,500","11,650","128,150",0,,"128,150",,,,
진양비지엠텍,,,,,,,08/18,,"CO2 (공업용, 40kg)",,,,3,,4,"41,000","164,000","16,400","180,400",0,,"180,400",,,,
진양비지엠텍,,,,,,,08/18,,LPG (20kg),,,,1,,1,"63,000","63,000","6,300","69,300",0,,"69,300",,,,
,,,,,,거래처별 합계,,,,,,15,,,16,,"808,500","80,850","889,350",0,,"2,183,280",,,,
창신플라텍,,,,,,,08/04,,LPG (20kg),,,,2,,2,"50,000","100,000","10,000","110,000",0,,"110,000",,,,
,,,,,,거래처별 합계,,,,,,2,,,2,,"100,000","10,000","110,000",0,,"110,000",,,,
천보기계,,,,,,,,,[이월미수액],,,,,,,,,,,,"595,650","595,650",,,,
천보기계,,,,,,,08/04,,"CO2 (공업용, 40kg)",,,,2,,3,"36,000","108,000","10,800","118,800",0,,"118,800",,,,
천보기계,,,,,,,08/04,,"O2 (공업용, 40L)",,,,8,,10,"20,000","200,000","20,000","220,000",0,,"220,000",,,,
천보기계,,,,,,,08/04,,"O2 (LGC, 175L, 고압용)",,,,1,,1,"85,000","85,000","8,500","93,500",0,,"93,500",,,,
천보기계,,,,,,,08/10,,"CO2 (공업용, 40kg)",,,,4,,3,"36,000","108,000","10,800","118,800",0,,"118,800",,,,
천보기계,,,,,,,08/14,,"CO2 (공업용, 40kg)",,,,2,,2,"36,000","72,000","7,200","79,200",0,,"79,200",,,,
천보기계,,,,,,,08/14,,"O2 (공업용, 40L)",,,,2,,2,"20,000","40,000","4,000","44,000",0,,"44,000",,,,
,,,,,,거래처별 합계,,,,,,19,,,21,,"613,000","61,300","674,300",0,,"1,269,950",,,,
칠성가스,,,,,,,,,[이월미수액],,,,,,,,,,,,"2,204,600","2,204,600",,,,
칠성가스,,,,,,,08/10,,입금 (가스매출),,,,0,,0,0,0,0,0,"2,184,600",,"-2,184,600",7월 거래분,,,
,,,,,,거래처별 합계,,,,,,0,,,0,,0,0,0,"2,184,600",,"20,000",,,,
케이디피주식회사(구.한국다이아몬드),,,,,,,,,[이월미수액],,,,,,,,,,,,"34,533,510","34,533,510",,,,
케이디피주식회사(구.한국다이아몬드),,,,,,,08/10,,Ar (일반),,,,10,,10,"12,800","128,000","12,800","140,800",0,,"140,800",,,,
케이디피주식회사(구.한국다이아몬드),,,,,,,08/10,,Mix (O2 2% + Ar Bal),,,,9,,9,"12,800","115,200","11,520","126,720",0,,"126,720",,,,
케이디피주식회사(구.한국다이아몬드),,,,,,,08/11,,Ar (일반),,,,10,,10,"12,800","128,000","12,800","140,800",0,,"140,800",,,,
케이디피주식회사(구.한국다이아몬드),,,,,,,08/11,,"Ar (kg, Bulk)",,,,0,,"3,740",600,"2,244,000","224,400","2,468,400",0,,"2,468,400",,,,
케이디피주식회사(구.한국다이아몬드),,,,,,,08/11,,Mix (CO2 20% + Ar Bal),,,,2,,2,"12,800","25,600","2,560","28,160",0,,"28,160",,,,
케이디피주식회사(구.한국다이아몬드),,,,,,,08/11,,Mix (O2 2% + Ar Bal),,,,12,,12,"12,800","153,600","15,360","168,960",0,,"168,960",,,,
케이디피주식회사(구.한국다이아몬드),,,,,,,08/12,,Ar (일반),,,,8,,8,"12,800","102,400","10,240","112,640",0,,"112,640",,,,
케이디피주식회사(구.한국다이아몬드),,,,,,,08/12,,"H2 (일반, 용기)",,,,4,,4,"10,500","42,000","4,200","46,200",0,,"46,200",,,,
케이디피주식회사(구.한국다이아몬드),,,,,,,08/12,,Mix (CO2 20% + Ar Bal),,,,2,,2,"12,800","25,600","2,560","28,160",0,,"28,160",,,,
케이디피주식회사(구.한국다이아몬드),,,,,,,08/12,,Mix (O2 2% + Ar Bal),,,,13,,13,"12,800","166,400","16,640","183,040",0,,"183,040",,,,
케이디피주식회사(구.한국다이아몬드),,,,,,,08/13,,Ar (일반),,,,9,,9,"12,800","115,200","11,520","126,720",0,,"126,720",,,,
케이디피주식회사(구.한국다이아몬드),,,,,,,08/13,,Mix (O2 2% + Ar Bal),,,,10,,10,"12,800","128,000","12,800","140,800",0,,"140,800",,,,
케이디피주식회사(구.한국다이아몬드),,,,,,,08/14,,Ar (일반),,,,9,,9,"12,800","115,200","11,520","126,720",0,,"126,720",,,,
케이디피주식회사(구.한국다이아몬드),,,,,,,08/14,,"H2 (일반, 용기)",,,,2,,2,"10,500","21,000","2,100","23,100",0,,"23,100",,,,
케이디피주식회사(구.한국다이아몬드),,,,,,,08/14,,Mix (O2 2% + Ar Bal),,,,17,,17,"12,800","217,600","21,760","239,360",0,,"239,360",,,,
케이디피주식회사(구.한국다이아몬드),,,,,,,08/18,,Ar (일반),,,,6,,6,"12,800","76,800","7,680","84,480",0,,"84,480",,,,
케이디피주식회사(구.한국다이아몬드),,,,,,,08/18,,Mix (O2 2% + Ar Bal),,,,6,,8,"12,800","102,400","10,240","112,640",0,,"112,640",,,,
케이디피주식회사(구.한국다이아몬드),,,,,,,08/19,,Ar (일반),,,,7,,7,"12,800","89,600","8,960","98,560",0,,"98,560",,,,
케이디피주식회사(구.한국다이아몬드),,,,,,,08/19,,Mix (O2 2% + Ar Bal),,,,16,,16,"12,800","204,800","20,480","225,280",0,,"225,280",,,,
,,,,,,거래처별 합계,,,,,,152,,,"3,894",,"4,201,400","420,140","4,621,540",0,,"39,155,050",,,,
케이엘텍,,,,,,,,,[이월미수액],,,,,,,,,,,,"267,300","267,300",,,,
케이엘텍,,,,,,,08/11,,입금 (가스매출),,,,0,,0,0,0,0,0,"41,800",,"-41,800",6월 거래분,,,
케이엘텍,,,,,,,08/18,,Ar (일반),,,,5,,5,"19,000","95,000","9,500","104,500",0,,"104,500",,,,
,,,,,,거래처별 합계,,,,,,5,,,5,,"95,000","9,500","104,500","41,800",,"330,000",,,,
코오롱글로벌,,,,,,,,,[이월미수액],,,,,,,,,,,,"5,181,440","5,181,440",,,,
코오롱글로벌,,,,,,,08/11,,"N2 (kg, Bulk)",,,,0,,"6,319",230,"1,453,370","145,337","1,598,707",0,,"1,598,707",,,,
,,,,,,거래처별 합계,,,,,,0,,,"6,319",,"1,453,370","145,337","1,598,707",0,,"6,780,147",,,,
코웨이엔텍,,,,,,,,,[이월미수액],,,,,,,,,,,,"92,400","92,400",,,,
코웨이엔텍,,,,,,,08/05,,Ar (일반),,,,0,,2,"28,000","56,000","5,600","61,600",0,,"61,600",,,,
코웨이엔텍,,,,,,,08/05,,"CO2 (공업용, 40kg)",,,,0,,1,"36,000","36,000","3,600","39,600",0,,"39,600",,,,
,,,,,,거래처별 합계,,,,,,0,,,3,,"92,000","9,200","101,200",0,,"193,600",,,,
큐에스아이,,,,,,,,,[이월미수액],,,,,,,,,,,,"29,508,600","29,508,600",,,,
큐에스아이,,,,,,,08/03,,"H2 (일반, 용기)",,,,24,,24,"13,000","312,000","31,200","343,200",0,,"343,200",,,,
큐에스아이,,,,,,,08/04,,"H2 (일반, 용기)",,,,24,,24,"13,000","312,000","31,200","343,200",0,,"343,200",,,,
큐에스아이,,,,,,,08/05,,"H2 (일반, 용기)",,,,24,,24,"13,000","312,000","31,200","343,200",0,,"343,200",,,,
큐에스아이,,,,,,,08/06,,"H2 (일반, 용기)",,,,24,,24,"13,000","312,000","31,200","343,200",0,,"343,200",,,,
큐에스아이,,,,,,,08/07,,"H2 (일반, 용기)",,,,24,,24,"13,000","312,000","31,200","343,200",0,,"343,200",,,,
큐에스아이,,,,,,,08/11,,"H2 (일반, 용기)",,,,48,,48,"13,000","624,000","62,400","686,400",0,,"686,400",,,,
큐에스아이,,,,,,,08/12,,입금 (가스매출),,,,0,,0,0,0,0,0,"7,560,000",,"-7,560,000",5월 거래분(공급가),,,
큐에스아이,,,,,,,08/12,,"H2 (일반, 용기)",,,,48,,48,"13,000","624,000","62,400","686,400",0,,"686,400",,,,
큐에스아이,,,,,,,08/13,,"H2 (일반, 용기)",,,,24,,24,"13,000","312,000","31,200","343,200",0,,"343,200",,,,
큐에스아이,,,,,,,08/14,,입금 (가스매출),,,,0,,0,0,0,0,0,"756,000",,"-756,000",,,,
큐에스아이,,,,,,,08/14,,입금 (가스매출),,,,0,,0,0,0,0,0,"780,000",,"-780,000",,,,
큐에스아이,,,,,,,08/14,,"H2 (일반, 용기)",,,,24,,24,"13,000","312,000","31,200","343,200",0,,"343,200",,,,
,,,,,,거래처별 합계,,,,,,264,,,264,,"3,432,000","343,200","3,775,200","9,096,000",,"24,187,800",,,,
태광기업,,,,,,,,,[이월미수액],,,,,,,,,,,,"8,712,281","8,712,281",,,,
태광기업,,,,,,,08/03,,Ar (일반),,,,3,,3,"26,755","80,265","8,027","88,292",0,,"88,292",,,,
태광기업,,,,,,,08/10,,Ar (일반),,,,5,,5,"26,755","133,775","13,378","147,153",0,,"147,153",,,,
태광기업,,,,,,,08/10,,Mix (CO2 20% + Ar Bal),,,,1,,1,"25,639","25,639","2,564","28,203",0,,"28,203",,,,
태광기업,,,,,,,08/11,,"N2 (liter, Bulk)",,,,0,,"5,448",354,"1,928,592","192,859","2,121,451",0,,"2,121,451","4,401kg",,,
태광기업,,,,,,,08/12,,Ar (일반),,,,2,,2,"26,755","53,510","5,351","58,861",0,,"58,861",,,,
태광기업,,,,,,,08/14,,Ar (일반),,,,3,,3,"26,755","80,265","8,027","88,292",0,,"88,292",,,,
태광기업,,,,,,,08/14,,Mix (CO2 20% + Ar Bal),,,,1,,1,"25,639","25,639","2,564","28,203",0,,"28,203",,,,
태광기업,,,,,,,08/14,,"O2 (LGC, 175L) ",,,,1,,1,"83,608","83,608","8,361","91,969",0,,"91,969",,,,
태광기업,,,,,,,08/19,,Ar (일반),,,,4,,8,"26,755","214,040","21,404","235,444",0,,"235,444",,,,
태광기업,,,,,,,08/19,,LPG (20kg),,,,1,,0,"-52,446","-52,446","-5,245","-57,691",0,,"-57,691",반품,,,
태광기업,,,,,,,08/19,,Mix (CO2 20% + Ar Bal),,,,1,,1,"25,639","25,639","2,564","28,203",0,,"28,203",,,,
,,,,,,거래처별 합계,,,,,,22,,,"5,473",,"2,598,526","259,853","2,858,379",0,,"11,570,659",,,,
태광산업가스,,,,,,,,,[이월미수액],,,,,,,,,,,,"41,406,300","41,406,300",,,,
태광산업가스,,,,,,,08/03,,"O2 (kg, Bulk)",,,,0,,"7,243",167,"1,209,581","120,958","1,330,539",0,,"1,330,539",영신쿼츠,,,
태광산업가스,,,,,,,08/05,,"O2 (kg, Bulk)",,,,0,,"16,791",167,"2,804,097","280,410","3,084,507",0,,"3,084,507",영신쿼츠,,,
태광산업가스,,,,,,,08/06,,"CO2 (kg, Bulk)",,,,0,,"9,416",290,"2,730,640","273,064","3,003,704",0,,"3,003,704",반도-1공장,,,
태광산업가스,,,,,,,08/06,,"O2 (kg, Bulk)",,,,0,,"7,898",167,"1,318,966","131,897","1,450,863",0,,"1,450,863",영신쿼츠,,,
태광산업가스,,,,,,,08/07,,"O2 (kg, Bulk)",,,,0,,"11,776",167,"1,966,592","196,659","2,163,251",0,,"2,163,251",영신쿼츠,,,
태광산업가스,,,,,,,08/10,,"O2 (kg, Bulk)",,,,0,,"8,332",167,"1,391,444","139,144","1,530,588",0,,"1,530,588",영신쿼츠,,,
태광산업가스,,,,,,,08/12,,"O2 (kg, Bulk)",,,,0,,"11,079",167,"1,850,193","185,019","2,035,212",0,,"2,035,212",영신쿼츠,,,
태광산업가스,,,,,,,08/14,,"O2 (kg, Bulk)",,,,0,,"8,161",167,"1,362,887","136,289","1,499,176",0,,"1,499,176",영신쿼츠,,,
,,,,,,거래처별 합계,,,,,,0,,,"80,696",,"14,634,400","1,463,440","16,097,840",0,,"57,504,140",,,,
태성EPS,,,,,,,,,[이월미수액],,,,,,,,,,,,"94,851,900","94,851,900",,,,
태성EPS,,,,,,,08/01,,"CO2 (kg, Bulk)",,,,0,,"21,169",250,"5,292,250","529,225","5,821,475",0,,"5,821,475",,,,
태성EPS,,,,,,,08/02,,"CO2 (kg, Bulk)",,,,0,,"21,640",250,"5,410,000","541,000","5,951,000",0,,"5,951,000",,,,
태성EPS,,,,,,,08/03,,"CO2 (kg, Bulk)",,,,0,,"16,170",250,"4,042,500","404,250","4,446,750",0,,"4,446,750",,,,
태성EPS,,,,,,,08/04,,"CO2 (kg, Bulk)",,,,0,,"21,350",250,"5,337,500","533,750","5,871,250",0,,"5,871,250",,,,
태성EPS,,,,,,,08/05,,"CO2 (kg, Bulk)",,,,0,,"21,194",250,"5,298,500","529,850","5,828,350",0,,"5,828,350",,,,
태성EPS,,,,,,,08/07,,"CO2 (kg, Bulk)",,,,0,,"18,632",250,"4,658,000","465,800","5,123,800",0,,"5,123,800",,,,
태성EPS,,,,,,,08/09,,"CO2 (kg, Bulk)",,,,0,,"16,000",250,"4,000,000","400,000","4,400,000",0,,"4,400,000",,,,
태성EPS,,,,,,,08/11,,입금 (가스매출),,,,0,,0,0,0,0,0,"94,851,900",,"-94,851,900",7월 거래분,,,
태성EPS,,,,,,,08/11,,"CO2 (kg, Bulk)",,,,0,,"21,800",250,"5,450,000","545,000","5,995,000",0,,"5,995,000",,,,
태성EPS,,,,,,,08/12,,"CO2 (kg, Bulk)",,,,0,,"21,670",250,"5,417,500","541,750","5,959,250",0,,"5,959,250",,,,
태성EPS,,,,,,,08/13,,"CO2 (kg, Bulk)",,,,0,,"21,110",250,"5,277,500","527,750","5,805,250",0,,"5,805,250",,,,
태성EPS,,,,,,,08/13,,"CO2 (kg, Bulk)",,,,0,,"19,921",250,"4,980,250","498,025","5,478,275",0,,"5,478,275",,,,
,,,,,,거래처별 합계,,,,,,0,,,"220,656",,"55,164,000","5,516,400","60,680,400","94,851,900",,"60,680,400",,,,
태성레이저(벌크),,,,,,,,,[이월미수액],,,,,,,,,,,,"1,588,950","1,588,950",,,,
태성레이저(벌크),,,,,,,08/10,,"N2 (kg, Bulk)",,,,0,,"4,210",321,"1,351,410","135,141","1,486,551",0,,"1,486,551",,,,
,,,,,,거래처별 합계,,,,,,0,,,"4,210",,"1,351,410","135,141","1,486,551",0,,"3,075,501",,,,
태성레이저(실린더),,,,,,,,,[이월미수액],,,,,,,,,,,,"983,400","983,400",,,,
태성레이저(실린더),,,,,,,08/11,,"O2 (LGC, 175L) ",,,,2,,2,"63,500","127,000","12,700","139,700",0,,"139,700",,,,
,,,,,,거래처별 합계,,,,,,2,,,2,,"127,000","12,700","139,700",0,,"1,123,100",,,,
테크린주식회사,,,,,,,,,[이월미수액],,,,,,,,,,,,"49,531,350","49,531,350",,,,
테크린주식회사,,,,,,,08/04,,"CO2 (kg, Bulk)",,,,0,,"18,411",250,"4,602,750","460,275","5,063,025",0,,"5,063,025",,,,
테크린주식회사,,,,,,,08/11,,"CO2 (kg, Bulk)",,,,0,,"19,936",250,"4,984,000","498,400","5,482,400",0,,"5,482,400",,,,
테크린주식회사,,,,,,,08/17,,"CO2 (kg, Bulk)",,,,0,,"17,300",250,"4,325,000","432,500","4,757,500",0,,"4,757,500",,,,
,,,,,,거래처별 합계,,,,,,0,,,"55,647",,"13,911,750","1,391,175","15,302,925",0,,"64,834,275",,,,
티에스케이가스 주식회사,,,,,,,,,[이월미수액],,,,,,,,,,,,"82,089,093","82,089,093",,,,
티에스케이가스 주식회사,,,,,,,08/03,,"CO2 (kg, Bulk)",,,,0,,"10,319",270,"2,786,130","278,613","3,064,743",0,,"3,064,743",,,,
티에스케이가스 주식회사,,,,,,,08/03,,"N2 (kg, Bulk)",,,,0,,"12,004",136,"1,632,544","163,254","1,795,798",0,,"1,795,798",차대차,,,
티에스케이가스 주식회사,,,,,,,08/03,,"N2 (kg, Bulk)",,,,0,,"11,470",136,"1,559,920","155,992","1,715,912",0,,"1,715,912",,,,
티에스케이가스 주식회사,,,,,,,08/05,,"O2 (kg, Bulk)",,,,0,,"11,708",160,"1,873,280","187,328","2,060,608",0,,"2,060,608",,,,
티에스케이가스 주식회사,,,,,,,08/07,,"N2 (kg, Bulk)",,,,0,,"12,860",136,"1,748,960","174,896","1,923,856",0,,"1,923,856",,,,
티에스케이가스 주식회사,,,,,,,08/07,,"O2 (kg, Bulk)",,,,0,,"4,065",160,"650,400","65,040","715,440",0,,"715,440",,,,
티에스케이가스 주식회사,,,,,,,08/10,,"CO2 (kg, Bulk)",,,,0,,"8,631",270,"2,330,370","233,037","2,563,407",0,,"2,563,407",,,,
티에스케이가스 주식회사,,,,,,,08/10,,"N2 (kg, Bulk)",,,,0,,"11,970",136,"1,627,920","162,792","1,790,712",0,,"1,790,712",,,,
티에스케이가스 주식회사,,,,,,,08/11,,"N2 (kg, Bulk)",,,,0,,"12,090",136,"1,644,240","164,424","1,808,664",0,,"1,808,664",,,,
티에스케이가스 주식회사,,,,,,,08/12,,"N2 (kg, Bulk)",,,,0,,"8,582",136,"1,167,152","116,715","1,283,867",0,,"1,283,867",차대차,,,
티에스케이가스 주식회사,,,,,,,08/12,,"O2 (kg, Bulk)",,,,0,,"8,318",160,"1,330,880","133,088","1,463,968",0,,"1,463,968",,,,
티에스케이가스 주식회사,,,,,,,08/13,,"CO2 (kg, Bulk)",,,,0,,"10,074",270,"2,719,980","271,998","2,991,978",0,,"2,991,978",,,,
티에스케이가스 주식회사,,,,,,,08/13,,"N2 (kg, Bulk)",,,,0,,"12,960",136,"1,762,560","176,256","1,938,816",0,,"1,938,816",,,,
티에스케이가스 주식회사,,,,,,,08/14,,"N2 (kg, Bulk)",,,,0,,"10,266",136,"1,396,176","139,618","1,535,794",0,,"1,535,794",차대차,,,
티에스케이가스 주식회사,,,,,,,08/14,,"O2 (kg, Bulk)",,,,0,,"7,198",160,"1,151,680","115,168","1,266,848",0,,"1,266,848",,,,
티에스케이가스 주식회사,,,,,,,08/17,,"N2 (kg, Bulk)",,,,0,,"12,960",136,"1,762,560","176,256","1,938,816",0,,"1,938,816",차대차,,,
티에스케이가스 주식회사,,,,,,,08/19,,"N2 (kg, Bulk)",,,,0,,"11,007",136,"1,496,952","149,695","1,646,647",0,,"1,646,647",차대차,,,
,,,,,,거래처별 합계,,,,,,0,,,"176,482",,"28,641,704","2,864,170","31,505,874",0,,"113,594,967",,,,
포엠주식회사,,,,,,,,,[이월미수액],,,,,,,,,,,,"16,269,067","16,269,067",,,,
포엠주식회사,,,,,,,08/03,,"CO2 (공업용, 20kg)",,,,1,,1,"18,000","18,000","1,800","19,800",0,,"19,800",,,,
포엠주식회사,,,,,,,08/03,,"O2 (LGC, 175L, 고압용)",,,,0,,1,"57,500","57,500","5,750","63,250",0,,"63,250",,,,
포엠주식회사,,,,,,,08/11,,입금 (가스매출),,,,0,,0,0,0,0,0,"3,290,222",,"-3,290,222",카드결재 5월 거래분,,,
포엠주식회사,,,,,,,08/11,,입금 (가스매출),,,,0,,0,0,0,0,0,"6,721,044",,"-6,721,044",카드결재 6월 거래분,,,
포엠주식회사,,,,,,,08/11,,"N2 (kg, Bulk)",,,,0,,"4,000",280,"1,120,000","112,000","1,232,000",0,,"1,232,000",,,,
포엠주식회사,,,,,,,08/13,,"O2 (LGC, 175L, 고압용)",,,,0,,2,"57,500","115,000","11,500","126,500",0,,"126,500",,,,
포엠주식회사,,,,,,,08/14,,Ar (일반),,,,2,,2,"26,450","52,900","5,290","58,190",0,,"58,190",,,,
포엠주식회사,,,,,,,08/14,,"CO2 (공업용, 20kg)",,,,1,,1,"18,000","18,000","1,800","19,800",0,,"19,800",,,,
포엠주식회사,,,,,,,08/14,,"O2 (LGC, 175L, 고압용)",,,,3,,1,"57,500","57,500","5,750","63,250",0,,"63,250",,,,
포엠주식회사,,,,,,,08/19,,"CO2 (공업용, 20kg)",,,,1,,1,"18,000","18,000","1,800","19,800",0,,"19,800",,,,
포엠주식회사,,,,,,,08/19,,"O2 (공업용, 40L)",,,,1,,1,"10,000","10,000","1,000","11,000",0,,"11,000",,,,
포엠주식회사,,,,,,,08/19,,"O2 (LGC, 175L, 고압용)",,,,1,,1,"57,500","57,500","5,750","63,250",0,,"63,250",,,,
,,,,,,거래처별 합계,,,,,,10,,,"4,011",,"1,524,400","152,440","1,676,840","10,011,266",,"7,934,641",,,,
피에스지(코스본주식회사) ,,,,,,,,,[이월미수액],,,,,,,,,,,,"365,904","365,904",,,,
피에스지(코스본주식회사) ,,,,,,,08/07,,"N2 (UHP, 99.999%)",,,,1,,1,"83,160","83,160","8,316","91,476",0,,"91,476",,,,
피에스지(코스본주식회사) ,,,,,,,08/19,,Air (UHP),,,,1,,2,"83,160","166,320","16,632","182,952",0,,"182,952",,,,
,,,,,,거래처별 합계,,,,,,2,,,3,,"249,480","24,948","274,428",0,,"640,332",,,,
피케이지,,,,,,,,,[이월미수액],,,,,,,,,,,,"225,500","225,500",,,,
,,,,,,거래처별 합계,,,,,,0,,,0,,0,0,0,0,,"225,500",,,,
하이레이저 ,,,,,,,,,[이월미수액],,,,,,,,,,,,"3,379,992","3,379,992",,,,
하이레이저 ,,,,,,,08/11,,Ar (일반),,,,7,,7,"17,710","123,970","12,397","136,367",0,,"136,367",,,,
하이레이저 ,,,,,,,08/11,,"O2 (LGC, 175L) ",,,,1,,0,"63,800",0,0,0,0,,0,,,,
하이레이저 ,,,,,,,08/11,,"O2 (LGC, 175L, 고압용)",,,,0,,1,"63,800","63,800","6,380","70,180",0,,"70,180",,,,
하이레이저 ,,,,,,,08/14,,"N2 (kg, Bulk)",,,,0,,"3,550",321,"1,139,550","113,955","1,253,505",0,,"1,253,505",,,,
,,,,,,거래처별 합계,,,,,,8,,,"3,558",,"1,327,320","132,732","1,460,052",0,,"4,840,044",,,,
하이레이저(안성),,,,,,,,,[이월미수액],,,,,,,,,,,,"1,368,087","1,368,087",,,,
하이레이저(안성),,,,,,,08/04,,"N2 (kg, Bulk)",,,,0,,"3,660",325,"1,189,500","118,950","1,308,450",0,,"1,308,450",,,,
,,,,,,거래처별 합계,,,,,,0,,,"3,660",,"1,189,500","118,950","1,308,450",0,,"2,676,537",,,,
한국가스코,,,,,,,,,[이월미수액],,,,,,,,,,,,"13,758,470","13,758,470",,,,
한국가스코,,,,,,,08/11,,"CO2 (kg, Bulk)",,,,0,,"16,960",290,"4,918,400","491,840","5,410,240",0,,"5,410,240",,,,
한국가스코,,,,,,,08/11,,"CO2 (kg, Bulk)",,,,0,,"4,857",300,"1,457,100","145,710","1,602,810",0,,"1,602,810",헤스본,,,
,,,,,,거래처별 합계,,,,,,0,,,"21,817",,"6,375,500","637,550","7,013,050",0,,"20,771,520",,,,
한국메티슨특수가스,,,,,,,,,[이월미수액],,,,,,,,,,,,"2,938,144","2,938,144",,,,
한국메티슨특수가스,,,,,,,08/05,,"Ar (kg, Bulk)",,,,0,,"3,551",720,"2,556,720","255,672","2,812,392",0,,"2,812,392",,,,
한국메티슨특수가스,,,,,,,08/07,,Air (UHP),,,,10,,10,"80,000","800,000","80,000","880,000",0,,"880,000",,,,
,,,,,,거래처별 합계,,,,,,10,,,"3,561",,"3,356,720","335,672","3,692,392",0,,"6,630,536",,,,
한국생산기술연구원,,,,,,,,,[이월미수액],,,,,,,,,,,,"-49,830","-49,830",,,,
한국생산기술연구원,,,,,,,08/18,,입금 (가스매출),,,,0,,0,0,0,0,0,"775,170",,"-775,170",7/10 권기훈,,,
,,,,,,거래처별 합계,,,,,,0,,,0,,0,0,0,"775,170",,"-825,000",,,,
한국스페셜가스,,,,,,,,,[이월미수액],,,,,,,,,,,,"14,834,160","14,834,160",,,,
한국스페셜가스,,,,,,,08/06,,"CO2 (kg, Bulk)",,,,0,,"18,880",240,"4,531,200","453,120","4,984,320",0,,"4,984,320",3589,,,
한국스페셜가스,,,,,,,08/13,,"CO2 (kg, Bulk)",,,,0,,"13,560",240,"3,254,400","325,440","3,579,840",0,,"3,579,840",3589,,,
,,,,,,거래처별 합계,,,,,,0,,,"32,440",,"7,785,600","778,560","8,564,160",0,,"23,398,320",,,,
한국콜드체인,,,,,,,,,[이월미수액],,,,,,,,,,,,"29,739,325","29,739,325",,,,
한국콜드체인,,,,,,,08/09,,"CO2 (kg, Bulk)",,,,0,,"17,100",250,"4,275,000","427,500","4,702,500",0,,"4,702,500",,,,
한국콜드체인,,,,,,,08/16,,"CO2 (kg, Bulk)",,,,0,,"15,000",250,"3,750,000","375,000","4,125,000",0,,"4,125,000",,,,
,,,,,,거래처별 합계,,,,,,0,,,"32,100",,"8,025,000","802,500","8,827,500",0,,"38,566,825",,,,
한국탄산,,,,,,,,,[이월미수액],,,,,,,,,,,,"126,577,440","126,577,440",,,,
한국탄산,,,,,,,08/03,,"CO2 (kg, Bulk)",,,,0,,"19,470",240,"4,672,800","467,280","5,140,080",0,,"5,140,080",2379,,,
한국탄산,,,,,,,08/03,,"CO2 (kg, Bulk)",,,,0,,"19,270",240,"4,624,800","462,480","5,087,280",0,,"5,087,280",2379,,,
한국탄산,,,,,,,08/04,,"CO2 (kg, Bulk)",,,,0,,"19,430",240,"4,663,200","466,320","5,129,520",0,,"5,129,520",2379,,,
한국탄산,,,,,,,08/05,,"CO2 (kg, Bulk)",,,,0,,"19,020",240,"4,564,800","456,480","5,021,280",0,,"5,021,280",8685,,,
한국탄산,,,,,,,08/05,,"CO2 (kg, Bulk)",,,,0,,"19,320",240,"4,636,800","463,680","5,100,480",0,,"5,100,480",2379,,,
한국탄산,,,,,,,08/06,,"CO2 (kg, Bulk)",,,,0,,"19,340",240,"4,641,600","464,160","5,105,760",0,,"5,105,760",2379,,,
한국탄산,,,,,,,08/07,,"CO2 (kg, Bulk)",,,,0,,"19,370",240,"4,648,800","464,880","5,113,680",0,,"5,113,680",2379,,,
한국탄산,,,,,,,08/07,,"CO2 (kg, Bulk)",,,,0,,"18,980",240,"4,555,200","455,520","5,010,720",0,,"5,010,720",8685,,,
한국탄산,,,,,,,08/09,,"CO2 (kg, Bulk)",,,,0,,"19,080",240,"4,579,200","457,920","5,037,120",0,,"5,037,120",8685,,,
한국탄산,,,,,,,08/10,,"CO2 (kg, Bulk)",,,,0,,"19,000",240,"4,560,000","456,000","5,016,000",0,,"5,016,000",8685,,,
한국탄산,,,,,,,08/11,,"CO2 (kg, Bulk)",,,,0,,"19,260",240,"4,622,400","462,240","5,084,640",0,,"5,084,640",2379,,,
한국탄산,,,,,,,08/11,,"CO2 (kg, Bulk)",,,,0,,"19,150",240,"4,596,000","459,600","5,055,600",0,,"5,055,600",8685,,,
한국탄산,,,,,,,08/12,,"CO2 (kg, Bulk)",,,,0,,"19,360",240,"4,646,400","464,640","5,111,040",0,,"5,111,040",2379,,,
한국탄산,,,,,,,08/12,,"CO2 (kg, Bulk)",,,,0,,"19,000",240,"4,560,000","456,000","5,016,000",0,,"5,016,000",8685,,,
한국탄산,,,,,,,08/13,,"CO2 (kg, Bulk)",,,,0,,"19,280",240,"4,627,200","462,720","5,089,920",0,,"5,089,920",2379,,,
한국탄산,,,,,,,08/13,,"CO2 (kg, Bulk)",,,,0,,"18,490",240,"4,437,600","443,760","4,881,360",0,,"4,881,360",8685,,,
한국탄산,,,,,,,08/14,,"CO2 (kg, Bulk)",,,,0,,"19,300",240,"4,632,000","463,200","5,095,200",0,,"5,095,200",2379,,,
한국탄산,,,,,,,08/14,,"CO2 (kg, Bulk)",,,,0,,"19,090",240,"4,581,600","458,160","5,039,760",0,,"5,039,760",8685,,,
한국탄산,,,,,,,08/16,,"CO2 (kg, Bulk)",,,,0,,"19,080",240,"4,579,200","457,920","5,037,120",0,,"5,037,120",8685,,,
한국탄산,,,,,,,08/17,,"CO2 (kg, Bulk)",,,,0,,"19,330",240,"4,639,200","463,920","5,103,120",0,,"5,103,120",2379,,,
한국탄산,,,,,,,08/18,,"CO2 (kg, Bulk)",,,,0,,"19,020",240,"4,564,800","456,480","5,021,280",0,,"5,021,280",8685,,,
한국탄산,,,,,,,08/18,,"CO2 (kg, Bulk)",,,,0,,"19,530",240,"4,687,200","468,720","5,155,920",0,,"5,155,920",2379,,,
,,,,,,거래처별 합계,,,,,,0,,,"422,170",,"101,320,800","10,132,080","111,452,880",0,,"238,030,320",,,,
한국특수가스,,,,,,,,,[이월미수액],,,,,,,,,,,,"27,139,200","27,139,200",,,,
한국특수가스,,,,,,,08/11,,입금 (가스매출),,,,0,,0,0,0,0,0,"5,161,200",,"-5,161,200",5월 거래분,,,
,,,,,,거래처별 합계,,,,,,0,,,0,,0,0,0,"5,161,200",,"21,978,000",,,,
한성중기,,,,,,,,,[이월미수액],,,,,,,,,,,,"121,550","121,550",,,,
한성중기,,,,,,,08/12,,Ar (일반),,,,3,,3,"32,500","97,500","9,750","107,250",0,,"107,250",,,,
한성중기,,,,,,,08/18,,Ar (일반),,,,4,,4,"32,500","130,000","13,000","143,000",0,,"143,000",,,,
,,,,,,거래처별 합계,,,,,,7,,,7,,"227,500","22,750","250,250",0,,"371,800",,,,
한성플랜,,,,,,,,,[이월미수액],,,,,,,,,,,,"4,218,060","4,218,060",,,,
한성플랜,,,,,,,08/03,,입금 (가스매출),,,,0,,0,0,0,0,0,"752,840",,"-752,840",4월 거래분,,,
한성플랜,,,,,,,08/04,,Ar (일반),,,,3,,3,"21,600","64,800","6,480","71,280",0,,"71,280",,,,
한성플랜,,,,,,,08/04,,"N2 (LGC, 175L, 고압용)",,,,2,,2,"65,000","130,000","13,000","143,000",0,,"143,000",,,,
한성플랜,,,,,,,08/04,,"O2 (LGC, 175L) ",,,,1,,0,"78,000",0,0,0,0,,0,,,,
한성플랜,,,,,,,08/04,,"O2 (LGC, 175L, 고압용)",,,,0,,1,"78,000","78,000","7,800","85,800",0,,"85,800",,,,
한성플랜,,,,,,,08/11,,Ar (일반),,,,2,,2,"21,600","43,200","4,320","47,520",0,,"47,520",,,,
한성플랜,,,,,,,08/11,,"N2 (LGC, 175L, 고압용)",,,,1,,1,"65,000","65,000","6,500","71,500",0,,"71,500",,,,
한성플랜,,,,,,,08/11,,"O2 (LGC, 175L, 고압용)",,,,1,,1,"78,000","78,000","7,800","85,800",0,,"85,800",,,,
한성플랜,,,,,,,08/18,,Ar (일반),,,,1,,1,"21,600","21,600","2,160","23,760",0,,"23,760",,,,
한성플랜,,,,,,,08/18,,"N2 (LGC, 175L, 고압용)",,,,2,,2,"65,000","130,000","13,000","143,000",0,,"143,000",,,,
,,,,,,거래처별 합계,,,,,,13,,,13,,"610,600","61,060","671,660","752,840",,"4,136,880",,,,
한양종합가스,,,,,,,,,[이월미수액],,,,,,,,,,,,"1,780,240","1,780,240",,,,
,,,,,,거래처별 합계,,,,,,0,,,0,,0,0,0,0,,"1,780,240",,,,
한울티엘,,,,,,,,,[이월미수액],,,,,,,,,,,,"47,181,475","47,181,475",,,,
한울티엘,,,,,,,08/01,,"CO2 (kg, Bulk)",,,,0,,"19,915",250,"4,978,750","497,875","5,476,625",0,,"5,476,625",,,,
한울티엘,,,,,,,08/02,,"CO2 (kg, Bulk)",,,,0,,"21,663",250,"5,415,750","541,575","5,957,325",0,,"5,957,325",,,,
한울티엘,,,,,,,08/02,,"CO2 (kg, Bulk)",,,,0,,"21,018",250,"5,254,500","525,450","5,779,950",0,,"5,779,950",,,,
한울티엘,,,,,,,08/03,,입금 (가스매출),,,,0,,0,0,0,0,0,"47,181,475",,"-47,181,475",,,,
한울티엘,,,,,,,08/03,,"CO2 (kg, Bulk)",,,,0,,"21,670",250,"5,417,500","541,750","5,959,250",0,,"5,959,250",,,,
한울티엘,,,,,,,08/03,,"CO2 (kg, Bulk)",,,,0,,"21,053",250,"5,263,250","526,325","5,789,575",0,,"5,789,575",,,,
한울티엘,,,,,,,08/04,,"CO2 (kg, Bulk)",,,,0,,"21,620",250,"5,405,000","540,500","5,945,500",0,,"5,945,500",,,,
한울티엘,,,,,,,08/05,,"CO2 (kg, Bulk)",,,,0,,"18,880",250,"4,720,000","472,000","5,192,000",0,,"5,192,000",,,,
한울티엘,,,,,,,08/06,,"CO2 (kg, Bulk)",,,,0,,"19,803",250,"4,950,750","495,075","5,445,825",0,,"5,445,825",,,,
한울티엘,,,,,,,08/08,,"CO2 (kg, Bulk)",,,,0,,"21,001",250,"5,250,250","525,025","5,775,275",0,,"5,775,275",,,,
한울티엘,,,,,,,08/09,,"CO2 (kg, Bulk)",,,,0,,"19,892",250,"4,973,000","497,300","5,470,300",0,,"5,470,300",,,,
한울티엘,,,,,,,08/10,,"CO2 (kg, Bulk)",,,,0,,"21,750",250,"5,437,500","543,750","5,981,250",0,,"5,981,250",,,,
한울티엘,,,,,,,08/16,,"CO2 (kg, Bulk)",,,,0,,"20,766",250,"5,191,500","519,150","5,710,650",0,,"5,710,650",,,,
한울티엘,,,,,,,08/17,,"CO2 (kg, Bulk)",,,,0,,"21,580",250,"5,395,000","539,500","5,934,500",0,,"5,934,500",,,,
한울티엘,,,,,,,08/18,,입금 (가스매출),,,,0,,0,0,0,0,0,"62,772,875",,"-62,772,875",,,,
,,,,,,거래처별 합계,,,,,,0,,,"270,611",,"67,652,750","6,765,275","74,418,025","109,954,350",,"11,645,150",,,,
현대연구소(남양),,,,,,,,,[이월미수액],,,,,,,,,,,,"115,902","115,902",,,,
현대연구소(남양),,,,,,,08/03,,"N2 (kg, Bulk)",,,,0,,"2,110",180,"379,800","37,980","417,780",0,,"417,780",신뢰성,,,
현대연구소(남양),,,,,,,08/18,,"N2 (kg, Bulk)",,,,0,,"1,740",180,"313,200","31,320","344,520",0,,"344,520",,,,
,,,,,,거래처별 합계,,,,,,0,,,"3,850",,"693,000","69,300","762,300",0,,"878,202",,,,
현대연구소(마북),,,,,,,,,[이월미수액],,,,,,,,,,,,"-2,793,560","-2,793,560",,,,
현대연구소(마북),,,,,,,08/11,,"N2 (kg, Bulk)",,,,0,,"2,571",240,"617,040","61,704","678,744",0,,"678,744",,,,
,,,,,,거래처별 합계,,,,,,0,,,"2,571",,"617,040","61,704","678,744",0,,"-2,114,816",,,,
현동산업,,,,,,,,,[이월미수액],,,,,,,,,,,,"101,200","101,200",,,,
현동산업,,,,,,,08/05,,입금 (가스매출),,,,0,,0,0,0,0,0,"101,200",,"-101,200",7월 거래분,,,
,,,,,,거래처별 합계,,,,,,0,,,0,,0,0,0,"101,200",,0,,,,
화성앰코테크놀로지,,,,,,,08/06,,"Ar (UHP, 47L, 99.999%)",,,,25,,30,0,0,0,0,0,,0,,,,
화성앰코테크놀로지,,,,,,,08/06,,"CO2 (UHP, 20kg, 99.995%)",,,,14,,20,0,0,0,0,0,,0,,,,
화성앰코테크놀로지,,,,,,,08/06,,"He (UHP, 47L, 99.999%)",,,,1,,0,0,0,0,0,0,,0,,,,
화성앰코테크놀로지,,,,,,,08/06,,NH3 (UHP),,,,0,,1,0,0,0,0,0,,0,,,,
화성앰코테크놀로지,,,,,,,08/06,,"O2 (UHP, 47L, 99.999%)",,,,10,,30,0,0,0,0,0,,0,,,,
화성앰코테크놀로지,,,,,,,08/13,,"Ar (UHP, 47L, 99.999%)",,,,45,,20,0,0,0,0,0,,0,,,,
화성앰코테크놀로지,,,,,,,08/13,,"CO2 (UHP, 20kg, 99.995%)",,,,16,,16,0,0,0,0,0,,0,,,,
화성앰코테크놀로지,,,,,,,08/13,,"O2 (UHP, 47L, 99.999%)",,,,30,,20,0,0,0,0,0,,0,,,,
,,,,,,거래처별 합계,,,,,,141,,,137,,0,0,0,0,,0,,,,
,,,,,,총합계,,,,,,"2,487",,,"4,803,792",,"1,194,595,769","119,459,577","1,314,055,346","1,034,476,477",,"3,691,832,951",,,,
2026-08-19 오후 8:44:37,,,,,,,,,,,,,,,,,,,,,,,,,,
,,,,,,,,,,,,,,,,,,,,,,,,,,
,,,,,,,,,,,,,,,,,,,,,,,,,,
,,,,,,,,,,,,,,,,,,,,,,,,,,
,,,,,,,,,,,,,,,,,,,,,,,,,,